student,method,school,pretest,posttest
1,flipped,Ash,50,44
2,lecture,Birch,64,61
3,flipped,Maple,74,68
4,flipped,Cedar,79,76
5,active,Maple,69,79
6,active,Birch,58,62
7,lecture,Maple,52,55
8,flipped,Maple,71,59
9,flipped,Maple,64,72
10,active,Birch,70,73
11,active,Cedar,66,70
12,active,Cedar,60,72
13,active,Maple,46,55
14,lecture,Cedar,48,59
15,flipped,Cedar,62,65
16,active,Ash,55,72
17,active,Maple,63,61
18,active,Birch,68,76
19,lecture,Ash,71,62
20,active,Birch,49,58
21,lecture,Birch,62,59
22,flipped,Cedar,66,66
23,lecture,Maple,83,74
24,active,Birch,62,71
25,flipped,Ash,43,59
26,flipped,Birch,50,64
27,flipped,Maple,79,85
28,active,Cedar,51,55
29,active,Ash,68,71
30,active,Cedar,60,55
31,active,Maple,56,60
32,lecture,Ash,56,48
33,active,Cedar,74,76
34,lecture,Maple,53,58
35,active,Cedar,85,81
36,lecture,Birch,50,58
37,flipped,Birch,70,71
38,flipped,Ash,70,66
39,active,Cedar,59,52
40,lecture,Cedar,51,55
41,lecture,Cedar,77,77
42,flipped,Ash,65,61
43,flipped,Ash,54,66
44,active,Birch,74,65
45,flipped,Birch,56,63
46,lecture,Ash,67,68
47,active,Maple,53,53
48,active,Ash,81,85
49,flipped,Cedar,57,69
50,flipped,Birch,85,96
51,flipped,Birch,63,64
52,lecture,Birch,59,61
53,active,Cedar,49,48
54,flipped,Birch,69,66
55,lecture,Birch,68,70
56,lecture,Maple,72,73
57,lecture,Cedar,67,45
58,flipped,Maple,64,51
59,lecture,Maple,45,68
60,lecture,Cedar,62,70
61,flipped,Birch,72,72
62,lecture,Cedar,81,79
63,lecture,Birch,73,64
64,active,Cedar,70,76
65,lecture,Cedar,63,53
66,active,Birch,61,58
67,lecture,Birch,36,50
68,flipped,Ash,73,69
69,active,Ash,71,85
70,flipped,Ash,68,58
71,active,Maple,62,63
72,lecture,Birch,73,62
73,active,Cedar,68,80
74,lecture,Cedar,59,64
75,lecture,Cedar,61,72
76,active,Ash,64,57
77,active,Ash,64,68
78,lecture,Ash,46,49
79,flipped,Ash,67,64
80,active,Ash,60,73
81,flipped,Maple,74,68
82,active,Ash,87,87
83,lecture,Ash,41,54
84,lecture,Ash,75,81
85,flipped,Ash,60,48
86,lecture,Cedar,57,56
87,flipped,Cedar,57,56
88,active,Maple,67,69
89,flipped,Cedar,69,71
90,flipped,Maple,90,82
91,active,Ash,59,72
92,lecture,Ash,56,67
93,flipped,Maple,46,45
94,flipped,Birch,56,61
95,lecture,Cedar,66,76
96,active,Birch,43,41
97,flipped,Ash,54,46
98,flipped,Birch,63,56
99,lecture,Cedar,54,57
100,lecture,Maple,75,61
101,active,Cedar,64,62
102,lecture,Cedar,65,69
103,active,Cedar,59,62
104,active,Cedar,56,59
105,lecture,Ash,79,82
106,lecture,Birch,61,51
107,flipped,Ash,50,53
108,flipped,Maple,62,71
109,lecture,Cedar,69,62
110,lecture,Birch,78,83
111,lecture,Maple,78,60
112,lecture,Birch,74,78
113,active,Cedar,70,67
114,flipped,Ash,64,67
115,active,Cedar,57,73
116,lecture,Birch,82,84
117,flipped,Maple,63,62
118,flipped,Cedar,73,73
119,flipped,Birch,75,73
120,active,Cedar,52,51
121,flipped,Birch,70,80
122,lecture,Ash,58,45
123,flipped,Ash,51,55
124,lecture,Cedar,56,65
125,flipped,Ash,67,62
126,active,Ash,80,81
127,active,Maple,69,69
128,flipped,Ash,72,70
129,active,Birch,63,68
130,flipped,Ash,62,70
131,flipped,Birch,54,72
132,active,Birch,54,52
133,lecture,Cedar,60,64
134,active,Birch,63,75
135,active,Maple,43,50
136,active,Birch,56,72
137,flipped,Birch,53,33
138,flipped,Cedar,79,84
139,lecture,Ash,62,62
140,lecture,Ash,76,70
141,flipped,Cedar,67,66
142,flipped,Cedar,54,67
143,flipped,Maple,73,69
144,active,Ash,41,43
145,active,Birch,70,61
146,lecture,Ash,67,61
147,lecture,Cedar,77,70
148,lecture,Maple,79,67
149,lecture,Cedar,50,58
150,active,Cedar,52,55
