participant,week,distance_km,mode
1,1,6.9,walk
1,2,6.9,bus
1,3,6.9,bus
1,4,6.9,bus
1,5,6.9,bus
1,6,6.9,car
1,7,6.9,car
1,8,6.9,car
1,9,6.9,car
1,10,6.9,walk
2,1,3.3,bus
2,2,3.3,bus
2,3,3.3,bus
2,4,3.3,bus
2,5,3.3,bus
2,6,3.3,bus
2,7,3.3,bus
2,8,3.3,bus
2,9,3.3,bus
2,10,3.3,bus
3,1,8.9,car
3,2,8.9,bus
3,3,8.9,bus
3,4,8.9,bus
3,5,8.9,bus
3,6,8.9,bus
3,7,8.9,bus
3,8,8.9,bus
3,9,8.9,car
3,10,8.9,car
4,1,6.4,bus
4,2,6.4,bus
4,3,6.4,bus
4,4,6.4,bus
4,5,6.4,bus
4,6,6.4,bus
4,7,6.4,bus
4,8,6.4,bus
4,9,6.4,bus
4,10,6.4,bus
5,1,3.8,bike
5,2,3.8,bike
5,3,3.8,bike
5,4,3.8,walk
5,5,3.8,bus
5,6,3.8,bike
5,7,3.8,bike
5,8,3.8,bike
5,9,3.8,bike
5,10,3.8,bike
6,1,6.8,walk
6,2,6.8,car
6,3,6.8,car
6,4,6.8,car
6,5,6.8,car
6,6,6.8,car
6,7,6.8,bus
6,8,6.8,bus
6,9,6.8,bus
6,10,6.8,bus
7,1,3.1,car
7,2,3.1,car
7,3,3.1,car
7,4,3.1,car
7,5,3.1,car
7,6,3.1,car
7,7,3.1,car
7,8,3.1,walk
7,9,3.1,walk
7,10,3.1,bus
8,1,3.5,walk
8,2,3.5,bus
8,3,3.5,car
8,4,3.5,bus
8,5,3.5,bus
8,6,3.5,bus
8,7,3.5,bus
8,8,3.5,bus
8,9,3.5,bus
8,10,3.5,bus
9,1,2.2,bike
9,2,2.2,bike
9,3,2.2,bus
9,4,2.2,bus
9,5,2.2,bus
9,6,2.2,bus
9,7,2.2,bus
9,8,2.2,bus
9,9,2.2,bus
9,10,2.2,bus
10,1,11.2,bus
10,2,11.2,bus
10,3,11.2,bus
10,4,11.2,bus
10,5,11.2,bus
10,6,11.2,bus
10,7,11.2,bus
10,8,11.2,bus
10,9,11.2,bus
10,10,11.2,bus
11,1,8.4,bus
11,2,8.4,bus
11,3,8.4,car
11,4,8.4,car
11,5,8.4,car
11,6,8.4,car
11,7,8.4,car
11,8,8.4,car
11,9,8.4,car
11,10,8.4,car
12,1,4.5,car
12,2,4.5,car
12,3,4.5,bus
12,4,4.5,bus
12,5,4.5,bus
12,6,4.5,bus
12,7,4.5,bus
12,8,4.5,bus
12,9,4.5,bus
12,10,4.5,bus
13,1,7.3,walk
13,2,7.3,walk
13,3,7.3,bike
13,4,7.3,bus
13,5,7.3,bus
13,6,7.3,bike
13,7,7.3,car
13,8,7.3,bus
13,9,7.3,bus
13,10,7.3,bus
14,1,9.5,car
14,2,9.5,car
14,3,9.5,car
14,4,9.5,car
14,5,9.5,bus
14,6,9.5,bus
14,7,9.5,bus
14,8,9.5,bus
14,9,9.5,bus
14,10,9.5,bus
15,1,18.1,car
15,2,18.1,car
15,3,18.1,car
15,4,18.1,car
15,5,18.1,bike
15,6,18.1,bus
15,7,18.1,bus
15,8,18.1,car
15,9,18.1,car
15,10,18.1,car
16,1,11.8,bus
16,2,11.8,bus
16,3,11.8,bus
16,4,11.8,bus
16,5,11.8,car
16,6,11.8,car
16,7,11.8,car
16,8,11.8,car
16,9,11.8,car
16,10,11.8,car
17,1,4.6,car
17,2,4.6,car
17,3,4.6,bike
17,4,4.6,bike
17,5,4.6,car
17,6,4.6,car
17,7,4.6,car
17,8,4.6,car
17,9,4.6,car
17,10,4.6,car
18,1,8.5,bus
18,2,8.5,bus
18,3,8.5,bus
18,4,8.5,bus
18,5,8.5,bus
18,6,8.5,bus
18,7,8.5,bus
18,8,8.5,bus
18,9,8.5,bus
18,10,8.5,bus
19,1,2.4,car
19,2,2.4,car
19,3,2.4,car
19,4,2.4,car
19,5,2.4,car
19,6,2.4,car
19,7,2.4,car
19,8,2.4,car
19,9,2.4,car
19,10,2.4,bus
20,1,0.8,walk
20,2,0.8,walk
20,3,0.8,walk
20,4,0.8,walk
20,5,0.8,walk
20,6,0.8,walk
20,7,0.8,bus
20,8,0.8,bus
20,9,0.8,walk
20,10,0.8,walk
21,1,4.2,car
21,2,4.2,car
21,3,4.2,bus
21,4,4.2,car
21,5,4.2,car
21,6,4.2,car
21,7,4.2,car
21,8,4.2,car
21,9,4.2,bike
21,10,4.2,bike
22,1,3.6,car
22,2,3.6,car
22,3,3.6,walk
22,4,3.6,walk
22,5,3.6,walk
22,6,3.6,car
22,7,3.6,car
22,8,3.6,car
22,9,3.6,walk
22,10,3.6,walk
23,1,2.4,bus
23,2,2.4,bus
23,3,2.4,bus
23,4,2.4,bus
23,5,2.4,bus
23,6,2.4,bus
23,7,2.4,bus
23,8,2.4,walk
23,9,2.4,bus
23,10,2.4,bus
24,1,5.2,bus
24,2,5.2,bus
24,3,5.2,bus
24,4,5.2,bus
24,5,5.2,bus
24,6,5.2,bus
24,7,5.2,bike
24,8,5.2,bike
24,9,5.2,bike
24,10,5.2,bike
25,1,3.0,car
25,2,3.0,car
25,3,3.0,bus
25,4,3.0,car
25,5,3.0,bus
25,6,3.0,bus
25,7,3.0,bike
25,8,3.0,bus
25,9,3.0,bus
25,10,3.0,car
26,1,4.2,bus
26,2,4.2,bus
26,3,4.2,bus
26,4,4.2,car
26,5,4.2,car
26,6,4.2,car
26,7,4.2,car
26,8,4.2,car
26,9,4.2,car
26,10,4.2,car
27,1,2.8,walk
27,2,2.8,bus
27,3,2.8,bus
27,4,2.8,bus
27,5,2.8,bus
27,6,2.8,bus
27,7,2.8,bus
27,8,2.8,bus
27,9,2.8,bus
27,10,2.8,bus
28,1,6.3,bike
28,2,6.3,bus
28,3,6.3,bus
28,4,6.3,bus
28,5,6.3,car
28,6,6.3,bus
28,7,6.3,bus
28,8,6.3,bus
28,9,6.3,bus
28,10,6.3,bus
29,1,2.8,car
29,2,2.8,bus
29,3,2.8,bike
29,4,2.8,car
29,5,2.8,bike
29,6,2.8,bike
29,7,2.8,bike
29,8,2.8,bike
29,9,2.8,bike
29,10,2.8,bike
30,1,5.6,bike
30,2,5.6,bike
30,3,5.6,bike
30,4,5.6,bus
30,5,5.6,bus
30,6,5.6,bus
30,7,5.6,bike
30,8,5.6,bike
30,9,5.6,bike
30,10,5.6,bus
31,1,8.9,car
31,2,8.9,car
31,3,8.9,car
31,4,8.9,car
31,5,8.9,car
31,6,8.9,car
31,7,8.9,car
31,8,8.9,bus
31,9,8.9,car
31,10,8.9,car
32,1,3.7,bike
32,2,3.7,car
32,3,3.7,bus
32,4,3.7,bus
32,5,3.7,bus
32,6,3.7,bus
32,7,3.7,bus
32,8,3.7,car
32,9,3.7,bus
32,10,3.7,bus
33,1,6.7,bus
33,2,6.7,bus
33,3,6.7,bus
33,4,6.7,bus
33,5,6.7,bus
33,6,6.7,bus
33,7,6.7,bus
33,8,6.7,bus
33,9,6.7,bus
33,10,6.7,bus
34,1,1.0,walk
34,2,1.0,walk
34,3,1.0,walk
34,4,1.0,walk
34,5,1.0,bus
34,6,1.0,bike
34,7,1.0,bike
34,8,1.0,bike
34,9,1.0,bike
34,10,1.0,bike
35,1,5.4,bus
35,2,5.4,bus
35,3,5.4,bus
35,4,5.4,bus
35,5,5.4,bus
35,6,5.4,bus
35,7,5.4,bus
35,8,5.4,bus
35,9,5.4,walk
35,10,5.4,bike
36,1,2.5,bus
36,2,2.5,bus
36,3,2.5,bus
36,4,2.5,walk
36,5,2.5,walk
36,6,2.5,bus
36,7,2.5,bus
36,8,2.5,bus
36,9,2.5,walk
36,10,2.5,walk
37,1,12.7,car
37,2,12.7,car
37,3,12.7,car
37,4,12.7,car
37,5,12.7,car
37,6,12.7,bus
37,7,12.7,bus
37,8,12.7,bus
37,9,12.7,car
37,10,12.7,car
38,1,9.9,bus
38,2,9.9,bus
38,3,9.9,bus
38,4,9.9,bus
38,5,9.9,bus
38,6,9.9,car
38,7,9.9,car
38,8,9.9,car
38,9,9.9,car
38,10,9.9,car
39,1,10.2,bike
39,2,10.2,bike
39,3,10.2,bike
39,4,10.2,bike
39,5,10.2,bike
39,6,10.2,car
39,7,10.2,car
39,8,10.2,car
39,9,10.2,car
39,10,10.2,car
40,1,1.7,bike
40,2,1.7,bike
40,3,1.7,bike
40,4,1.7,bike
40,5,1.7,bike
40,6,1.7,walk
40,7,1.7,bike
40,8,1.7,bus
40,9,1.7,bike
40,10,1.7,bike
41,1,6.5,bus
41,2,6.5,bike
41,3,6.5,bike
41,4,6.5,bike
41,5,6.5,bike
41,6,6.5,bike
41,7,6.5,bike
41,8,6.5,bike
41,9,6.5,bus
41,10,6.5,bus
42,1,8.6,car
42,2,8.6,bike
42,3,8.6,bike
42,4,8.6,car
42,5,8.6,car
42,6,8.6,car
42,7,8.6,car
42,8,8.6,car
42,9,8.6,car
42,10,8.6,car
43,1,5.3,car
43,2,5.3,car
43,3,5.3,car
43,4,5.3,car
43,5,5.3,bus
43,6,5.3,bus
43,7,5.3,bus
43,8,5.3,bike
43,9,5.3,bike
43,10,5.3,bike
44,1,13.5,bus
44,2,13.5,bus
44,3,13.5,bus
44,4,13.5,bus
44,5,13.5,bus
44,6,13.5,bus
44,7,13.5,bus
44,8,13.5,bus
44,9,13.5,bus
44,10,13.5,bus
45,1,4.2,bus
45,2,4.2,bus
45,3,4.2,bus
45,4,4.2,bus
45,5,4.2,bus
45,6,4.2,bus
45,7,4.2,bus
45,8,4.2,bike
45,9,4.2,bike
45,10,4.2,bike
46,1,7.3,bus
46,2,7.3,bus
46,3,7.3,bus
46,4,7.3,car
46,5,7.3,car
46,6,7.3,car
46,7,7.3,car
46,8,7.3,bus
46,9,7.3,bus
46,10,7.3,bus
47,1,2.9,car
47,2,2.9,car
47,3,2.9,bike
47,4,2.9,bus
47,5,2.9,bus
47,6,2.9,bus
47,7,2.9,bus
47,8,2.9,bus
47,9,2.9,car
47,10,2.9,car
48,1,2.6,car
48,2,2.6,bus
48,3,2.6,bus
48,4,2.6,bus
48,5,2.6,bus
48,6,2.6,bus
48,7,2.6,bus
48,8,2.6,bus
48,9,2.6,car
48,10,2.6,car
49,1,6.5,bike
49,2,6.5,bike
49,3,6.5,bike
49,4,6.5,car
49,5,6.5,car
49,6,6.5,bike
49,7,6.5,bike
49,8,6.5,bike
49,9,6.5,bike
49,10,6.5,bike
50,1,5.5,bus
50,2,5.5,bus
50,3,5.5,bus
50,4,5.5,bus
50,5,5.5,bus
50,6,5.5,bus
50,7,5.5,bus
50,8,5.5,car
50,9,5.5,car
50,10,5.5,car
51,1,2.7,bike
51,2,2.7,walk
51,3,2.7,walk
51,4,2.7,car
51,5,2.7,car
51,6,2.7,car
51,7,2.7,bike
51,8,2.7,bike
51,9,2.7,bus
51,10,2.7,bike
52,1,5.3,car
52,2,5.3,car
52,3,5.3,car
52,4,5.3,car
52,5,5.3,car
52,6,5.3,car
52,7,5.3,car
52,8,5.3,bus
52,9,5.3,bus
52,10,5.3,bus
53,1,5.6,car
53,2,5.6,car
53,3,5.6,car
53,4,5.6,car
53,5,5.6,car
53,6,5.6,car
53,7,5.6,bike
53,8,5.6,bike
53,9,5.6,car
53,10,5.6,car
54,1,5.9,car
54,2,5.9,bus
54,3,5.9,car
54,4,5.9,car
54,5,5.9,car
54,6,5.9,car
54,7,5.9,car
54,8,5.9,car
54,9,5.9,car
54,10,5.9,car
55,1,2.6,bus
55,2,2.6,bus
55,3,2.6,bus
55,4,2.6,bus
55,5,2.6,bus
55,6,2.6,walk
55,7,2.6,car
55,8,2.6,bus
55,9,2.6,car
55,10,2.6,bus
56,1,8.6,bus
56,2,8.6,bus
56,3,8.6,bus
56,4,8.6,bus
56,5,8.6,bus
56,6,8.6,bus
56,7,8.6,bus
56,8,8.6,bus
56,9,8.6,bus
56,10,8.6,bus
57,1,4.6,bus
57,2,4.6,bus
57,3,4.6,bus
57,4,4.6,bus
57,5,4.6,bike
57,6,4.6,bike
57,7,4.6,bike
57,8,4.6,bike
57,9,4.6,bike
57,10,4.6,bike
58,1,3.7,car
58,2,3.7,car
58,3,3.7,bus
58,4,3.7,bus
58,5,3.7,bus
58,6,3.7,bus
58,7,3.7,bus
58,8,3.7,bus
58,9,3.7,car
58,10,3.7,car
59,1,1.8,bike
59,2,1.8,bus
59,3,1.8,bus
59,4,1.8,bus
59,5,1.8,bus
59,6,1.8,bus
59,7,1.8,bus
59,8,1.8,bus
59,9,1.8,bus
59,10,1.8,bike
60,1,10.7,bus
60,2,10.7,bus
60,3,10.7,bus
60,4,10.7,bus
60,5,10.7,bus
60,6,10.7,bus
60,7,10.7,bike
60,8,10.7,car
60,9,10.7,car
60,10,10.7,bus
61,1,1.1,walk
61,2,1.1,walk
61,3,1.1,walk
61,4,1.1,walk
61,5,1.1,walk
61,6,1.1,walk
61,7,1.1,walk
61,8,1.1,walk
61,9,1.1,walk
61,10,1.1,walk
62,1,3.9,bike
62,2,3.9,car
62,3,3.9,car
62,4,3.9,bike
62,5,3.9,bike
62,6,3.9,bike
62,7,3.9,bus
62,8,3.9,bike
62,9,3.9,bike
62,10,3.9,bike
63,1,12.2,bus
63,2,12.2,bus
63,3,12.2,bus
63,4,12.2,bus
63,5,12.2,bus
63,6,12.2,car
63,7,12.2,bus
63,8,12.2,car
63,9,12.2,car
63,10,12.2,bus
64,1,3.2,bus
64,2,3.2,bus
64,3,3.2,bus
64,4,3.2,bike
64,5,3.2,bus
64,6,3.2,bus
64,7,3.2,bus
64,8,3.2,bus
64,9,3.2,bus
64,10,3.2,car
65,1,5.5,bus
65,2,5.5,bus
65,3,5.5,bus
65,4,5.5,car
65,5,5.5,bike
65,6,5.5,bike
65,7,5.5,car
65,8,5.5,car
65,9,5.5,car
65,10,5.5,car
66,1,3.2,bike
66,2,3.2,bike
66,3,3.2,car
66,4,3.2,car
66,5,3.2,car
66,6,3.2,car
66,7,3.2,bike
66,8,3.2,bike
66,9,3.2,car
66,10,3.2,bike
67,1,4.0,car
67,2,4.0,car
67,3,4.0,car
67,4,4.0,car
67,5,4.0,bus
67,6,4.0,bus
67,7,4.0,walk
67,8,4.0,car
67,9,4.0,bus
67,10,4.0,bus
68,1,3.8,bus
68,2,3.8,walk
68,3,3.8,bus
68,4,3.8,bike
68,5,3.8,bus
68,6,3.8,car
68,7,3.8,car
68,8,3.8,car
68,9,3.8,car
68,10,3.8,car
69,1,11.0,car
69,2,11.0,car
69,3,11.0,car
69,4,11.0,car
69,5,11.0,car
69,6,11.0,car
69,7,11.0,car
69,8,11.0,car
69,9,11.0,car
69,10,11.0,car
70,1,2.7,bus
70,2,2.7,bus
70,3,2.7,bike
70,4,2.7,bus
70,5,2.7,bus
70,6,2.7,bus
70,7,2.7,bus
70,8,2.7,bus
70,9,2.7,bus
70,10,2.7,bus
71,1,5.9,bus
71,2,5.9,bus
71,3,5.9,bus
71,4,5.9,bus
71,5,5.9,bus
71,6,5.9,bus
71,7,5.9,bus
71,8,5.9,bus
71,9,5.9,bus
71,10,5.9,bus
72,1,5.0,bus
72,2,5.0,bus
72,3,5.0,bus
72,4,5.0,bus
72,5,5.0,bus
72,6,5.0,bus
72,7,5.0,bus
72,8,5.0,bus
72,9,5.0,bus
72,10,5.0,bus
73,1,3.4,bus
73,2,3.4,bike
73,3,3.4,bus
73,4,3.4,bus
73,5,3.4,bus
73,6,3.4,bus
73,7,3.4,bus
73,8,3.4,car
73,9,3.4,bike
73,10,3.4,bus
74,1,6.0,bus
74,2,6.0,bus
74,3,6.0,car
74,4,6.0,car
74,5,6.0,bus
74,6,6.0,bus
74,7,6.0,bus
74,8,6.0,bus
74,9,6.0,car
74,10,6.0,bus
75,1,12.2,car
75,2,12.2,car
75,3,12.2,car
75,4,12.2,car
75,5,12.2,car
75,6,12.2,car
75,7,12.2,car
75,8,12.2,car
75,9,12.2,car
75,10,12.2,car
76,1,1.1,walk
76,2,1.1,walk
76,3,1.1,bike
76,4,1.1,bike
76,5,1.1,car
76,6,1.1,car
76,7,1.1,car
76,8,1.1,car
76,9,1.1,car
76,10,1.1,car
77,1,3.6,car
77,2,3.6,walk
77,3,3.6,bike
77,4,3.6,walk
77,5,3.6,walk
77,6,3.6,walk
77,7,3.6,walk
77,8,3.6,car
77,9,3.6,car
77,10,3.6,car
78,1,7.0,car
78,2,7.0,car
78,3,7.0,car
78,4,7.0,car
78,5,7.0,car
78,6,7.0,car
78,7,7.0,car
78,8,7.0,bike
78,9,7.0,bike
78,10,7.0,bike
79,1,12.3,bus
79,2,12.3,bus
79,3,12.3,bus
79,4,12.3,bus
79,5,12.3,bus
79,6,12.3,car
79,7,12.3,bus
79,8,12.3,bus
79,9,12.3,bus
79,10,12.3,bus
80,1,3.1,bike
80,2,3.1,bike
80,3,3.1,bus
80,4,3.1,bus
80,5,3.1,bus
80,6,3.1,bus
80,7,3.1,bike
80,8,3.1,car
80,9,3.1,car
80,10,3.1,bus
81,1,7.3,car
81,2,7.3,car
81,3,7.3,car
81,4,7.3,bike
81,5,7.3,bike
81,6,7.3,bike
81,7,7.3,bike
81,8,7.3,bike
81,9,7.3,bike
81,10,7.3,bike
82,1,13.1,bus
82,2,13.1,bike
82,3,13.1,car
82,4,13.1,car
82,5,13.1,car
82,6,13.1,car
82,7,13.1,car
82,8,13.1,car
82,9,13.1,car
82,10,13.1,car
83,1,10.0,bus
83,2,10.0,bus
83,3,10.0,bus
83,4,10.0,bus
83,5,10.0,bus
83,6,10.0,bus
83,7,10.0,bus
83,8,10.0,bike
83,9,10.0,bus
83,10,10.0,bus
84,1,15.8,bus
84,2,15.8,bus
84,3,15.8,bus
84,4,15.8,car
84,5,15.8,car
84,6,15.8,car
84,7,15.8,car
84,8,15.8,bus
84,9,15.8,bus
84,10,15.8,bike
85,1,2.7,bus
85,2,2.7,car
85,3,2.7,car
85,4,2.7,car
85,5,2.7,car
85,6,2.7,bus
85,7,2.7,walk
85,8,2.7,bike
85,9,2.7,bus
85,10,2.7,bus
86,1,12.0,car
86,2,12.0,car
86,3,12.0,car
86,4,12.0,car
86,5,12.0,bus
86,6,12.0,bus
86,7,12.0,car
86,8,12.0,car
86,9,12.0,car
86,10,12.0,car
87,1,3.0,bike
87,2,3.0,bike
87,3,3.0,bike
87,4,3.0,bike
87,5,3.0,bike
87,6,3.0,bike
87,7,3.0,bike
87,8,3.0,bike
87,9,3.0,car
87,10,3.0,car
88,1,10.0,bus
88,2,10.0,car
88,3,10.0,car
88,4,10.0,car
88,5,10.0,car
88,6,10.0,bus
88,7,10.0,bus
88,8,10.0,bus
88,9,10.0,bus
88,10,10.0,bus
89,1,4.2,bus
89,2,4.2,bus
89,3,4.2,bus
89,4,4.2,bus
89,5,4.2,bus
89,6,4.2,bus
89,7,4.2,bus
89,8,4.2,bus
89,9,4.2,bus
89,10,4.2,bus
90,1,3.1,bus
90,2,3.1,bus
90,3,3.1,bus
90,4,3.1,bus
90,5,3.1,car
90,6,3.1,car
90,7,3.1,car
90,8,3.1,bike
90,9,3.1,bike
90,10,3.1,bike
91,1,5.3,bus
91,2,5.3,bus
91,3,5.3,bus
91,4,5.3,bus
91,5,5.3,bus
91,6,5.3,car
91,7,5.3,bus
91,8,5.3,bus
91,9,5.3,bus
91,10,5.3,bus
92,1,6.1,bike
92,2,6.1,bike
92,3,6.1,bike
92,4,6.1,bike
92,5,6.1,bike
92,6,6.1,bike
92,7,6.1,bus
92,8,6.1,bike
92,9,6.1,walk
92,10,6.1,bike
93,1,3.1,walk
93,2,3.1,walk
93,3,3.1,bus
93,4,3.1,bus
93,5,3.1,bus
93,6,3.1,bus
93,7,3.1,bike
93,8,3.1,bike
93,9,3.1,bike
93,10,3.1,bike
94,1,4.7,bus
94,2,4.7,bus
94,3,4.7,bus
94,4,4.7,bus
94,5,4.7,bus
94,6,4.7,bus
94,7,4.7,car
94,8,4.7,car
94,9,4.7,car
94,10,4.7,car
95,1,3.2,car
95,2,3.2,car
95,3,3.2,car
95,4,3.2,car
95,5,3.2,bus
95,6,3.2,bus
95,7,3.2,bus
95,8,3.2,bus
95,9,3.2,bus
95,10,3.2,bus
96,1,3.6,car
96,2,3.6,car
96,3,3.6,car
96,4,3.6,bus
96,5,3.6,bus
96,6,3.6,bus
96,7,3.6,bike
96,8,3.6,bike
96,9,3.6,bike
96,10,3.6,bike
97,1,10.7,car
97,2,10.7,car
97,3,10.7,car
97,4,10.7,bus
97,5,10.7,car
97,6,10.7,car
97,7,10.7,car
97,8,10.7,bus
97,9,10.7,bus
97,10,10.7,bus
98,1,5.2,car
98,2,5.2,bike
98,3,5.2,bus
98,4,5.2,bus
98,5,5.2,bus
98,6,5.2,bus
98,7,5.2,bus
98,8,5.2,bus
98,9,5.2,bus
98,10,5.2,bus
99,1,2.9,bike
99,2,2.9,bike
99,3,2.9,bike
99,4,2.9,bus
99,5,2.9,bus
99,6,2.9,bus
99,7,2.9,bus
99,8,2.9,bus
99,9,2.9,bike
99,10,2.9,bike
100,1,2.0,car
100,2,2.0,car
100,3,2.0,car
100,4,2.0,car
100,5,2.0,car
100,6,2.0,bus
100,7,2.0,car
100,8,2.0,car
100,9,2.0,car
100,10,2.0,car
101,1,4.1,car
101,2,4.1,car
101,3,4.1,bus
101,4,4.1,bus
101,5,4.1,bus
101,6,4.1,bus
101,7,4.1,car
101,8,4.1,car
101,9,4.1,bus
101,10,4.1,car
102,1,4.4,bus
102,2,4.4,walk
102,3,4.4,walk
102,4,4.4,bike
102,5,4.4,bike
102,6,4.4,bike
102,7,4.4,bike
102,8,4.4,bike
102,9,4.4,bike
102,10,4.4,bike
103,1,2.1,car
103,2,2.1,bike
103,3,2.1,bike
103,4,2.1,bike
103,5,2.1,bike
103,6,2.1,bus
103,7,2.1,bus
103,8,2.1,bus
103,9,2.1,bus
103,10,2.1,bus
104,1,7.7,bus
104,2,7.7,bus
104,3,7.7,bus
104,4,7.7,bus
104,5,7.7,bus
104,6,7.7,bus
104,7,7.7,car
104,8,7.7,car
104,9,7.7,car
104,10,7.7,car
105,1,6.7,car
105,2,6.7,car
105,3,6.7,car
105,4,6.7,car
105,5,6.7,bus
105,6,6.7,bus
105,7,6.7,bus
105,8,6.7,bus
105,9,6.7,bus
105,10,6.7,bus
106,1,6.1,car
106,2,6.1,car
106,3,6.1,bus
106,4,6.1,bus
106,5,6.1,car
106,6,6.1,car
106,7,6.1,car
106,8,6.1,bus
106,9,6.1,bus
106,10,6.1,bus
107,1,1.0,bike
107,2,1.0,walk
107,3,1.0,walk
107,4,1.0,walk
107,5,1.0,car
107,6,1.0,car
107,7,1.0,car
107,8,1.0,car
107,9,1.0,walk
107,10,1.0,walk
108,1,5.6,walk
108,2,5.6,bus
108,3,5.6,bus
108,4,5.6,car
108,5,5.6,car
108,6,5.6,car
108,7,5.6,car
108,8,5.6,car
108,9,5.6,car
108,10,5.6,car
109,1,2.7,bus
109,2,2.7,bus
109,3,2.7,bus
109,4,2.7,bus
109,5,2.7,bus
109,6,2.7,car
109,7,2.7,bike
109,8,2.7,walk
109,9,2.7,walk
109,10,2.7,car
110,1,2.8,bike
110,2,2.8,bike
110,3,2.8,bike
110,4,2.8,bike
110,5,2.8,bus
110,6,2.8,bus
110,7,2.8,bus
110,8,2.8,bus
110,9,2.8,bus
110,10,2.8,bus
111,1,10.4,car
111,2,10.4,car
111,3,10.4,car
111,4,10.4,bus
111,5,10.4,bus
111,6,10.4,bus
111,7,10.4,bus
111,8,10.4,bus
111,9,10.4,bus
111,10,10.4,bus
112,1,2.8,car
112,2,2.8,walk
112,3,2.8,bus
112,4,2.8,car
112,5,2.8,car
112,6,2.8,bus
112,7,2.8,bus
112,8,2.8,bus
112,9,2.8,car
112,10,2.8,bus
113,1,12.3,car
113,2,12.3,bus
113,3,12.3,car
113,4,12.3,car
113,5,12.3,car
113,6,12.3,car
113,7,12.3,car
113,8,12.3,car
113,9,12.3,car
113,10,12.3,bus
114,1,9.0,car
114,2,9.0,bus
114,3,9.0,bus
114,4,9.0,bus
114,5,9.0,car
114,6,9.0,bus
114,7,9.0,bike
114,8,9.0,bike
114,9,9.0,bike
114,10,9.0,bike
115,1,8.2,bus
115,2,8.2,bus
115,3,8.2,bus
115,4,8.2,bus
115,5,8.2,bus
115,6,8.2,car
115,7,8.2,bus
115,8,8.2,bus
115,9,8.2,car
115,10,8.2,bus
116,1,0.9,walk
116,2,0.9,walk
116,3,0.9,walk
116,4,0.9,walk
116,5,0.9,walk
116,6,0.9,walk
116,7,0.9,walk
116,8,0.9,bus
116,9,0.9,bus
116,10,0.9,walk
117,1,6.0,bus
117,2,6.0,bus
117,3,6.0,bus
117,4,6.0,bus
117,5,6.0,bus
117,6,6.0,bus
117,7,6.0,bus
117,8,6.0,bus
117,9,6.0,bus
117,10,6.0,bus
118,1,1.8,car
118,2,1.8,bus
118,3,1.8,bus
118,4,1.8,bus
118,5,1.8,car
118,6,1.8,car
118,7,1.8,car
118,8,1.8,car
118,9,1.8,car
118,10,1.8,bike
119,1,4.6,bus
119,2,4.6,bus
119,3,4.6,bus
119,4,4.6,bus
119,5,4.6,bus
119,6,4.6,bus
119,7,4.6,bus
119,8,4.6,bus
119,9,4.6,bus
119,10,4.6,bus
120,1,2.4,walk
120,2,2.4,walk
120,3,2.4,bus
120,4,2.4,bus
120,5,2.4,bike
120,6,2.4,bus
120,7,2.4,bus
120,8,2.4,bus
120,9,2.4,bus
120,10,2.4,bus
