participant,day,work_hours,wellbeing,conscientiousness
1,1,5.7,4.74,3.4
1,2,7.0,3.06,3.4
1,3,7.4,4.11,3.4
1,4,6.2,3.34,3.4
1,5,6.7,3.82,3.4
1,6,5.5,4.69,3.4
1,7,8.3,2.3,3.4
1,8,5.3,4.73,3.4
1,9,8.9,2.8,3.4
1,10,4.4,4.25,3.4
1,11,5.7,5.24,3.4
1,12,6.4,4.92,3.4
1,13,5.9,5.37,3.4
1,14,3.1,5.01,3.4
2,1,8.4,4.1,2.23
2,2,7.3,3.93,2.23
2,3,8.5,1.31,2.23
2,4,7.6,4.33,2.23
2,5,6.1,3.96,2.23
2,6,8.1,2.34,2.23
2,7,9.6,3.3,2.23
2,8,7.7,2.86,2.23
2,9,7.3,2.75,2.23
2,10,6.5,3.99,2.23
2,11,8.3,3.93,2.23
2,12,8.5,4.18,2.23
2,13,7.9,3.25,2.23
2,14,8.6,3.4,2.23
3,1,0.6,3.68,3.73
3,2,4.9,1.83,3.73
3,3,4.1,1.13,3.73
3,4,4.4,2.58,3.73
3,5,3.6,2.88,3.73
3,6,4.4,2.2,3.73
3,7,2.9,2.76,3.73
3,8,5.3,1.11,3.73
3,9,5.1,2.17,3.73
3,10,5.5,2.97,3.73
3,11,2.6,2.02,3.73
3,12,4.5,1.79,3.73
3,13,3.2,2.12,3.73
3,14,3.2,2.12,3.73
4,1,9.0,3.63,3.94
4,2,5.5,6.01,3.94
4,3,7.1,4.35,3.94
4,4,6.6,5.15,3.94
4,5,8.5,4.23,3.94
4,6,8.9,3.81,3.94
4,7,6.5,3.82,3.94
4,8,4.9,6.16,3.94
4,9,7.8,5.93,3.94
4,10,7.0,3.81,3.94
4,11,8.2,5.56,3.94
4,12,7.7,3.08,3.94
4,13,7.3,5.59,3.94
4,14,6.3,4.93,3.94
5,1,8.3,2.52,4.26
5,2,4.9,2.59,4.26
5,3,2.8,3.74,4.26
5,4,5.6,2.56,4.26
5,5,7.0,2.63,4.26
5,6,3.9,3.18,4.26
5,7,6.5,2.34,4.26
5,8,2.5,4.69,4.26
5,9,7.0,3.59,4.26
5,10,3.8,3.55,4.26
5,11,6.2,2.87,4.26
5,12,6.1,2.83,4.26
5,13,6.6,2.71,4.26
5,14,6.9,3.04,4.26
6,1,4.6,2.22,4.02
6,2,2.2,3.92,4.02
6,3,4.5,3.87,4.02
6,4,5.4,4.07,4.02
6,5,3.7,4.72,4.02
6,6,5.7,3.1,4.02
6,7,3.3,3.99,4.02
6,8,4.2,4.32,4.02
6,9,4.4,4.06,4.02
6,10,2.1,5.42,4.02
6,11,3.5,3.13,4.02
6,12,3.0,4.53,4.02
6,13,4.2,4.17,4.02
6,14,5.0,4.11,4.02
7,1,7.3,2.62,2.78
7,2,7.4,4.34,2.78
7,3,7.4,2.98,2.78
7,4,3.7,5.42,2.78
7,5,5.4,3.9,2.78
7,6,7.0,5.35,2.78
7,7,5.6,4.95,2.78
7,8,4.6,5.28,2.78
7,9,5.2,3.44,2.78
7,10,6.0,3.86,2.78
7,11,6.8,3.47,2.78
7,12,6.1,3.11,2.78
7,13,5.4,4.87,2.78
7,14,7.3,4.56,2.78
8,1,7.4,3.37,1.75
8,2,6.7,3.55,1.75
8,3,6.6,3.21,1.75
8,4,6.2,2.37,1.75
8,5,5.1,3.05,1.75
8,6,5.2,3.79,1.75
8,7,6.6,3.57,1.75
8,8,6.3,4.06,1.75
8,9,4.9,2.46,1.75
8,10,7.2,3.2,1.75
8,11,5.7,3.61,1.75
8,12,7.5,3.95,1.75
8,13,6.8,4.43,1.75
8,14,6.9,2.09,1.75
9,1,4.8,3.31,2.25
9,2,6.1,2.48,2.25
9,3,7.6,3.54,2.25
9,4,4.2,1.9,2.25
9,5,5.8,4.0,2.25
9,6,6.6,2.47,2.25
9,7,4.5,2.89,2.25
9,8,6.2,3.4,2.25
9,9,4.5,3.26,2.25
9,10,5.8,2.59,2.25
9,11,5.5,3.18,2.25
9,12,7.3,4.14,2.25
9,13,6.6,2.87,2.25
9,14,5.1,2.2,2.25
10,1,5.1,2.22,4.85
10,2,6.9,2.92,4.85
10,3,6.0,2.31,4.85
10,4,6.3,2.0,4.85
10,5,6.0,2.69,4.85
10,6,5.1,3.52,4.85
10,7,6.6,3.0,4.85
10,8,5.8,2.54,4.85
10,9,3.9,3.48,4.85
10,10,6.3,4.06,4.85
10,11,5.4,2.09,4.85
10,12,6.6,1.92,4.85
10,13,5.9,2.88,4.85
10,14,4.4,3.95,4.85
11,1,8.4,4.27,2.99
11,2,7.3,3.41,2.99
11,3,7.9,3.56,2.99
11,4,4.6,5.26,2.99
11,5,5.5,3.29,2.99
11,6,7.6,4.51,2.99
11,7,9.3,3.88,2.99
11,8,8.1,3.58,2.99
11,9,9.2,4.58,2.99
11,10,6.6,3.23,2.99
11,11,8.1,3.54,2.99
11,12,5.8,4.82,2.99
11,13,6.1,4.31,2.99
11,14,7.0,2.98,2.99
12,1,9.0,4.54,3.52
12,2,9.1,2.28,3.52
12,3,6.5,3.51,3.52
12,4,8.5,3.02,3.52
12,5,5.3,4.66,3.52
12,6,6.1,3.33,3.52
12,7,7.6,2.16,3.52
12,8,7.2,3.12,3.52
12,9,6.9,4.3,3.52
12,10,7.8,3.14,3.52
12,11,6.1,3.96,3.52
12,12,6.4,4.05,3.52
12,13,8.6,3.13,3.52
12,14,5.9,3.72,3.52
13,1,8.6,4.11,1.82
13,2,7.2,3.35,1.82
13,3,8.0,3.45,1.82
13,4,10.2,3.96,1.82
13,5,9.2,4.32,1.82
13,6,8.5,3.37,1.82
13,7,7.9,3.81,1.82
13,8,10.1,3.9,1.82
13,9,9.1,3.46,1.82
13,10,8.2,3.93,1.82
13,11,7.1,5.22,1.82
13,12,6.9,5.44,1.82
13,13,8.6,2.41,1.82
13,14,7.8,3.92,1.82
14,1,7.0,4.7,3.93
14,2,6.2,6.1,3.93
14,3,8.5,4.21,3.93
14,4,7.8,4.37,3.93
14,5,5.1,4.9,3.93
14,6,5.6,4.19,3.93
14,7,7.9,4.39,3.93
14,8,6.9,4.98,3.93
14,9,5.6,4.52,3.93
14,10,7.2,4.28,3.93
14,11,9.0,3.82,3.93
14,12,7.0,3.54,3.93
14,13,7.0,4.34,3.93
14,14,9.1,2.59,3.93
15,1,6.2,4.09,3.2
15,2,2.5,3.89,3.2
15,3,3.6,4.91,3.2
15,4,5.6,2.07,3.2
15,5,5.4,2.63,3.2
15,6,4.4,3.88,3.2
15,7,7.0,2.36,3.2
15,8,4.1,4.39,3.2
15,9,5.8,2.68,3.2
15,10,5.9,1.52,3.2
15,11,2.7,4.77,3.2
15,12,5.4,2.96,3.2
15,13,5.3,3.2,3.2
15,14,3.3,3.59,3.2
16,1,2.1,5.13,2.38
16,2,6.0,4.6,2.38
16,3,3.4,3.66,2.38
16,4,5.7,3.4,2.38
16,5,5.3,2.88,2.38
16,6,6.2,3.36,2.38
16,7,3.2,4.67,2.38
16,8,5.2,4.14,2.38
16,9,7.8,4.39,2.38
16,10,8.2,4.26,2.38
16,11,3.8,4.88,2.38
16,12,4.8,4.62,2.38
16,13,3.9,3.53,2.38
16,14,5.1,4.48,2.38
17,1,3.8,2.08,3.8
17,2,5.7,2.67,3.8
17,3,6.9,3.3,3.8
17,4,6.7,1.0,3.8
17,5,3.9,3.36,3.8
17,6,5.6,3.7,3.8
17,7,6.9,2.82,3.8
17,8,6.3,3.28,3.8
17,9,5.6,2.64,3.8
17,10,5.1,2.92,3.8
17,11,4.9,4.12,3.8
17,12,6.1,2.52,3.8
17,13,7.7,2.35,3.8
17,14,8.2,2.32,3.8
18,1,9.5,3.65,3.35
18,2,8.9,4.54,3.35
18,3,8.6,5.67,3.35
18,4,9.3,4.24,3.35
18,5,9.8,5.13,3.35
18,6,9.0,4.72,3.35
18,7,8.6,4.58,3.35
18,8,7.4,5.18,3.35
18,9,8.2,4.73,3.35
18,10,9.3,4.28,3.35
18,11,8.0,4.65,3.35
18,12,8.2,4.12,3.35
18,13,8.7,5.37,3.35
18,14,6.3,5.11,3.35
19,1,5.7,2.88,1.25
19,2,5.6,4.02,1.25
19,3,5.0,2.76,1.25
19,4,3.8,3.75,1.25
19,5,5.8,3.99,1.25
19,6,4.1,2.82,1.25
19,7,5.8,3.37,1.25
19,8,2.9,2.56,1.25
19,9,6.5,1.45,1.25
19,10,5.8,3.17,1.25
19,11,4.9,3.2,1.25
19,12,4.7,3.42,1.25
19,13,4.7,2.31,1.25
19,14,6.0,3.09,1.25
20,1,9.8,2.73,3.54
20,2,6.7,5.08,3.54
20,3,9.2,3.82,3.54
20,4,6.8,5.74,3.54
20,5,8.8,4.12,3.54
20,6,7.2,4.67,3.54
20,7,7.0,5.01,3.54
20,8,6.3,5.21,3.54
20,9,8.8,3.77,3.54
20,10,6.3,5.35,3.54
20,11,8.6,4.18,3.54
20,12,8.1,4.54,3.54
20,13,6.0,4.28,3.54
20,14,7.9,4.24,3.54
21,1,5.6,4.15,3.19
21,2,5.6,4.04,3.19
21,3,5.2,3.97,3.19
21,4,6.0,3.57,3.19
21,5,3.8,4.9,3.19
21,6,5.7,3.88,3.19
21,7,5.1,4.5,3.19
21,8,4.5,4.44,3.19
21,9,5.0,3.58,3.19
21,10,5.1,3.5,3.19
21,11,3.4,3.98,3.19
21,12,3.7,4.31,3.19
21,13,5.9,2.8,3.19
21,14,3.8,2.81,3.19
22,1,6.2,3.54,2.02
22,2,7.4,2.23,2.02
22,3,7.5,3.37,2.02
22,4,8.8,3.66,2.02
22,5,5.7,3.25,2.02
22,6,5.1,3.31,2.02
22,7,7.9,3.86,2.02
22,8,5.4,2.46,2.02
22,9,7.7,3.56,2.02
22,10,5.0,3.43,2.02
22,11,5.9,3.72,2.02
22,12,7.9,3.01,2.02
22,13,5.3,2.64,2.02
22,14,6.9,3.51,2.02
23,1,4.5,2.46,2.68
23,2,6.6,1.85,2.68
23,3,6.7,4.01,2.68
23,4,4.4,3.71,2.68
23,5,5.0,2.81,2.68
23,6,3.6,3.59,2.68
23,7,6.7,3.35,2.68
23,8,6.6,3.26,2.68
23,9,5.7,3.87,2.68
23,10,7.1,2.96,2.68
23,11,8.8,1.77,2.68
23,12,5.7,2.48,2.68
23,13,5.2,4.41,2.68
23,14,7.8,2.74,2.68
24,1,6.2,3.39,2.44
24,2,8.0,3.11,2.44
24,3,7.1,2.36,2.44
24,4,8.0,2.85,2.44
24,5,8.4,1.47,2.44
24,6,7.3,3.93,2.44
24,7,10.9,2.82,2.44
24,8,7.4,3.4,2.44
24,9,8.7,2.45,2.44
24,10,8.3,2.18,2.44
24,11,10.0,2.58,2.44
24,12,7.5,2.3,2.44
24,13,7.2,1.84,2.44
24,14,7.2,3.22,2.44
25,1,7.5,4.4,4.05
25,2,9.6,4.75,4.05
25,3,7.7,5.7,4.05
25,4,8.5,5.76,4.05
25,5,9.0,5.83,4.05
25,6,8.6,5.12,4.05
25,7,7.5,5.66,4.05
25,8,9.4,5.18,4.05
25,9,7.1,5.99,4.05
25,10,10.0,5.66,4.05
25,11,6.1,6.31,4.05
25,12,9.7,4.29,4.05
25,13,7.6,6.01,4.05
25,14,7.9,4.25,4.05
26,1,6.6,4.41,3.54
26,2,8.2,3.02,3.54
26,3,6.8,4.01,3.54
26,4,6.4,3.96,3.54
26,5,7.6,2.35,3.54
26,6,7.4,3.23,3.54
26,7,7.4,1.99,3.54
26,8,7.9,3.27,3.54
26,9,7.6,5.49,3.54
26,10,6.7,4.54,3.54
26,11,6.0,4.99,3.54
26,12,5.1,4.24,3.54
26,13,7.6,2.83,3.54
26,14,6.8,3.41,3.54
27,1,9.0,1.08,2.95
27,2,5.5,2.24,2.95
27,3,5.8,2.9,2.95
27,4,7.6,2.2,2.95
27,5,6.7,2.17,2.95
27,6,7.2,3.08,2.95
27,7,3.5,4.61,2.95
27,8,5.7,2.29,2.95
27,9,6.0,3.93,2.95
27,10,6.2,2.4,2.95
27,11,8.2,2.33,2.95
27,12,5.4,3.97,2.95
27,13,6.5,3.51,2.95
27,14,8.2,2.74,2.95
28,1,6.7,5.64,3.05
28,2,9.7,4.29,3.05
28,3,8.9,4.46,3.05
28,4,6.0,4.3,3.05
28,5,9.4,3.63,3.05
28,6,6.6,4.47,3.05
28,7,9.0,4.47,3.05
28,8,6.6,5.58,3.05
28,9,10.6,5.12,3.05
28,10,9.7,3.93,3.05
28,11,9.4,4.21,3.05
28,12,9.0,3.59,3.05
28,13,6.7,3.24,3.05
28,14,6.9,5.1,3.05
29,1,6.0,2.99,3.36
29,2,6.6,3.45,3.36
29,3,5.8,2.94,3.36
29,4,7.0,3.66,3.36
29,5,7.2,2.93,3.36
29,6,5.2,3.03,3.36
29,7,4.6,5.1,3.36
29,8,6.4,1.35,3.36
29,9,6.2,2.6,3.36
29,10,6.2,3.89,3.36
29,11,6.6,2.33,3.36
29,12,4.0,3.31,3.36
29,13,5.5,2.54,3.36
29,14,7.9,2.16,3.36
30,1,7.8,3.18,3.55
30,2,7.9,3.86,3.55
30,3,8.1,3.49,3.55
30,4,6.0,3.9,3.55
30,5,7.8,4.23,3.55
30,6,6.2,4.01,3.55
30,7,7.2,3.44,3.55
30,8,7.6,2.97,3.55
30,9,9.5,3.28,3.55
30,10,8.7,2.2,3.55
30,11,8.2,3.48,3.55
30,12,9.2,3.24,3.55
30,13,6.3,3.84,3.55
30,14,6.5,4.43,3.55
31,1,8.0,3.14,3.99
31,2,6.3,4.2,3.99
31,3,7.7,2.67,3.99
31,4,6.8,4.5,3.99
31,5,6.6,3.05,3.99
31,6,6.9,4.58,3.99
31,7,7.9,4.28,3.99
31,8,7.4,4.08,3.99
31,9,7.1,3.03,3.99
31,10,8.7,4.33,3.99
31,11,8.6,3.11,3.99
31,12,7.4,3.39,3.99
31,13,5.4,3.97,3.99
31,14,4.3,3.22,3.99
32,1,7.4,5.26,4.35
32,2,5.9,4.69,4.35
32,3,5.5,4.6,4.35
32,4,5.6,3.55,4.35
32,5,8.1,4.56,4.35
32,6,7.6,3.97,4.35
32,7,6.1,4.1,4.35
32,8,5.6,5.38,4.35
32,9,4.8,5.02,4.35
32,10,5.9,3.66,4.35
32,11,5.6,5.07,4.35
32,12,7.9,4.63,4.35
32,13,4.3,4.79,4.35
32,14,6.3,5.83,4.35
33,1,5.4,4.51,2.34
33,2,8.5,5.0,2.34
33,3,6.1,4.56,2.34
33,4,5.7,4.49,2.34
33,5,4.8,6.16,2.34
33,6,5.3,4.71,2.34
33,7,4.2,4.55,2.34
33,8,5.1,4.77,2.34
33,9,7.4,5.01,2.34
33,10,5.0,4.87,2.34
33,11,7.4,4.72,2.34
33,12,5.7,5.44,2.34
33,13,6.1,5.56,2.34
33,14,6.0,5.98,2.34
34,1,7.3,4.31,2.55
34,2,8.1,4.71,2.55
34,3,6.8,4.72,2.55
34,4,7.5,4.57,2.55
34,5,9.2,5.26,2.55
34,6,8.4,4.97,2.55
34,7,7.5,3.7,2.55
34,8,8.4,4.54,2.55
34,9,7.1,3.6,2.55
34,10,9.4,5.67,2.55
34,11,8.1,4.08,2.55
34,12,10.4,4.7,2.55
34,13,6.9,4.42,2.55
34,14,7.1,4.36,2.55
35,1,7.2,3.54,2.95
35,2,7.9,3.2,2.95
35,3,9.0,3.02,2.95
35,4,9.3,2.45,2.95
35,5,10.6,2.18,2.95
35,6,5.3,5.6,2.95
35,7,10.1,3.53,2.95
35,8,8.1,3.48,2.95
35,9,8.2,3.14,2.95
35,10,7.2,3.02,2.95
35,11,7.5,3.86,2.95
35,12,8.3,2.32,2.95
35,13,8.1,4.17,2.95
35,14,6.4,4.38,2.95
36,1,4.4,3.4,2.63
36,2,6.6,1.76,2.63
36,3,6.2,2.74,2.63
36,4,5.5,2.46,2.63
36,5,5.8,1.91,2.63
36,6,5.7,2.68,2.63
36,7,6.2,1.94,2.63
36,8,3.7,2.34,2.63
36,9,5.5,3.73,2.63
36,10,5.1,2.98,2.63
36,11,5.9,1.83,2.63
36,12,4.7,3.38,2.63
36,13,5.1,2.91,2.63
36,14,5.6,2.84,2.63
37,1,3.3,3.79,3.74
37,2,5.0,2.7,3.74
37,3,3.3,3.41,3.74
37,4,4.5,2.88,3.74
37,5,2.9,3.15,3.74
37,6,4.4,3.23,3.74
37,7,5.1,1.58,3.74
37,8,4.7,2.04,3.74
37,9,5.6,1.34,3.74
37,10,5.1,3.11,3.74
37,11,5.6,2.19,3.74
37,12,5.4,2.88,3.74
37,13,5.8,3.72,3.74
37,14,4.5,3.35,3.74
38,1,9.8,3.75,2.47
38,2,8.5,3.28,2.47
38,3,9.8,3.21,2.47
38,4,10.9,2.09,2.47
38,5,7.6,4.75,2.47
38,6,11.4,2.09,2.47
38,7,8.4,3.87,2.47
38,8,8.5,2.76,2.47
38,9,9.5,2.88,2.47
38,10,12.9,1.13,2.47
38,11,8.6,3.81,2.47
38,12,10.6,2.54,2.47
38,13,9.8,3.25,2.47
38,14,8.7,4.62,2.47
39,1,8.1,4.83,2.92
39,2,10.6,2.52,2.92
39,3,10.2,4.05,2.92
39,4,10.5,3.5,2.92
39,5,10.6,4.89,2.92
39,6,11.2,4.43,2.92
39,7,10.4,4.5,2.92
39,8,10.5,3.95,2.92
39,9,9.9,4.36,2.92
39,10,8.6,4.76,2.92
39,11,10.2,2.89,2.92
39,12,10.6,3.86,2.92
39,13,8.5,3.98,2.92
39,14,12.1,3.62,2.92
40,1,5.2,4.36,2.77
40,2,5.3,4.03,2.77
40,3,7.7,3.62,2.77
40,4,5.3,2.83,2.77
40,5,6.2,2.32,2.77
40,6,7.3,3.38,2.77
40,7,5.7,3.4,2.77
40,8,4.5,3.37,2.77
40,9,6.6,3.63,2.77
40,10,7.0,4.15,2.77
40,11,5.2,3.12,2.77
40,12,7.4,3.58,2.77
40,13,5.4,3.71,2.77
40,14,4.6,5.49,2.77
41,1,6.8,3.41,3.68
41,2,10.0,1.73,3.68
41,3,5.4,3.94,3.68
41,4,5.7,3.39,3.68
41,5,6.5,3.31,3.68
41,6,5.3,3.44,3.68
41,7,7.6,3.08,3.68
41,8,5.5,5.14,3.68
41,9,6.9,4.36,3.68
41,10,6.4,3.25,3.68
41,11,7.8,3.08,3.68
41,12,8.2,1.59,3.68
41,13,7.1,3.66,3.68
41,14,5.7,4.34,3.68
42,1,6.5,4.91,4.08
42,2,8.0,3.55,4.08
42,3,7.1,3.48,4.08
42,4,8.9,3.77,4.08
42,5,8.7,4.4,4.08
42,6,6.5,5.0,4.08
42,7,7.1,4.91,4.08
42,8,7.8,3.84,4.08
42,9,7.8,3.53,4.08
42,10,9.3,2.5,4.08
42,11,8.9,1.96,4.08
42,12,10.3,2.41,4.08
42,13,5.6,5.73,4.08
42,14,11.4,3.38,4.08
43,1,5.7,2.28,2.44
43,2,6.6,3.34,2.44
43,3,8.1,1.81,2.44
43,4,6.3,3.05,2.44
43,5,7.6,2.25,2.44
43,6,6.9,1.7,2.44
43,7,6.7,2.71,2.44
43,8,6.5,3.65,2.44
43,9,6.5,2.55,2.44
43,10,5.8,3.4,2.44
43,11,6.1,3.41,2.44
43,12,5.5,1.93,2.44
43,13,7.0,3.22,2.44
43,14,4.4,2.72,2.44
44,1,5.9,4.22,2.48
44,2,8.8,2.23,2.48
44,3,4.4,2.87,2.48
44,4,3.7,3.49,2.48
44,5,5.2,3.52,2.48
44,6,6.0,3.54,2.48
44,7,7.0,2.05,2.48
44,8,6.8,2.24,2.48
44,9,4.8,3.91,2.48
44,10,4.6,4.12,2.48
44,11,3.5,2.95,2.48
44,12,4.1,3.41,2.48
44,13,5.0,3.82,2.48
44,14,6.4,3.34,2.48
45,1,6.7,4.43,3.91
45,2,8.6,4.92,3.91
45,3,7.7,3.91,3.91
45,4,7.2,4.67,3.91
45,5,8.1,4.92,3.91
45,6,7.2,4.48,3.91
45,7,6.7,4.79,3.91
45,8,8.7,4.25,3.91
45,9,7.2,4.72,3.91
45,10,9.6,3.95,3.91
45,11,9.4,4.03,3.91
45,12,9.0,3.14,3.91
45,13,6.4,6.86,3.91
45,14,8.8,4.96,3.91
46,1,7.9,2.54,3.77
46,2,6.1,3.08,3.77
46,3,6.8,2.9,3.77
46,4,6.4,3.61,3.77
46,5,6.9,3.54,3.77
46,6,8.7,3.38,3.77
46,7,6.2,3.68,3.77
46,8,8.3,3.04,3.77
46,9,7.3,4.34,3.77
46,10,5.7,3.34,3.77
46,11,9.5,3.0,3.77
46,12,7.6,3.94,3.77
46,13,5.0,4.76,3.77
46,14,6.3,3.09,3.77
47,1,9.8,4.47,3.57
47,2,10.2,4.54,3.57
47,3,8.8,5.17,3.57
47,4,10.7,4.39,3.57
47,5,9.7,4.85,3.57
47,6,8.1,3.88,3.57
47,7,10.0,4.13,3.57
47,8,6.9,4.84,3.57
47,9,8.8,4.56,3.57
47,10,6.6,5.54,3.57
47,11,9.1,3.91,3.57
47,12,10.2,3.76,3.57
47,13,9.8,4.65,3.57
47,14,6.2,5.13,3.57
48,1,8.9,3.37,4.49
48,2,6.9,3.33,4.49
48,3,5.5,5.24,4.49
48,4,6.2,5.41,4.49
48,5,7.5,4.42,4.49
48,6,5.3,5.1,4.49
48,7,6.3,5.57,4.49
48,8,6.3,4.84,4.49
48,9,9.6,3.24,4.49
48,10,8.2,4.22,4.49
48,11,6.3,3.61,4.49
48,12,6.2,5.71,4.49
48,13,5.8,4.95,4.49
48,14,7.4,4.05,4.49
49,1,7.1,2.98,3.51
49,2,8.6,2.8,3.51
49,3,8.8,3.37,3.51
49,4,6.6,3.47,3.51
49,5,7.9,3.44,3.51
49,6,7.1,4.35,3.51
49,7,7.7,4.32,3.51
49,8,6.9,3.92,3.51
49,9,9.1,3.21,3.51
49,10,8.4,2.38,3.51
49,11,6.9,3.95,3.51
49,12,8.6,3.24,3.51
49,13,8.1,3.42,3.51
49,14,8.1,4.13,3.51
50,1,4.8,5.32,3.12
50,2,4.3,6.52,3.12
50,3,4.9,4.41,3.12
50,4,4.7,5.09,3.12
50,5,5.8,4.2,3.12
50,6,8.1,3.44,3.12
50,7,7.9,2.8,3.12
50,8,5.6,4.02,3.12
50,9,5.7,4.54,3.12
50,10,7.5,2.95,3.12
50,11,7.1,3.93,3.12
50,12,5.0,4.67,3.12
50,13,6.6,3.73,3.12
50,14,6.4,5.38,3.12
51,1,9.1,4.09,2.41
51,2,8.0,4.28,2.41
51,3,7.4,5.09,2.41
51,4,8.5,4.76,2.41
51,5,8.2,5.68,2.41
51,6,8.7,3.05,2.41
51,7,8.0,4.77,2.41
51,8,7.6,4.95,2.41
51,9,7.3,4.39,2.41
51,10,6.4,5.27,2.41
51,11,6.4,4.57,2.41
51,12,9.3,4.57,2.41
51,13,7.9,5.92,2.41
51,14,8.1,3.9,2.41
52,1,4.9,3.05,2.91
52,2,6.9,4.12,2.91
52,3,3.6,4.62,2.91
52,4,6.8,4.14,2.91
52,5,4.5,3.12,2.91
52,6,6.2,3.21,2.91
52,7,5.4,3.67,2.91
52,8,7.3,3.72,2.91
52,9,6.4,4.77,2.91
52,10,6.7,3.24,2.91
52,11,4.6,3.79,2.91
52,12,7.7,2.93,2.91
52,13,5.4,4.46,2.91
52,14,7.9,2.7,2.91
53,1,8.0,3.93,3.74
53,2,10.6,4.08,3.74
53,3,8.4,4.6,3.74
53,4,5.9,6.34,3.74
53,5,7.8,5.02,3.74
53,6,6.3,5.83,3.74
53,7,8.1,4.14,3.74
53,8,7.9,3.99,3.74
53,9,8.0,3.67,3.74
53,10,6.4,6.18,3.74
53,11,8.9,4.85,3.74
53,12,7.0,5.7,3.74
53,13,10.7,3.73,3.74
53,14,10.0,4.23,3.74
54,1,7.9,5.86,3.73
54,2,8.7,5.23,3.73
54,3,8.9,4.31,3.73
54,4,8.5,4.59,3.73
54,5,8.1,5.08,3.73
54,6,9.4,5.35,3.73
54,7,9.2,5.54,3.73
54,8,9.1,6.13,3.73
54,9,9.2,5.38,3.73
54,10,9.3,4.18,3.73
54,11,8.7,4.45,3.73
54,12,6.8,7.0,3.73
54,13,9.4,5.75,3.73
54,14,6.9,6.01,3.73
55,1,8.9,3.97,2.38
55,2,7.4,2.15,2.38
55,3,7.3,3.82,2.38
55,4,6.4,2.74,2.38
55,5,4.9,3.43,2.38
55,6,7.2,3.39,2.38
55,7,9.3,3.04,2.38
55,8,6.5,2.96,2.38
55,9,6.0,4.07,2.38
55,10,6.4,2.62,2.38
55,11,6.9,4.04,2.38
55,12,5.6,1.66,2.38
55,13,7.5,3.33,2.38
55,14,5.9,2.26,2.38
56,1,5.4,3.48,2.09
56,2,5.5,3.4,2.09
56,3,5.9,3.25,2.09
56,4,4.2,2.01,2.09
56,5,6.9,2.32,2.09
56,6,6.2,3.25,2.09
56,7,6.1,2.64,2.09
56,8,6.9,2.57,2.09
56,9,5.3,2.72,2.09
56,10,6.8,2.48,2.09
56,11,6.9,3.07,2.09
56,12,7.9,3.87,2.09
56,13,7.7,3.3,2.09
56,14,6.3,3.85,2.09
57,1,5.0,3.89,1.29
57,2,3.0,3.2,1.29
57,3,3.9,4.66,1.29
57,4,5.4,3.67,1.29
57,5,3.6,5.31,1.29
57,6,3.1,3.64,1.29
57,7,2.8,3.6,1.29
57,8,4.1,5.05,1.29
57,9,5.6,4.58,1.29
57,10,4.1,3.96,1.29
57,11,3.8,3.89,1.29
57,12,5.7,3.61,1.29
57,13,4.2,4.8,1.29
57,14,4.6,4.56,1.29
58,1,9.4,5.25,2.8
58,2,8.7,4.35,2.8
58,3,9.0,4.27,2.8
58,4,10.1,4.88,2.8
58,5,8.5,4.86,2.8
58,6,8.4,5.81,2.8
58,7,10.0,3.97,2.8
58,8,9.5,5.04,2.8
58,9,9.3,3.93,2.8
58,10,9.1,5.29,2.8
58,11,8.6,5.06,2.8
58,12,9.3,5.38,2.8
58,13,9.2,4.8,2.8
58,14,11.0,5.02,2.8
59,1,11.6,4.29,3.7
59,2,11.5,3.36,3.7
59,3,11.6,4.63,3.7
59,4,10.8,5.05,3.7
59,5,9.8,5.45,3.7
59,6,9.1,6.93,3.7
59,7,9.7,4.06,3.7
59,8,8.8,4.77,3.7
59,9,9.2,5.36,3.7
59,10,10.2,5.28,3.7
59,11,9.9,5.43,3.7
59,12,10.1,5.96,3.7
59,13,10.3,4.36,3.7
59,14,11.7,5.02,3.7
60,1,8.3,4.49,3.54
60,2,8.8,6.45,3.54
60,3,8.5,4.11,3.54
60,4,8.2,6.32,3.54
60,5,10.5,5.98,3.54
60,6,9.5,4.5,3.54
60,7,10.4,4.17,3.54
60,8,10.6,5.32,3.54
60,9,8.8,6.16,3.54
60,10,9.9,5.4,3.54
60,11,10.3,4.25,3.54
60,12,10.0,6.4,3.54
60,13,10.7,5.43,3.54
60,14,9.7,4.35,3.54
61,1,5.9,2.01,2.98
61,2,3.0,2.06,2.98
61,3,5.9,1.0,2.98
61,4,5.7,2.51,2.98
61,5,6.8,1.37,2.98
61,6,5.6,1.71,2.98
61,7,4.8,2.52,2.98
61,8,3.8,2.09,2.98
61,9,4.1,2.1,2.98
61,10,6.5,2.98,2.98
61,11,5.5,2.18,2.98
61,12,6.0,2.56,2.98
61,13,5.6,1.0,2.98
61,14,3.9,2.25,2.98
62,1,8.6,2.32,2.29
62,2,5.7,4.96,2.29
62,3,7.7,3.77,2.29
62,4,6.7,3.33,2.29
62,5,5.3,4.46,2.29
62,6,7.0,4.02,2.29
62,7,6.6,2.58,2.29
62,8,7.9,4.27,2.29
62,9,6.8,5.27,2.29
62,10,8.3,2.44,2.29
62,11,5.9,4.12,2.29
62,12,6.6,4.85,2.29
62,13,4.5,3.91,2.29
62,14,7.9,2.38,2.29
63,1,4.7,4.2,4.5
63,2,2.8,5.38,4.5
63,3,3.4,4.6,4.5
63,4,4.1,5.91,4.5
63,5,6.9,4.54,4.5
63,6,4.9,4.91,4.5
63,7,5.4,4.14,4.5
63,8,6.3,3.78,4.5
63,9,3.2,5.85,4.5
63,10,5.4,4.38,4.5
63,11,5.2,3.79,4.5
63,12,5.8,4.38,4.5
63,13,5.6,4.5,4.5
63,14,5.0,4.73,4.5
64,1,6.5,4.65,3.03
64,2,6.1,4.75,3.03
64,3,5.7,5.04,3.03
64,4,8.2,3.45,3.03
64,5,6.8,4.05,3.03
64,6,6.9,2.3,3.03
64,7,7.1,3.15,3.03
64,8,4.7,4.94,3.03
64,9,7.9,3.54,3.03
64,10,6.9,1.99,3.03
64,11,6.0,3.66,3.03
64,12,6.8,3.2,3.03
64,13,8.3,3.3,3.03
64,14,7.0,3.13,3.03
65,1,6.3,3.46,2.98
65,2,6.9,3.56,2.98
65,3,5.0,5.13,2.98
65,4,6.6,4.33,2.98
65,5,6.8,4.1,2.98
65,6,5.1,4.7,2.98
65,7,6.3,4.96,2.98
65,8,7.8,1.77,2.98
65,9,6.8,2.65,2.98
65,10,6.8,3.66,2.98
65,11,5.1,3.03,2.98
65,12,8.2,3.96,2.98
65,13,5.2,3.94,2.98
65,14,6.4,3.99,2.98
66,1,7.4,3.35,4.12
66,2,5.4,4.22,4.12
66,3,5.5,4.79,4.12
66,4,6.4,5.45,4.12
66,5,6.6,3.51,4.12
66,6,5.9,4.63,4.12
66,7,5.0,6.22,4.12
66,8,4.7,3.45,4.12
66,9,6.7,4.49,4.12
66,10,9.5,2.97,4.12
66,11,8.1,4.05,4.12
66,12,6.6,2.97,4.12
66,13,10.7,3.65,4.12
66,14,5.3,4.23,4.12
67,1,3.1,2.76,4.09
67,2,5.0,1.83,4.09
67,3,1.8,4.03,4.09
67,4,1.2,4.26,4.09
67,5,2.8,2.47,4.09
67,6,2.3,2.81,4.09
67,7,2.7,4.24,4.09
67,8,4.5,2.53,4.09
67,9,3.4,3.42,4.09
67,10,4.0,2.47,4.09
67,11,4.0,2.84,4.09
67,12,4.8,1.54,4.09
67,13,4.1,4.1,4.09
67,14,3.3,1.44,4.09
68,1,6.8,2.8,3.23
68,2,7.5,3.58,3.23
68,3,5.3,2.81,3.23
68,4,6.5,1.97,3.23
68,5,6.0,2.44,3.23
68,6,7.0,3.06,3.23
68,7,6.2,3.32,3.23
68,8,4.4,4.15,3.23
68,9,7.5,2.42,3.23
68,10,8.6,2.48,3.23
68,11,9.0,3.03,3.23
68,12,8.7,2.72,3.23
68,13,7.1,2.89,3.23
68,14,6.7,2.7,3.23
69,1,8.7,1.76,2.03
69,2,9.9,2.43,2.03
69,3,8.0,3.03,2.03
69,4,8.9,2.53,2.03
69,5,7.8,3.98,2.03
69,6,9.2,2.55,2.03
69,7,8.2,2.99,2.03
69,8,8.8,3.47,2.03
69,9,8.2,2.88,2.03
69,10,9.2,3.47,2.03
69,11,9.3,4.04,2.03
69,12,8.0,3.38,2.03
69,13,7.1,2.34,2.03
69,14,7.2,3.54,2.03
70,1,7.8,2.72,3.61
70,2,6.5,2.88,3.61
70,3,5.3,4.0,3.61
70,4,7.1,3.69,3.61
70,5,6.3,2.88,3.61
70,6,5.2,2.27,3.61
70,7,6.9,2.08,3.61
70,8,6.0,3.2,3.61
70,9,6.2,3.39,3.61
70,10,8.7,1.36,3.61
70,11,6.6,3.53,3.61
70,12,6.4,2.37,3.61
70,13,6.5,1.3,3.61
70,14,6.3,2.87,3.61
71,1,3.6,3.21,3.74
71,2,4.9,3.46,3.74
71,3,4.4,3.14,3.74
71,4,6.4,2.09,3.74
71,5,6.0,3.58,3.74
71,6,5.9,2.03,3.74
71,7,3.7,2.78,3.74
71,8,3.9,2.53,3.74
71,9,4.1,4.52,3.74
71,10,7.4,2.17,3.74
71,11,5.9,1.82,3.74
71,12,5.0,2.92,3.74
71,13,5.3,2.85,3.74
71,14,4.1,3.5,3.74
72,1,3.6,5.14,2.84
72,2,7.5,3.95,2.84
72,3,6.0,4.06,2.84
72,4,7.4,4.19,2.84
72,5,6.9,4.35,2.84
72,6,4.9,3.97,2.84
72,7,5.7,3.66,2.84
72,8,7.1,4.09,2.84
72,9,5.3,3.46,2.84
72,10,4.7,4.33,2.84
72,11,6.9,3.23,2.84
72,12,5.0,4.72,2.84
72,13,5.7,3.46,2.84
72,14,6.5,5.22,2.84
73,1,6.1,4.87,4.38
73,2,5.4,3.6,4.38
73,3,6.9,4.01,4.38
73,4,6.0,3.83,4.38
73,5,7.9,2.66,4.38
73,6,4.1,5.81,4.38
73,7,6.4,3.75,4.38
73,8,6.3,4.02,4.38
73,9,8.4,2.98,4.38
73,10,5.4,5.61,4.38
73,11,5.4,5.53,4.38
73,12,6.4,4.84,4.38
73,13,7.6,5.21,4.38
73,14,7.0,5.06,4.38
74,1,6.6,2.79,2.7
74,2,3.3,4.26,2.7
74,3,6.6,1.45,2.7
74,4,5.2,2.21,2.7
74,5,5.9,3.21,2.7
74,6,6.8,2.64,2.7
74,7,3.3,2.63,2.7
74,8,6.3,3.19,2.7
74,9,6.6,1.82,2.7
74,10,6.9,2.34,2.7
74,11,6.3,2.55,2.7
74,12,4.9,1.87,2.7
74,13,8.2,2.63,2.7
74,14,6.1,2.62,2.7
75,1,4.6,4.55,3.46
75,2,6.4,2.84,3.46
75,3,6.1,4.38,3.46
75,4,4.9,3.81,3.46
75,5,5.4,4.22,3.46
75,6,4.4,5.84,3.46
75,7,6.7,4.82,3.46
75,8,7.1,3.5,3.46
75,9,7.0,2.82,3.46
75,10,5.5,4.09,3.46
75,11,4.2,5.13,3.46
75,12,5.5,4.9,3.46
75,13,4.9,4.06,3.46
75,14,7.3,4.36,3.46
76,1,9.4,4.87,2.48
76,2,9.5,4.75,2.48
76,3,12.5,3.87,2.48
76,4,11.5,4.14,2.48
76,5,9.7,4.71,2.48
76,6,11.1,4.61,2.48
76,7,9.2,5.48,2.48
76,8,8.0,5.83,2.48
76,9,10.7,4.91,2.48
76,10,13.4,3.15,2.48
76,11,9.9,3.45,2.48
76,12,9.9,5.63,2.48
76,13,8.4,5.52,2.48
76,14,8.6,5.37,2.48
77,1,6.1,4.81,2.63
77,2,6.5,4.08,2.63
77,3,5.0,5.35,2.63
77,4,5.2,4.09,2.63
77,5,5.7,5.26,2.63
77,6,6.9,3.38,2.63
77,7,7.8,4.47,2.63
77,8,5.3,3.54,2.63
77,9,6.6,4.65,2.63
77,10,6.5,3.09,2.63
77,11,8.0,3.38,2.63
77,12,5.4,5.17,2.63
77,13,7.5,3.93,2.63
77,14,5.9,2.98,2.63
78,1,7.7,5.06,3.55
78,2,5.8,3.71,3.55
78,3,6.8,5.15,3.55
78,4,8.4,4.7,3.55
78,5,8.2,4.59,3.55
78,6,4.5,7.0,3.55
78,7,7.9,4.05,3.55
78,8,4.2,4.5,3.55
78,9,4.6,5.85,3.55
78,10,6.6,4.38,3.55
78,11,5.4,4.87,3.55
78,12,8.0,3.27,3.55
78,13,6.7,4.39,3.55
78,14,5.0,5.09,3.55
79,1,6.7,6.19,4.33
79,2,7.9,5.23,4.33
79,3,8.5,5.11,4.33
79,4,8.7,4.47,4.33
79,5,10.7,2.64,4.33
79,6,7.6,6.67,4.33
79,7,8.6,4.07,4.33
79,8,8.7,4.67,4.33
79,9,8.7,4.84,4.33
79,10,5.0,5.85,4.33
79,11,8.1,4.93,4.33
79,12,7.9,5.34,4.33
79,13,7.1,5.67,4.33
79,14,8.4,4.72,4.33
80,1,8.0,3.62,1.63
80,2,8.3,3.51,1.63
80,3,7.0,3.13,1.63
80,4,5.9,3.47,1.63
80,5,5.8,3.34,1.63
80,6,7.1,3.22,1.63
80,7,6.3,2.98,1.63
80,8,8.6,3.95,1.63
80,9,5.5,2.68,1.63
80,10,6.8,3.5,1.63
80,11,5.6,4.88,1.63
80,12,8.0,1.61,1.63
80,13,8.5,3.87,1.63
80,14,7.9,2.43,1.63
81,1,6.2,1.89,4.39
81,2,4.1,2.93,4.39
81,3,5.1,3.17,4.39
81,4,6.5,2.67,4.39
81,5,6.4,1.27,4.39
81,6,6.6,2.32,4.39
81,7,5.8,2.67,4.39
81,8,4.6,2.7,4.39
81,9,5.7,2.36,4.39
81,10,5.2,2.97,4.39
81,11,6.9,1.16,4.39
81,12,7.2,2.55,4.39
81,13,4.6,2.39,4.39
81,14,6.5,2.0,4.39
82,1,6.2,3.4,3.45
82,2,6.0,3.51,3.45
82,3,4.1,5.25,3.45
82,4,7.1,4.48,3.45
82,5,4.9,3.81,3.45
82,6,5.8,4.42,3.45
82,7,6.6,4.09,3.45
82,8,5.6,4.95,3.45
82,9,5.2,5.5,3.45
82,10,7.0,3.67,3.45
82,11,4.4,4.61,3.45
82,12,6.2,3.54,3.45
82,13,5.9,4.55,3.45
82,14,6.4,4.14,3.45
83,1,6.3,4.63,1.52
83,2,4.6,4.41,1.52
83,3,3.8,3.98,1.52
83,4,6.4,3.79,1.52
83,5,6.0,3.35,1.52
83,6,7.4,3.57,1.52
83,7,7.1,3.58,1.52
83,8,6.1,3.35,1.52
83,9,6.6,3.66,1.52
83,10,6.2,3.75,1.52
83,11,8.2,4.12,1.52
83,12,7.4,3.53,1.52
83,13,6.9,4.23,1.52
83,14,8.1,4.23,1.52
84,1,6.9,5.07,2.45
84,2,7.0,3.71,2.45
84,3,4.8,4.71,2.45
84,4,9.2,3.94,2.45
84,5,7.8,4.96,2.45
84,6,7.6,4.83,2.45
84,7,8.1,4.55,2.45
84,8,8.3,4.07,2.45
84,9,7.5,3.95,2.45
84,10,6.2,5.2,2.45
84,11,7.1,6.29,2.45
84,12,4.6,4.75,2.45
84,13,5.1,5.6,2.45
84,14,7.0,4.74,2.45
85,1,3.8,3.65,3.9
85,2,5.8,1.79,3.9
85,3,3.6,4.28,3.9
85,4,5.9,1.65,3.9
85,5,4.6,2.72,3.9
85,6,4.9,3.46,3.9
85,7,7.0,1.53,3.9
85,8,7.7,1.9,3.9
85,9,4.1,3.73,3.9
85,10,3.5,4.29,3.9
85,11,5.2,3.22,3.9
85,12,6.8,3.83,3.9
85,13,4.3,4.51,3.9
85,14,5.9,2.97,3.9
86,1,8.0,3.28,1.61
86,2,8.6,4.82,1.61
86,3,8.8,4.35,1.61
86,4,7.7,4.62,1.61
86,5,7.5,5.07,1.61
86,6,8.9,3.81,1.61
86,7,7.6,4.59,1.61
86,8,7.3,4.65,1.61
86,9,7.2,3.83,1.61
86,10,8.7,3.83,1.61
86,11,7.8,4.51,1.61
86,12,7.6,5.08,1.61
86,13,9.5,5.14,1.61
86,14,5.4,4.76,1.61
87,1,7.0,5.59,2.39
87,2,7.5,3.99,2.39
87,3,6.6,4.84,2.39
87,4,9.6,3.11,2.39
87,5,8.5,4.72,2.39
87,6,6.9,4.02,2.39
87,7,9.3,3.46,2.39
87,8,8.4,4.75,2.39
87,9,8.7,3.42,2.39
87,10,10.0,5.48,2.39
87,11,9.7,4.45,2.39
87,12,7.4,5.13,2.39
87,13,9.1,3.51,2.39
87,14,9.7,4.05,2.39
88,1,6.7,3.85,3.88
88,2,7.5,2.65,3.88
88,3,7.4,3.35,3.88
88,4,7.4,2.6,3.88
88,5,6.1,2.96,3.88
88,6,5.6,2.88,3.88
88,7,4.6,4.21,3.88
88,8,7.7,2.0,3.88
88,9,7.5,3.61,3.88
88,10,5.3,3.73,3.88
88,11,5.0,3.48,3.88
88,12,5.9,3.37,3.88
88,13,6.2,3.64,3.88
88,14,5.4,4.2,3.88
89,1,5.6,3.91,4.66
89,2,7.8,2.36,4.66
89,3,7.5,2.86,4.66
89,4,7.2,2.61,4.66
89,5,7.0,2.81,4.66
89,6,7.4,2.06,4.66
89,7,5.9,2.81,4.66
89,8,7.7,2.1,4.66
89,9,7.2,3.02,4.66
89,10,7.5,2.15,4.66
89,11,6.0,2.03,4.66
89,12,8.2,1.58,4.66
89,13,8.4,2.47,4.66
89,14,6.1,3.14,4.66
90,1,5.2,4.44,1.75
90,2,8.8,3.71,1.75
90,3,10.4,3.61,1.75
90,4,9.4,4.53,1.75
90,5,9.0,4.28,1.75
90,6,8.0,3.76,1.75
90,7,6.1,4.35,1.75
90,8,9.4,3.93,1.75
90,9,8.7,4.63,1.75
90,10,7.5,3.99,1.75
90,11,4.5,6.99,1.75
90,12,6.5,4.16,1.75
90,13,7.4,3.55,1.75
90,14,8.1,4.05,1.75
91,1,6.8,5.95,3.36
91,2,6.5,2.89,3.36
91,3,5.1,4.25,3.36
91,4,5.4,5.03,3.36
91,5,7.0,4.98,3.36
91,6,7.9,5.45,3.36
91,7,4.2,6.08,3.36
91,8,5.7,5.4,3.36
91,9,6.7,3.54,3.36
91,10,6.4,5.76,3.36
91,11,5.5,5.18,3.36
91,12,6.5,3.7,3.36
91,13,4.4,4.49,3.36
91,14,5.6,5.63,3.36
92,1,1.7,3.3,3.99
92,2,2.7,3.77,3.99
92,3,4.5,2.41,3.99
92,4,3.3,4.51,3.99
92,5,1.3,3.46,3.99
92,6,2.1,3.62,3.99
92,7,3.2,3.8,3.99
92,8,2.5,3.47,3.99
92,9,2.8,2.59,3.99
92,10,3.5,2.72,3.99
92,11,3.6,4.51,3.99
92,12,5.2,2.85,3.99
92,13,5.0,2.91,3.99
92,14,4.8,3.38,3.99
93,1,6.1,2.97,2.82
93,2,3.8,3.42,2.82
93,3,7.4,2.45,2.82
93,4,6.5,2.33,2.82
93,5,5.1,3.05,2.82
93,6,5.5,2.43,2.82
93,7,3.8,3.45,2.82
93,8,3.7,3.1,2.82
93,9,5.6,1.5,2.82
93,10,7.2,1.97,2.82
93,11,3.8,3.82,2.82
93,12,6.0,2.46,2.82
93,13,5.7,2.59,2.82
93,14,5.9,1.87,2.82
94,1,10.8,6.76,2.79
94,2,12.1,5.57,2.79
94,3,10.1,5.39,2.79
94,4,11.7,5.61,2.79
94,5,11.5,6.51,2.79
94,6,10.8,5.29,2.79
94,7,10.3,5.72,2.79
94,8,10.7,6.64,2.79
94,9,11.5,5.37,2.79
94,10,11.6,4.42,2.79
94,11,13.9,4.37,2.79
94,12,11.0,5.17,2.79
94,13,12.4,5.04,2.79
94,14,11.0,5.97,2.79
95,1,4.4,5.35,2.57
95,2,5.4,3.76,2.57
95,3,6.6,3.43,2.57
95,4,7.9,3.24,2.57
95,5,3.0,5.21,2.57
95,6,4.1,3.57,2.57
95,7,6.4,4.09,2.57
95,8,5.1,4.31,2.57
95,9,4.0,3.93,2.57
95,10,4.7,4.16,2.57
95,11,6.9,2.94,2.57
95,12,6.2,4.22,2.57
95,13,5.8,3.57,2.57
95,14,6.0,3.09,2.57
96,1,6.3,3.86,3.3
96,2,5.4,3.49,3.3
96,3,6.3,3.65,3.3
96,4,7.5,4.01,3.3
96,5,6.2,3.47,3.3
96,6,5.8,5.14,3.3
96,7,7.2,4.64,3.3
96,8,6.4,4.7,3.3
96,9,9.4,3.21,3.3
96,10,4.8,3.83,3.3
96,11,7.2,3.34,3.3
96,12,8.6,3.36,3.3
96,13,6.3,4.45,3.3
96,14,4.9,4.79,3.3
97,1,12.1,4.92,3.04
97,2,11.7,4.29,3.04
97,3,9.5,3.08,3.04
97,4,10.3,3.54,3.04
97,5,11.0,4.33,3.04
97,6,10.6,2.62,3.04
97,7,10.8,3.1,3.04
97,8,12.2,3.72,3.04
97,9,10.0,3.7,3.04
97,10,10.1,4.27,3.04
97,11,7.1,3.88,3.04
97,12,9.9,5.8,3.04
97,13,8.9,3.48,3.04
97,14,7.0,3.43,3.04
98,1,4.7,5.42,2.64
98,2,5.6,5.86,2.64
98,3,6.8,4.85,2.64
98,4,7.8,4.11,2.64
98,5,6.5,4.22,2.64
98,6,7.1,4.51,2.64
98,7,4.2,5.35,2.64
98,8,4.5,4.22,2.64
98,9,5.3,4.62,2.64
98,10,6.0,4.86,2.64
98,11,5.7,4.89,2.64
98,12,6.6,4.34,2.64
98,13,5.7,5.02,2.64
98,14,5.1,4.75,2.64
99,1,7.0,2.85,2.28
99,2,7.1,3.44,2.28
99,3,7.3,3.79,2.28
99,4,6.6,4.57,2.28
99,5,5.5,3.81,2.28
99,6,6.1,5.4,2.28
99,7,6.3,3.73,2.28
99,8,6.0,3.55,2.28
99,9,7.0,3.2,2.28
99,10,4.8,3.51,2.28
99,11,7.0,3.86,2.28
99,12,6.2,3.89,2.28
99,13,5.8,4.68,2.28
99,14,5.4,4.36,2.28
100,1,5.1,3.25,3.9
100,2,7.5,3.2,3.9
100,3,6.2,3.07,3.9
100,4,5.2,3.64,3.9
100,5,5.9,5.09,3.9
100,6,4.4,3.17,3.9
100,7,6.8,2.45,3.9
100,8,3.4,3.84,3.9
100,9,6.4,2.92,3.9
100,10,5.3,3.76,3.9
100,11,7.4,2.52,3.9
100,12,6.0,3.39,3.9
100,13,6.5,2.74,3.9
100,14,4.1,3.89,3.9
