essay,rater_a,rater_b,rater_a_retest
1,4,5,5
2,4,4,3
3,3,3,3
4,5,5,5
5,5,5,5
6,3,2,2
7,2,3,3
8,4,5,4
9,2,2,2
10,3,4,4
11,3,2,3
12,3,2,1
13,6,6,5
14,4,4,3
15,3,3,3
16,2,2,1
17,2,2,2
18,4,5,4
19,3,3,4
20,3,3,3
21,4,3,4
22,2,2,1
23,3,4,5
24,5,6,3
25,3,5,5
26,3,3,3
27,3,3,2
28,4,5,4
29,4,5,4
30,2,4,3
31,3,4,4
32,2,3,3
33,3,2,1
34,2,3,3
35,4,5,4
36,1,1,2
37,2,1,1
38,3,3,3
39,2,2,3
40,1,1,1
41,3,3,3
42,3,4,4
43,3,5,4
44,3,3,3
45,3,4,4
46,3,5,4
47,5,4,4
48,4,4,3
49,2,3,2
50,2,3,3
51,3,2,4
52,2,2,2
53,4,3,4
54,3,4,2
55,2,2,4
56,5,5,4
57,2,3,3
58,4,5,4
59,3,3,3
60,5,5,5
61,2,3,2
62,4,4,5
63,5,5,4
64,3,4,4
65,3,4,3
66,3,3,4
67,3,4,4
68,1,3,3
69,5,5,6
70,2,3,2
71,3,4,4
72,3,5,4
73,5,4,5
74,3,5,5
75,5,5,5
76,2,2,3
77,1,2,3
78,4,4,3
79,4,3,3
80,2,4,3
81,4,2,2
82,2,3,2
83,3,5,5
84,5,5,4
85,5,6,5
86,2,3,3
87,4,4,4
88,4,6,4
89,3,5,3
90,3,3,2
91,2,2,2
92,5,4,4
93,3,3,3
94,2,4,2
95,4,5,4
96,3,3,3
97,5,5,4
98,2,3,2
99,4,3,2
100,4,4,3
101,4,5,5
102,5,5,5
103,2,2,3
104,1,3,3
105,3,4,3
106,3,4,3
107,2,3,3
108,2,3,3
109,5,5,5
110,3,5,5
111,4,5,4
112,3,4,3
113,5,6,6
114,3,4,4
115,5,5,6
116,2,2,3
117,3,4,3
118,4,4,4
119,1,1,1
120,5,6,5
