speaker,condition,l2,age,minutes,fillers
1,evaluated,1,63,10.6,20
2,relaxed,1,58,5.8,17
3,relaxed,0,58,14.3,26
4,relaxed,0,30,6.5,0
5,relaxed,1,51,7.6,13
6,evaluated,1,42,12.3,26
7,relaxed,0,39,14.8,12
8,relaxed,1,62,9.1,9
9,evaluated,1,33,8.6,12
10,evaluated,1,62,10.9,18
11,evaluated,0,46,6.4,6
12,evaluated,1,26,13.7,40
13,relaxed,1,51,9.6,11
14,relaxed,0,42,7.6,9
15,relaxed,0,52,14.0,4
16,relaxed,0,36,14.7,16
17,relaxed,1,59,14.4,11
18,relaxed,1,68,13.9,12
19,relaxed,0,58,7.6,4
20,relaxed,0,18,14.4,10
21,evaluated,0,60,12.7,2
22,evaluated,0,64,8.2,5
23,evaluated,1,67,14.6,23
24,relaxed,1,23,10.5,32
25,relaxed,1,68,8.9,21
26,evaluated,1,60,9.8,3
27,evaluated,0,52,6.2,10
28,evaluated,1,50,6.6,5
29,relaxed,0,49,5.4,1
30,relaxed,1,40,8.9,4
31,relaxed,0,18,14.0,11
32,evaluated,1,52,8.6,18
33,relaxed,0,30,10.9,15
34,relaxed,0,19,9.3,8
35,relaxed,0,39,5.1,1
36,relaxed,0,52,12.4,7
37,evaluated,0,39,12.1,14
38,relaxed,1,25,12.9,3
39,evaluated,1,30,13.8,34
40,relaxed,1,19,8.2,6
41,evaluated,1,35,14.6,19
42,relaxed,1,29,5.5,7
43,relaxed,1,19,7.9,16
44,evaluated,0,49,11.9,9
45,relaxed,0,61,6.6,5
46,relaxed,1,59,7.5,8
47,relaxed,0,20,11.0,7
48,relaxed,0,19,13.8,15
49,relaxed,0,27,13.3,14
50,relaxed,0,53,7.5,24
51,evaluated,1,37,9.5,11
52,relaxed,1,33,13.9,25
53,evaluated,0,50,12.7,9
54,relaxed,1,28,15.0,18
55,relaxed,0,67,5.3,5
56,relaxed,0,58,9.0,18
57,relaxed,0,29,13.8,13
58,evaluated,0,69,14.6,1
59,relaxed,0,61,13.4,16
60,relaxed,1,22,6.1,3
61,evaluated,1,40,11.1,10
62,evaluated,0,46,6.2,1
63,relaxed,1,54,6.6,4
64,evaluated,1,59,7.9,21
65,relaxed,0,38,11.1,13
66,relaxed,0,29,11.6,16
67,evaluated,1,62,10.8,10
68,relaxed,0,20,8.7,14
69,relaxed,0,19,12.1,20
70,evaluated,1,34,6.2,18
71,evaluated,1,50,6.3,7
72,relaxed,1,55,12.7,36
73,evaluated,0,36,5.4,3
74,evaluated,1,54,14.5,18
75,evaluated,1,58,6.9,4
76,evaluated,0,50,14.3,17
77,evaluated,0,31,8.3,5
78,evaluated,0,45,6.8,8
79,evaluated,0,53,13.8,26
80,evaluated,1,34,15.0,16
81,relaxed,0,20,14.6,11
82,evaluated,1,45,10.7,11
83,relaxed,1,33,10.8,4
84,evaluated,1,66,12.0,3
85,evaluated,0,18,6.9,14
86,evaluated,1,48,9.9,20
87,relaxed,0,48,11.8,22
88,evaluated,0,45,6.4,11
89,relaxed,0,32,5.5,6
90,relaxed,0,29,8.8,9
91,relaxed,0,59,10.0,9
92,evaluated,0,37,5.8,4
93,relaxed,0,67,12.8,17
94,relaxed,0,55,10.1,2
95,evaluated,0,30,8.8,30
96,evaluated,0,55,14.2,14
97,evaluated,0,36,11.4,8
98,evaluated,0,26,13.6,15
99,relaxed,1,46,9.5,6
100,evaluated,0,49,7.8,7
101,evaluated,0,65,5.7,4
102,evaluated,1,34,11.9,36
103,evaluated,0,55,9.1,13
104,relaxed,0,55,14.7,25
105,relaxed,0,65,10.8,0
106,relaxed,1,25,8.6,12
107,relaxed,1,65,14.5,38
108,relaxed,1,19,13.5,33
109,relaxed,0,59,10.1,2
110,evaluated,0,55,6.1,3
111,relaxed,1,59,13.4,14
112,evaluated,0,30,13.5,12
113,evaluated,0,19,12.4,7
114,relaxed,0,59,7.6,7
115,relaxed,0,49,5.5,3
116,evaluated,0,37,11.4,3
117,evaluated,0,48,7.0,14
118,evaluated,0,63,9.6,14
119,relaxed,1,42,13.8,17
120,relaxed,1,59,13.5,4
121,relaxed,0,69,5.1,4
122,evaluated,1,24,8.0,9
123,relaxed,1,56,9.9,6
124,relaxed,0,28,9.4,2
125,relaxed,1,59,11.9,17
126,relaxed,1,45,13.6,16
127,relaxed,1,48,12.5,8
128,relaxed,0,37,10.5,3
129,evaluated,0,45,8.2,7
130,evaluated,1,66,5.5,26
131,relaxed,1,46,14.1,25
132,relaxed,0,23,13.8,22
133,evaluated,0,49,7.1,7
134,relaxed,0,35,13.7,15
135,evaluated,1,60,13.0,8
136,relaxed,1,24,13.1,12
137,relaxed,0,64,11.0,5
138,evaluated,0,26,8.7,7
139,evaluated,1,29,14.2,24
140,relaxed,0,22,5.5,6
141,evaluated,0,56,11.7,9
142,evaluated,0,65,11.9,15
143,evaluated,1,19,8.2,16
144,relaxed,1,38,13.5,8
145,relaxed,1,49,6.9,18
146,relaxed,1,67,7.0,9
147,evaluated,0,36,12.5,4
148,relaxed,1,51,10.8,2
149,relaxed,0,23,9.7,5
150,relaxed,0,39,12.6,14
151,evaluated,0,19,8.3,6
152,evaluated,1,39,13.6,9
153,evaluated,0,34,10.1,33
154,relaxed,0,58,5.5,3
155,relaxed,0,35,8.6,4
156,relaxed,0,66,13.3,14
157,evaluated,0,35,11.2,9
158,evaluated,1,68,14.0,31
159,evaluated,1,58,7.9,25
160,evaluated,0,58,11.0,11
161,relaxed,1,39,14.9,21
162,relaxed,0,25,8.7,4
163,evaluated,0,34,6.0,8
164,evaluated,0,54,10.7,3
165,relaxed,1,48,6.1,4
166,relaxed,0,31,11.2,10
167,relaxed,0,24,11.3,7
168,evaluated,0,66,10.4,0
169,evaluated,0,51,11.6,12
170,evaluated,1,67,9.3,8
171,evaluated,0,58,13.1,2
172,evaluated,0,31,5.5,1
173,relaxed,0,50,7.2,13
174,relaxed,0,62,12.8,16
175,evaluated,0,22,8.2,4
176,relaxed,0,60,7.0,10
177,relaxed,0,60,9.4,14
178,relaxed,1,51,8.1,10
179,relaxed,1,19,10.5,10
180,relaxed,0,33,12.2,13
181,evaluated,0,52,6.2,6
182,relaxed,1,34,12.1,22
183,relaxed,0,64,6.7,7
184,relaxed,0,20,7.2,4
185,evaluated,1,31,6.8,12
186,relaxed,0,45,11.6,7
187,relaxed,1,63,6.6,6
188,relaxed,1,57,11.0,1
189,relaxed,0,64,6.3,3
190,evaluated,1,51,12.3,33
191,relaxed,1,65,12.8,9
192,relaxed,1,28,12.6,20
193,relaxed,0,34,10.4,4
194,relaxed,1,19,6.1,4
195,evaluated,0,54,9.3,21
196,evaluated,0,30,7.9,8
197,relaxed,0,69,11.3,3
198,evaluated,0,63,13.5,3
199,evaluated,1,39,7.1,5
200,evaluated,0,48,14.8,31
201,evaluated,0,37,9.0,4
202,relaxed,0,58,12.7,9
203,evaluated,0,48,12.6,19
204,evaluated,0,24,5.2,12
205,relaxed,0,53,12.7,9
206,relaxed,0,28,10.9,3
207,relaxed,0,22,15.0,20
208,evaluated,1,52,10.0,11
209,relaxed,1,25,5.7,12
210,relaxed,0,48,6.1,9
211,evaluated,1,58,14.1,5
212,relaxed,0,48,8.2,11
213,relaxed,0,25,8.4,8
214,evaluated,1,60,6.5,3
215,relaxed,0,28,5.7,7
216,evaluated,1,56,13.6,36
217,relaxed,1,39,13.2,12
218,evaluated,0,60,12.8,20
219,evaluated,1,45,7.9,16
220,evaluated,1,52,10.9,22
221,evaluated,0,52,10.5,21
222,relaxed,0,30,12.6,11
223,evaluated,1,34,11.7,22
224,relaxed,1,27,10.4,20
225,relaxed,0,26,7.8,3
226,evaluated,0,48,10.1,7
227,evaluated,0,33,13.8,2
228,evaluated,0,58,10.3,10
229,relaxed,0,68,10.5,10
230,relaxed,0,57,7.7,3
231,relaxed,0,65,9.9,9
232,evaluated,1,25,10.4,20
233,evaluated,1,59,6.7,6
234,evaluated,1,54,9.8,42
235,evaluated,1,65,5.0,17
236,evaluated,0,62,9.4,4
237,evaluated,0,18,5.3,4
238,evaluated,1,31,13.6,20
239,relaxed,0,28,14.1,20
240,evaluated,0,68,6.7,4
241,evaluated,1,23,9.2,25
242,evaluated,0,26,12.9,24
243,relaxed,0,21,9.2,6
244,evaluated,0,67,7.7,4
245,relaxed,1,20,10.4,13
246,relaxed,0,52,13.1,10
247,relaxed,1,44,13.8,2
248,evaluated,1,45,11.4,12
249,relaxed,0,53,12.4,8
250,evaluated,0,42,12.5,35
251,evaluated,0,68,9.9,10
252,relaxed,1,23,7.4,11
253,relaxed,1,21,8.6,16
254,evaluated,0,43,10.5,5
255,relaxed,1,18,5.4,12
256,relaxed,0,61,7.4,6
257,relaxed,0,62,7.3,12
258,relaxed,1,43,13.1,10
259,evaluated,0,28,7.6,4
260,evaluated,0,38,12.5,11
261,relaxed,0,69,6.2,2
262,evaluated,0,31,13.6,12
263,evaluated,1,69,9.6,4
264,relaxed,1,40,11.2,19
265,evaluated,1,44,9.8,6
266,evaluated,1,64,9.5,7
267,relaxed,1,65,9.8,7
268,evaluated,1,50,10.3,15
269,relaxed,0,55,7.0,9
270,evaluated,1,66,10.6,10
271,evaluated,0,19,9.7,11
272,evaluated,0,69,8.2,8
273,evaluated,0,66,11.0,10
274,evaluated,0,46,10.4,4
275,evaluated,0,55,6.3,3
276,relaxed,1,19,8.0,10
277,relaxed,1,63,11.1,10
278,relaxed,1,34,10.8,4
279,evaluated,0,41,6.9,12
280,relaxed,1,48,6.7,8
281,evaluated,1,30,13.4,18
282,evaluated,1,55,7.9,31
283,relaxed,0,58,7.7,12
284,relaxed,0,34,10.2,12
285,relaxed,1,18,14.6,5
286,evaluated,1,31,6.8,6
287,evaluated,1,57,10.5,12
288,evaluated,1,20,13.7,27
289,relaxed,0,21,14.9,2
290,relaxed,1,52,7.4,12
291,relaxed,0,47,12.1,7
292,evaluated,1,40,5.4,3
293,evaluated,1,29,7.6,11
294,relaxed,0,31,5.1,5
295,relaxed,0,39,11.4,4
296,evaluated,0,31,11.5,24
297,relaxed,1,53,7.7,8
298,evaluated,1,23,10.8,26
299,evaluated,0,53,13.5,21
300,evaluated,0,57,13.0,7
