student,group,wave,score
1,control,0,116.5
1,control,1,125.4
1,control,2,130.7
1,control,3,133.7
1,control,4,143.8
2,control,0,96.5
2,control,1,98.2
2,control,2,105.0
2,control,3,111.2
3,control,0,106.8
3,control,1,99.2
3,control,2,104.6
3,control,3,120.3
3,control,4,121.1
4,intervention,0,105.3
4,intervention,1,108.7
4,intervention,2,122.3
4,intervention,4,117.9
5,control,0,103.4
5,control,1,106.0
5,control,2,114.3
5,control,3,128.5
5,control,4,126.8
6,control,0,95.7
6,control,1,94.9
6,control,2,99.5
6,control,3,97.1
6,control,4,96.5
7,intervention,0,96.9
7,intervention,1,110.5
7,intervention,2,115.1
7,intervention,3,122.9
7,intervention,4,132.5
8,control,0,110.4
8,control,1,123.1
8,control,2,131.7
8,control,3,130.1
8,control,4,133.5
9,control,0,111.6
9,control,1,117.4
9,control,2,125.8
9,control,4,134.5
10,control,0,100.1
10,control,1,97.5
10,control,2,117.6
10,control,3,113.7
10,control,4,127.6
11,control,0,90.5
11,control,1,97.6
11,control,2,98.5
11,control,3,112.2
11,control,4,108.9
12,intervention,0,106.3
12,intervention,2,119.8
12,intervention,3,126.9
12,intervention,4,139.7
13,control,0,107.1
13,control,1,103.2
13,control,2,111.3
13,control,3,128.0
13,control,4,127.7
14,control,0,89.0
14,control,2,101.9
14,control,4,101.2
15,control,0,97.4
15,control,2,104.5
15,control,3,112.0
15,control,4,123.1
16,intervention,0,113.0
16,intervention,1,123.6
16,intervention,2,121.2
16,intervention,3,136.8
16,intervention,4,138.5
17,control,0,102.8
17,control,1,97.2
17,control,2,106.3
17,control,3,121.7
17,control,4,106.9
18,intervention,1,110.2
18,intervention,2,126.5
18,intervention,3,132.3
18,intervention,4,141.9
19,control,0,119.2
19,control,1,119.4
19,control,3,138.8
19,control,4,148.1
20,control,0,95.6
20,control,1,94.0
20,control,2,109.4
20,control,4,120.1
21,intervention,0,104.9
21,intervention,1,114.8
21,intervention,2,127.8
21,intervention,3,139.4
21,intervention,4,137.2
22,control,0,96.2
22,control,1,102.2
22,control,2,118.4
22,control,3,120.6
22,control,4,128.9
23,intervention,0,90.3
23,intervention,1,96.2
23,intervention,2,102.1
23,intervention,3,108.6
23,intervention,4,119.8
24,control,0,108.4
24,control,1,118.6
24,control,2,128.9
24,control,3,131.5
24,control,4,123.5
25,intervention,0,97.6
25,intervention,1,107.1
25,intervention,2,124.2
25,intervention,4,138.8
26,control,0,107.3
26,control,1,108.1
26,control,2,120.2
26,control,3,120.4
26,control,4,132.6
27,control,1,115.2
27,control,2,119.2
27,control,3,123.7
27,control,4,127.0
28,control,0,102.1
28,control,1,114.1
28,control,2,127.7
28,control,3,130.9
28,control,4,136.6
29,intervention,1,91.1
29,intervention,2,88.3
29,intervention,3,103.5
29,intervention,4,103.9
30,control,1,88.7
30,control,2,108.1
30,control,3,107.8
30,control,4,108.9
31,intervention,0,99.2
31,intervention,1,112.5
31,intervention,3,128.6
32,intervention,0,120.9
32,intervention,1,123.3
32,intervention,2,136.0
32,intervention,3,124.6
33,control,0,122.8
33,control,1,122.7
33,control,2,127.4
33,control,3,136.2
33,control,4,144.9
34,intervention,0,91.2
34,intervention,1,101.1
34,intervention,2,110.9
34,intervention,3,112.6
34,intervention,4,109.8
35,control,0,108.6
35,control,1,110.9
35,control,2,109.7
35,control,3,114.6
35,control,4,131.2
36,intervention,0,98.9
36,intervention,1,101.0
36,intervention,2,118.8
36,intervention,3,110.9
36,intervention,4,118.7
37,intervention,0,102.2
37,intervention,1,105.7
37,intervention,2,99.4
37,intervention,3,122.1
37,intervention,4,126.3
38,intervention,0,98.8
38,intervention,1,97.5
38,intervention,2,114.7
38,intervention,4,120.6
39,intervention,0,101.3
39,intervention,2,116.4
39,intervention,3,121.7
39,intervention,4,125.2
40,control,0,80.0
40,control,1,81.3
40,control,2,86.6
40,control,3,97.4
40,control,4,101.6
41,control,0,105.5
41,control,1,108.3
41,control,2,115.7
41,control,3,121.4
41,control,4,137.9
42,intervention,0,105.7
42,intervention,1,116.1
42,intervention,2,122.5
42,intervention,3,130.3
42,intervention,4,149.4
43,control,0,103.1
43,control,1,115.6
43,control,2,120.3
43,control,3,117.8
43,control,4,121.6
44,control,1,121.1
44,control,3,121.8
45,intervention,0,113.0
45,intervention,1,125.6
45,intervention,2,131.8
45,intervention,3,128.6
45,intervention,4,135.4
46,intervention,0,90.5
46,intervention,1,99.1
46,intervention,2,105.5
46,intervention,3,112.9
47,control,0,124.4
47,control,1,129.2
47,control,2,138.3
47,control,3,143.2
47,control,4,145.2
48,intervention,1,121.9
48,intervention,2,119.3
48,intervention,3,127.1
48,intervention,4,140.5
49,intervention,0,82.1
49,intervention,1,93.1
49,intervention,2,104.2
49,intervention,4,108.5
50,control,0,107.9
50,control,1,114.5
50,control,2,122.1
50,control,3,134.0
50,control,4,135.8
51,control,0,102.0
51,control,1,103.2
51,control,2,115.2
51,control,3,121.1
51,control,4,136.1
52,control,0,91.2
52,control,1,96.2
52,control,2,96.7
52,control,3,108.4
52,control,4,107.6
53,control,0,102.9
53,control,1,105.1
53,control,2,111.3
53,control,3,115.7
53,control,4,125.3
54,control,0,116.0
54,control,1,123.3
54,control,2,126.1
54,control,3,130.3
54,control,4,140.0
55,control,0,105.1
55,control,1,107.5
55,control,2,122.1
55,control,3,122.3
55,control,4,127.1
56,intervention,0,91.4
56,intervention,1,99.1
56,intervention,2,116.7
56,intervention,3,110.0
56,intervention,4,116.4
57,intervention,0,101.6
57,intervention,1,115.8
57,intervention,2,124.5
57,intervention,3,130.8
57,intervention,4,136.6
58,control,1,100.6
58,control,2,108.3
58,control,3,111.0
58,control,4,102.5
59,intervention,0,102.2
59,intervention,1,108.7
59,intervention,2,119.2
59,intervention,3,125.1
59,intervention,4,136.2
60,intervention,0,115.0
60,intervention,1,123.7
60,intervention,2,123.2
60,intervention,3,133.9
60,intervention,4,135.3
61,control,0,110.5
61,control,1,102.6
61,control,2,108.3
61,control,3,115.0
61,control,4,122.2
62,control,0,75.2
62,control,2,92.5
62,control,3,96.8
62,control,4,96.2
63,intervention,0,117.0
63,intervention,1,120.5
63,intervention,2,136.1
63,intervention,3,136.5
63,intervention,4,142.4
64,control,0,94.8
64,control,1,113.4
64,control,2,113.5
64,control,3,115.2
64,control,4,122.8
65,intervention,0,99.1
65,intervention,1,106.6
65,intervention,2,123.0
65,intervention,4,129.9
66,control,0,89.5
66,control,1,102.0
66,control,2,103.1
66,control,3,111.7
66,control,4,115.2
67,intervention,0,104.5
67,intervention,1,109.4
67,intervention,2,113.6
67,intervention,3,124.5
67,intervention,4,133.7
68,control,0,91.5
68,control,1,98.0
68,control,2,96.1
68,control,3,108.8
68,control,4,108.7
69,control,0,92.8
69,control,2,103.1
69,control,3,108.3
69,control,4,117.9
70,control,0,112.7
70,control,1,114.3
70,control,2,121.5
70,control,3,121.9
71,intervention,0,97.8
71,intervention,1,108.1
71,intervention,2,117.2
71,intervention,3,123.7
71,intervention,4,136.9
72,intervention,0,111.6
72,intervention,1,123.6
72,intervention,2,126.4
72,intervention,3,135.4
72,intervention,4,142.6
73,control,0,106.1
73,control,1,110.3
73,control,2,110.5
73,control,3,120.5
73,control,4,127.9
74,intervention,0,94.1
74,intervention,1,96.9
74,intervention,2,103.7
74,intervention,3,110.1
74,intervention,4,115.4
75,control,0,96.1
75,control,1,101.0
75,control,2,114.6
75,control,3,118.1
75,control,4,123.6
76,control,0,114.6
76,control,1,109.4
76,control,2,111.9
76,control,3,112.1
76,control,4,121.2
77,control,0,96.8
77,control,1,93.8
77,control,2,100.3
77,control,3,105.9
77,control,4,105.1
78,intervention,0,108.8
78,intervention,1,104.4
78,intervention,2,115.3
78,intervention,3,115.5
78,intervention,4,124.0
79,intervention,0,96.9
79,intervention,1,107.1
79,intervention,2,107.7
79,intervention,3,116.1
79,intervention,4,122.5
80,intervention,0,102.6
80,intervention,1,115.6
80,intervention,2,122.8
80,intervention,3,128.9
80,intervention,4,139.5
81,control,1,90.8
81,control,2,95.3
81,control,3,102.9
81,control,4,99.1
82,control,0,102.3
82,control,1,107.7
82,control,2,104.5
82,control,3,115.5
82,control,4,113.2
83,control,0,104.7
83,control,1,110.9
83,control,2,110.2
83,control,3,120.1
83,control,4,121.1
84,control,0,84.0
84,control,1,89.9
84,control,2,85.1
84,control,3,95.7
85,control,0,98.1
85,control,1,111.3
85,control,2,115.9
85,control,3,130.1
85,control,4,135.9
86,control,0,119.8
86,control,1,124.4
86,control,2,134.0
86,control,3,122.0
86,control,4,136.6
87,control,0,84.8
87,control,1,94.9
87,control,2,100.1
87,control,4,116.8
88,intervention,0,101.0
88,intervention,1,98.9
88,intervention,2,106.5
88,intervention,3,113.5
88,intervention,4,121.7
89,intervention,0,92.0
89,intervention,1,100.0
89,intervention,2,114.3
89,intervention,3,114.6
89,intervention,4,122.2
90,intervention,0,103.9
90,intervention,1,117.0
90,intervention,2,111.8
90,intervention,3,117.9
90,intervention,4,132.9
91,intervention,0,109.0
91,intervention,1,113.6
91,intervention,2,116.7
91,intervention,3,115.4
91,intervention,4,120.6
92,intervention,0,93.2
92,intervention,2,106.1
92,intervention,3,114.7
92,intervention,4,121.3
93,control,0,107.4
93,control,1,100.8
93,control,2,112.9
93,control,3,112.7
93,control,4,108.9
94,intervention,0,99.7
94,intervention,1,97.3
94,intervention,2,104.7
94,intervention,3,108.5
95,control,1,92.7
95,control,2,104.9
95,control,3,107.1
95,control,4,113.2
96,intervention,0,105.8
96,intervention,1,106.3
96,intervention,2,118.2
96,intervention,3,128.0
96,intervention,4,138.3
97,control,0,108.1
97,control,1,118.3
97,control,2,122.1
97,control,3,121.7
97,control,4,121.4
98,intervention,0,93.3
98,intervention,2,115.4
98,intervention,3,119.4
98,intervention,4,134.8
99,intervention,0,106.7
99,intervention,1,112.3
99,intervention,2,114.1
99,intervention,4,131.4
100,intervention,0,100.4
100,intervention,1,104.4
100,intervention,2,110.2
100,intervention,3,121.5
100,intervention,4,127.0
101,intervention,0,88.1
101,intervention,1,101.6
101,intervention,2,96.1
101,intervention,3,113.7
101,intervention,4,117.5
102,intervention,1,115.6
102,intervention,2,118.6
102,intervention,3,130.1
102,intervention,4,124.4
103,intervention,0,90.1
103,intervention,1,98.5
103,intervention,2,105.9
103,intervention,3,111.4
104,intervention,0,100.0
104,intervention,1,108.3
104,intervention,2,121.0
104,intervention,3,129.5
104,intervention,4,134.7
105,control,0,90.0
105,control,1,103.8
105,control,2,104.4
105,control,3,112.0
106,control,0,111.0
106,control,1,112.4
106,control,2,113.1
106,control,3,124.7
106,control,4,128.1
107,intervention,0,102.9
107,intervention,1,111.7
107,intervention,2,123.7
107,intervention,3,120.3
107,intervention,4,132.9
108,control,0,105.1
108,control,2,119.8
108,control,3,121.3
108,control,4,124.0
109,control,1,97.4
109,control,2,109.4
109,control,4,111.9
110,control,0,96.7
110,control,1,99.5
110,control,2,95.5
110,control,3,104.9
110,control,4,106.1
111,control,0,98.1
111,control,1,102.9
111,control,2,109.1
111,control,3,112.1
111,control,4,119.6
112,intervention,0,89.5
112,intervention,1,101.9
112,intervention,2,94.7
112,intervention,3,115.2
112,intervention,4,120.8
113,intervention,0,100.8
113,intervention,1,107.5
113,intervention,2,105.2
113,intervention,3,118.3
113,intervention,4,116.5
114,control,0,98.9
114,control,1,112.7
114,control,2,107.8
114,control,3,111.8
114,control,4,111.5
115,control,0,97.8
115,control,1,104.0
115,control,2,119.5
115,control,3,119.5
115,control,4,129.8
116,intervention,0,117.5
116,intervention,1,117.1
116,intervention,2,121.9
116,intervention,3,133.2
116,intervention,4,136.4
117,intervention,0,114.8
117,intervention,1,114.5
117,intervention,2,123.4
117,intervention,3,136.5
117,intervention,4,150.0
118,intervention,0,88.6
118,intervention,1,100.0
118,intervention,2,106.3
118,intervention,3,109.3
118,intervention,4,107.3
119,control,0,117.9
119,control,1,123.5
119,control,2,126.5
119,control,3,125.6
119,control,4,143.1
120,intervention,1,100.2
120,intervention,2,107.7
120,intervention,3,118.9
120,intervention,4,130.8
121,intervention,0,95.3
121,intervention,1,108.6
121,intervention,2,119.9
121,intervention,3,123.2
121,intervention,4,124.9
122,intervention,0,102.8
122,intervention,1,107.3
122,intervention,2,124.9
122,intervention,3,129.5
122,intervention,4,130.3
123,intervention,0,115.6
123,intervention,1,122.5
123,intervention,2,136.4
123,intervention,3,145.5
123,intervention,4,152.6
124,control,1,107.0
124,control,3,110.0
124,control,4,132.6
125,control,0,87.5
125,control,1,83.9
125,control,2,88.4
125,control,3,92.1
125,control,4,89.5
126,control,0,91.7
126,control,1,110.1
126,control,2,104.8
126,control,4,115.9
127,intervention,0,116.4
127,intervention,1,119.3
127,intervention,2,127.3
127,intervention,3,124.7
127,intervention,4,141.1
128,control,0,109.5
128,control,1,116.6
128,control,2,122.9
128,control,3,133.2
128,control,4,128.3
129,control,0,91.1
129,control,1,108.8
129,control,2,109.2
129,control,3,118.5
129,control,4,129.9
130,intervention,1,95.0
130,intervention,2,109.9
130,intervention,3,112.6
130,intervention,4,125.7
131,intervention,0,106.4
131,intervention,1,117.2
131,intervention,2,122.6
131,intervention,3,125.3
132,control,0,107.6
132,control,2,116.6
132,control,3,128.9
133,intervention,0,99.4
133,intervention,1,98.0
133,intervention,2,101.8
133,intervention,3,117.6
133,intervention,4,116.2
134,control,0,112.6
134,control,1,112.7
134,control,2,119.6
134,control,3,121.1
134,control,4,136.6
135,control,0,117.5
135,control,1,116.9
135,control,2,120.3
135,control,3,134.5
135,control,4,138.3
136,intervention,0,98.2
136,intervention,2,110.8
136,intervention,3,124.2
136,intervention,4,134.9
137,control,0,98.2
137,control,1,108.1
137,control,2,112.8
137,control,3,112.7
137,control,4,121.7
138,control,0,92.6
138,control,1,102.4
138,control,2,98.7
138,control,3,113.2
138,control,4,114.2
139,control,0,99.9
139,control,1,101.1
139,control,2,120.9
139,control,3,118.7
139,control,4,134.6
140,control,0,98.4
140,control,1,116.3
140,control,2,107.3
140,control,3,115.7
140,control,4,129.7
141,intervention,0,109.0
141,intervention,1,106.7
141,intervention,2,112.1
141,intervention,3,123.5
141,intervention,4,134.2
142,intervention,0,99.4
142,intervention,2,112.0
142,intervention,3,118.1
142,intervention,4,138.2
143,control,0,107.5
143,control,1,104.0
143,control,2,105.5
143,control,3,110.6
143,control,4,107.5
144,control,0,99.8
144,control,1,100.8
144,control,3,109.7
144,control,4,107.9
145,control,0,106.7
145,control,1,107.5
145,control,2,108.3
145,control,3,108.6
145,control,4,112.2
146,control,0,95.9
146,control,1,95.8
146,control,2,109.7
146,control,3,102.1
146,control,4,116.9
147,intervention,0,109.0
147,intervention,1,107.4
147,intervention,2,113.4
147,intervention,3,126.8
147,intervention,4,128.8
148,intervention,0,109.7
148,intervention,1,115.4
148,intervention,2,122.7
148,intervention,3,127.1
148,intervention,4,132.1
149,control,0,91.7
149,control,1,96.7
149,control,2,98.1
149,control,3,103.0
149,control,4,101.5
150,intervention,0,102.3
150,intervention,1,115.3
150,intervention,2,132.1
150,intervention,3,134.3
150,intervention,4,139.5
151,control,0,110.5
151,control,1,108.8
151,control,2,113.4
151,control,3,118.8
151,control,4,126.1
152,intervention,0,88.2
152,intervention,1,93.2
152,intervention,2,104.7
153,intervention,0,105.4
153,intervention,1,109.0
153,intervention,2,118.1
153,intervention,3,135.6
153,intervention,4,137.3
154,control,0,102.4
154,control,1,108.0
154,control,2,117.3
154,control,3,123.9
154,control,4,122.7
155,control,0,92.0
155,control,1,92.6
155,control,2,102.6
155,control,3,103.8
155,control,4,109.6
156,intervention,0,95.9
156,intervention,1,103.3
156,intervention,2,115.8
156,intervention,3,131.3
156,intervention,4,133.0
157,intervention,0,103.7
157,intervention,1,114.4
157,intervention,2,112.8
157,intervention,3,120.0
157,intervention,4,119.6
158,control,1,98.1
158,control,2,106.4
158,control,3,112.2
158,control,4,119.8
159,control,0,86.3
159,control,1,96.1
159,control,2,101.0
159,control,3,109.2
159,control,4,109.9
160,intervention,0,93.8
160,intervention,1,96.2
160,intervention,2,103.8
160,intervention,3,109.0
160,intervention,4,117.2
161,intervention,0,106.1
161,intervention,1,109.3
161,intervention,2,121.3
161,intervention,3,121.2
161,intervention,4,130.4
162,intervention,0,105.5
162,intervention,1,108.7
162,intervention,2,122.5
162,intervention,3,127.5
162,intervention,4,128.7
163,intervention,0,93.7
163,intervention,1,101.3
163,intervention,2,109.8
163,intervention,3,117.6
163,intervention,4,110.5
164,control,0,91.1
164,control,1,104.7
164,control,2,110.1
164,control,3,106.9
164,control,4,123.0
165,intervention,0,91.9
165,intervention,1,99.2
165,intervention,2,110.1
165,intervention,3,108.5
165,intervention,4,115.1
166,intervention,0,97.7
166,intervention,1,106.2
166,intervention,2,112.4
166,intervention,3,122.6
166,intervention,4,137.5
167,control,0,104.1
167,control,1,115.7
167,control,2,119.1
167,control,3,138.8
167,control,4,138.9
168,intervention,0,105.4
168,intervention,1,111.1
168,intervention,2,109.0
168,intervention,3,124.2
168,intervention,4,135.9
169,intervention,0,101.4
169,intervention,1,109.6
169,intervention,2,109.3
169,intervention,3,128.6
169,intervention,4,121.6
170,control,0,109.4
170,control,1,111.8
170,control,2,121.4
170,control,3,135.9
170,control,4,134.3
171,intervention,0,105.9
171,intervention,1,110.2
171,intervention,2,125.3
171,intervention,3,126.5
171,intervention,4,123.2
172,control,0,104.5
172,control,1,114.9
172,control,3,122.8
172,control,4,129.0
173,control,0,99.9
173,control,1,102.3
173,control,2,109.9
173,control,3,110.8
174,intervention,0,104.1
174,intervention,1,108.9
174,intervention,2,112.0
174,intervention,3,119.5
174,intervention,4,117.3
175,intervention,0,106.2
175,intervention,1,112.1
175,intervention,2,119.1
175,intervention,3,131.6
175,intervention,4,138.6
176,intervention,0,94.6
176,intervention,1,99.1
176,intervention,2,115.1
176,intervention,3,114.0
176,intervention,4,127.5
177,control,0,101.1
177,control,1,99.0
177,control,2,109.2
177,control,3,111.4
177,control,4,114.1
178,intervention,0,95.3
178,intervention,1,108.5
178,intervention,2,114.1
178,intervention,3,121.9
178,intervention,4,120.6
179,control,0,115.0
179,control,2,109.9
179,control,3,122.1
179,control,4,115.6
180,control,0,106.1
180,control,1,104.9
180,control,2,101.5
180,control,3,113.2
180,control,4,123.5
181,intervention,0,95.7
181,intervention,1,105.1
181,intervention,2,111.8
181,intervention,3,117.5
181,intervention,4,121.2
182,intervention,0,114.8
182,intervention,1,111.8
182,intervention,2,129.9
182,intervention,3,128.9
182,intervention,4,141.0
183,intervention,0,103.3
183,intervention,1,112.8
183,intervention,2,121.1
183,intervention,3,126.2
183,intervention,4,128.2
184,intervention,0,102.7
184,intervention,2,114.4
184,intervention,3,125.6
184,intervention,4,132.2
185,control,0,85.1
185,control,1,105.0
185,control,2,100.4
185,control,3,111.6
185,control,4,105.1
186,intervention,0,88.6
186,intervention,1,105.7
186,intervention,2,107.2
186,intervention,3,118.3
186,intervention,4,121.3
187,intervention,0,118.6
187,intervention,1,113.1
187,intervention,2,118.2
187,intervention,3,123.7
187,intervention,4,141.0
188,control,0,93.5
188,control,1,92.3
188,control,2,102.5
188,control,3,103.9
188,control,4,111.9
189,control,0,110.1
189,control,1,108.2
189,control,2,117.3
189,control,3,124.5
189,control,4,135.2
190,control,1,94.7
190,control,3,103.2
190,control,4,101.8
191,control,0,107.7
191,control,1,102.7
191,control,2,120.8
191,control,3,127.1
191,control,4,125.0
192,intervention,0,102.4
192,intervention,1,111.2
192,intervention,3,122.0
192,intervention,4,130.3
193,control,0,89.2
193,control,1,96.2
193,control,2,96.9
193,control,3,97.0
193,control,4,113.5
194,control,0,89.1
194,control,1,93.7
194,control,2,106.5
194,control,3,106.9
194,control,4,109.9
195,intervention,0,93.9
195,intervention,1,111.9
195,intervention,2,114.3
195,intervention,3,123.5
195,intervention,4,129.0
196,intervention,0,110.6
196,intervention,1,115.3
196,intervention,2,114.5
196,intervention,3,125.7
196,intervention,4,137.9
197,control,0,115.3
197,control,1,119.3
197,control,2,127.3
197,control,3,122.6
197,control,4,129.6
198,intervention,0,92.1
198,intervention,1,104.7
198,intervention,2,101.9
198,intervention,3,115.2
199,control,0,94.3
199,control,1,102.8
199,control,2,106.6
199,control,3,113.5
200,intervention,0,87.8
200,intervention,1,98.6
200,intervention,2,101.3
200,intervention,3,104.3
200,intervention,4,106.2
201,intervention,0,109.5
201,intervention,1,110.7
201,intervention,2,117.1
201,intervention,3,124.9
201,intervention,4,137.4
202,control,0,113.4
202,control,1,115.3
202,control,2,121.6
202,control,4,137.3
203,control,0,92.2
203,control,1,97.6
203,control,3,111.5
203,control,4,117.2
204,control,0,112.5
204,control,1,108.8
204,control,3,123.4
204,control,4,128.4
205,control,0,100.3
205,control,1,121.0
205,control,2,119.2
205,control,4,136.1
206,control,0,100.3
206,control,1,105.6
206,control,2,107.4
206,control,3,101.4
206,control,4,116.5
207,intervention,0,96.7
207,intervention,1,104.3
207,intervention,2,113.5
207,intervention,3,109.4
207,intervention,4,118.2
208,control,0,90.3
208,control,1,92.6
208,control,2,95.3
208,control,3,98.0
208,control,4,89.1
209,control,0,102.7
209,control,1,100.3
209,control,2,114.7
209,control,3,110.4
209,control,4,125.8
210,intervention,0,89.3
210,intervention,1,102.6
210,intervention,2,106.1
210,intervention,3,117.7
210,intervention,4,122.9
211,intervention,0,103.7
211,intervention,1,105.2
211,intervention,2,109.7
211,intervention,3,111.8
212,control,1,107.6
212,control,2,103.8
212,control,3,118.3
212,control,4,117.8
213,intervention,0,112.4
213,intervention,1,109.4
213,intervention,2,117.6
213,intervention,3,123.3
213,intervention,4,135.2
214,intervention,0,101.9
214,intervention,1,110.9
214,intervention,2,104.2
214,intervention,3,108.4
214,intervention,4,123.4
215,intervention,0,88.4
215,intervention,1,87.7
215,intervention,3,111.7
215,intervention,4,115.1
216,intervention,0,97.4
216,intervention,1,102.7
216,intervention,2,107.4
216,intervention,3,104.1
216,intervention,4,125.6
217,control,0,108.0
217,control,1,109.9
217,control,2,117.7
217,control,3,124.3
217,control,4,138.7
218,intervention,0,109.2
218,intervention,1,116.3
218,intervention,2,127.4
218,intervention,3,141.4
218,intervention,4,140.0
219,intervention,1,98.8
219,intervention,2,110.4
219,intervention,3,118.3
220,control,0,102.4
220,control,1,120.7
220,control,2,120.6
220,control,3,120.5
220,control,4,135.3
221,intervention,0,104.0
221,intervention,1,111.8
221,intervention,2,110.7
221,intervention,3,122.0
221,intervention,4,131.5
222,intervention,1,107.4
222,intervention,3,124.3
222,intervention,4,135.8
223,control,0,114.8
223,control,1,112.5
223,control,2,127.9
223,control,3,121.2
223,control,4,125.2
224,control,0,99.2
224,control,1,100.9
224,control,2,113.0
224,control,3,113.6
224,control,4,116.1
225,intervention,0,103.0
225,intervention,1,102.5
225,intervention,2,105.1
225,intervention,3,113.1
225,intervention,4,111.3
226,intervention,0,91.8
226,intervention,1,89.4
226,intervention,2,105.3
226,intervention,4,118.3
227,intervention,0,92.5
227,intervention,2,110.5
227,intervention,3,119.6
227,intervention,4,130.3
228,control,0,99.1
228,control,1,105.3
228,control,2,116.0
228,control,3,128.1
228,control,4,133.8
229,control,0,97.3
229,control,1,102.9
229,control,2,108.1
229,control,3,103.4
229,control,4,110.9
230,control,0,91.1
230,control,1,97.4
230,control,2,103.2
230,control,3,115.1
231,intervention,0,106.2
231,intervention,1,114.8
231,intervention,2,118.1
231,intervention,3,114.5
231,intervention,4,124.6
232,intervention,0,110.9
232,intervention,1,118.2
232,intervention,2,136.5
232,intervention,3,135.3
232,intervention,4,151.2
233,intervention,0,101.3
233,intervention,1,100.1
233,intervention,2,121.4
233,intervention,3,125.3
233,intervention,4,138.3
234,intervention,0,97.4
234,intervention,1,103.9
234,intervention,2,108.1
234,intervention,3,115.9
234,intervention,4,119.8
235,control,0,108.5
235,control,1,124.0
235,control,2,133.4
235,control,3,136.6
235,control,4,143.5
236,intervention,0,96.8
236,intervention,1,100.1
236,intervention,2,115.9
236,intervention,3,115.6
236,intervention,4,127.0
237,control,0,89.4
237,control,1,105.8
237,control,2,108.6
237,control,3,111.5
237,control,4,117.9
238,control,0,93.0
238,control,1,91.8
238,control,2,106.3
238,control,3,114.8
238,control,4,113.4
239,intervention,1,105.0
239,intervention,2,114.7
239,intervention,3,122.5
239,intervention,4,127.0
240,control,0,94.7
240,control,1,111.8
240,control,2,107.4
240,control,3,114.6
240,control,4,129.5
241,control,0,109.6
241,control,2,127.3
241,control,3,124.4
241,control,4,128.1
242,intervention,1,101.6
242,intervention,2,112.1
242,intervention,3,113.6
242,intervention,4,124.9
243,intervention,1,95.0
243,intervention,2,102.0
243,intervention,3,115.3
243,intervention,4,115.0
244,intervention,0,101.3
244,intervention,1,113.4
244,intervention,2,124.8
244,intervention,3,134.8
244,intervention,4,147.0
245,intervention,0,92.3
245,intervention,1,99.6
245,intervention,2,102.9
245,intervention,3,108.2
246,intervention,0,105.2
246,intervention,1,111.0
246,intervention,2,124.0
246,intervention,3,126.2
246,intervention,4,127.2
247,intervention,0,106.0
247,intervention,1,99.6
247,intervention,2,110.2
247,intervention,4,115.0
248,intervention,0,102.2
248,intervention,1,106.0
248,intervention,2,120.8
248,intervention,3,112.6
248,intervention,4,124.3
249,intervention,0,95.3
249,intervention,1,111.0
249,intervention,2,113.5
249,intervention,3,130.9
249,intervention,4,120.1
250,control,0,94.3
250,control,1,105.9
250,control,2,109.1
250,control,3,110.1
250,control,4,117.8
