id,reread,notes,selftest,spaced,explain,peers,gpa,true_class
1,1,0,1,1,1,0,4.0,2
2,1,0,1,1,0,0,3.31,2
3,1,1,0,1,0,0,3.15,1
4,0,1,0,0,1,1,3.14,3
5,0,0,1,1,1,0,3.24,2
6,1,1,1,0,1,0,3.15,1
7,0,1,1,1,0,1,3.16,3
8,1,1,0,1,1,1,3.17,3
9,1,0,1,0,1,1,2.97,3
10,1,1,1,0,0,1,2.21,1
11,1,0,1,1,1,0,3.54,2
12,1,1,1,1,1,0,3.0,2
13,1,0,1,1,0,0,3.24,2
14,1,0,1,1,0,0,3.39,2
15,1,0,0,0,0,0,2.53,1
16,1,1,0,1,0,0,3.11,2
17,1,1,1,1,0,1,3.64,2
18,0,0,1,1,1,0,3.53,2
19,1,1,0,0,0,0,3.43,1
20,1,0,0,0,1,0,2.88,1
21,0,1,0,0,0,0,3.55,2
22,0,0,0,0,1,1,2.47,3
23,1,1,0,0,0,0,3.05,1
24,1,1,0,0,0,1,3.36,1
25,0,1,0,1,1,1,3.01,3
26,1,1,0,0,1,0,2.38,1
27,1,1,1,0,1,0,3.19,2
28,1,0,1,1,0,0,3.17,2
29,0,1,0,0,1,0,3.01,3
30,0,1,1,0,1,1,3.38,3
31,0,1,0,0,0,1,2.94,3
32,1,1,0,0,0,0,2.69,1
33,0,1,0,0,0,0,2.82,1
34,0,1,0,0,1,1,3.08,3
35,1,1,0,0,1,1,2.2,3
36,1,1,1,1,1,0,3.78,2
37,1,1,0,0,0,0,2.73,1
38,1,1,0,0,0,0,2.81,1
39,1,0,1,1,1,0,3.37,2
40,0,0,1,0,0,0,2.73,1
41,0,1,0,0,0,0,2.99,1
42,1,0,0,0,1,1,2.9,3
43,1,0,1,1,0,0,3.13,1
44,0,0,1,0,1,1,3.1,3
45,1,0,0,1,1,1,3.13,3
46,1,1,1,0,0,0,3.72,2
47,1,1,0,0,0,0,2.86,2
48,1,1,0,1,1,1,3.49,3
49,1,1,0,1,0,0,3.0,1
50,1,1,0,0,1,0,2.15,1
51,1,1,0,0,0,0,2.82,1
52,1,0,0,0,0,1,3.04,1
53,1,1,0,0,0,0,2.91,1
54,1,1,1,1,0,0,2.86,2
55,0,0,0,0,1,1,3.35,3
56,0,0,1,1,1,0,4.0,2
57,0,1,1,1,0,1,3.57,2
58,1,0,0,1,0,0,3.15,1
59,1,1,0,1,0,0,3.3,2
60,1,1,1,1,1,0,3.24,2
61,1,0,1,0,1,0,3.28,2
62,1,1,0,0,1,1,3.35,3
63,1,1,0,1,0,0,2.42,1
64,0,0,1,0,1,1,3.05,3
65,1,1,1,1,1,0,2.81,2
66,1,0,0,1,1,0,2.88,2
67,0,0,0,0,1,1,3.43,3
68,1,1,1,0,0,1,2.92,1
69,1,1,1,0,0,0,3.11,1
70,0,1,0,1,1,0,2.44,2
71,0,0,1,0,1,0,2.32,2
72,0,0,0,1,1,1,3.33,3
73,1,0,0,1,0,0,2.91,1
74,0,1,0,0,0,0,4.0,2
75,1,0,0,0,0,1,3.48,1
76,1,1,0,0,1,0,2.36,1
77,1,1,1,1,1,0,3.48,2
78,1,1,0,0,0,0,2.52,1
79,0,0,0,0,0,1,3.63,3
80,1,1,0,0,0,0,2.63,1
81,0,0,0,0,0,1,3.17,3
82,0,1,1,1,0,0,3.32,2
83,0,0,1,0,1,0,3.78,2
84,0,0,0,0,1,1,2.35,3
85,1,1,0,0,0,0,3.22,1
86,1,0,0,0,0,0,1.74,1
87,1,1,0,0,0,1,3.34,1
88,1,0,1,1,0,0,3.45,2
89,1,1,0,0,0,0,3.15,1
90,0,1,1,0,1,0,3.59,2
91,1,0,1,1,1,0,3.56,2
92,1,1,1,1,0,0,2.63,2
93,1,1,1,0,0,1,3.13,1
94,0,1,1,0,0,1,2.84,3
95,1,1,0,0,1,1,2.9,3
96,0,1,0,1,0,1,3.29,2
97,1,1,0,1,0,1,3.42,3
98,1,1,0,0,0,0,3.13,1
99,1,0,0,0,1,0,3.73,3
100,0,1,1,1,1,0,2.9,2
101,0,0,1,0,1,1,2.56,3
102,1,1,0,0,0,0,2.41,1
103,1,0,0,0,1,1,2.72,3
104,0,1,1,1,0,0,4.0,2
105,1,1,0,0,0,0,2.54,1
106,1,1,1,0,0,0,2.88,1
107,0,1,1,0,1,1,3.26,3
108,1,1,0,0,0,0,3.14,1
109,1,0,1,1,0,1,4.0,2
110,0,1,1,1,0,0,3.16,2
111,1,1,1,1,0,0,3.4,2
112,1,1,0,0,0,0,2.56,1
113,0,0,1,1,1,0,3.75,2
114,1,1,0,0,0,0,1.46,1
115,0,0,1,0,1,0,3.97,2
116,0,1,1,1,1,0,2.72,2
117,0,1,1,1,1,0,3.16,2
118,0,0,1,1,0,1,3.6,3
119,0,1,1,0,0,0,2.94,2
120,0,1,1,1,1,0,3.46,2
121,1,0,0,1,1,0,2.68,3
122,1,1,1,1,1,0,3.59,2
123,1,0,1,0,1,0,3.08,2
124,1,1,0,0,0,0,2.15,1
125,0,0,0,0,1,1,2.52,3
126,1,1,1,0,0,1,2.94,3
127,0,0,1,1,1,0,3.05,2
128,1,1,0,0,0,0,2.37,1
129,1,1,0,0,0,0,2.71,1
130,1,0,0,0,0,0,2.55,1
131,1,1,0,0,0,0,2.61,1
132,1,1,0,0,0,0,2.13,1
133,1,1,0,0,0,0,2.3,1
134,1,1,0,0,0,0,1.83,1
135,1,0,1,1,0,0,3.73,2
136,0,0,0,0,1,1,2.85,3
137,1,1,0,1,1,1,2.77,2
138,0,0,1,1,1,1,3.36,3
139,0,1,0,0,1,1,2.47,3
140,0,0,0,1,1,1,3.48,3
141,1,1,1,1,1,0,3.55,2
142,0,1,0,0,1,0,3.13,1
143,1,1,0,0,0,1,3.29,1
144,0,1,0,0,0,0,2.73,1
145,1,1,1,1,1,1,3.21,2
146,1,1,1,1,1,0,2.71,2
147,0,0,1,1,1,0,3.68,2
148,0,1,0,1,1,1,3.29,3
149,0,0,1,1,0,1,3.14,2
150,0,1,0,0,0,1,2.89,1
151,1,1,1,1,1,0,3.2,2
152,1,1,1,0,1,1,2.46,3
153,1,1,0,0,0,0,2.72,3
154,1,0,1,1,0,0,2.87,2
155,1,0,0,0,1,1,2.82,3
156,0,0,1,0,1,0,2.71,2
157,1,0,0,0,1,1,2.69,3
158,1,1,0,0,1,0,2.79,1
159,1,1,0,0,0,0,2.76,1
160,0,1,0,1,0,0,3.0,1
161,1,1,0,1,0,1,2.86,1
162,1,0,0,0,1,1,2.72,3
163,1,1,0,0,0,0,3.09,1
164,0,0,0,1,0,1,3.74,3
165,0,0,0,1,1,1,2.6,3
166,1,1,1,0,0,0,2.41,1
167,1,0,1,1,1,0,3.66,2
168,1,1,0,0,1,1,2.56,1
169,1,1,0,0,0,0,2.59,1
170,1,1,1,0,0,0,2.99,1
171,1,1,0,0,0,1,2.39,1
172,1,1,0,0,0,0,2.96,1
173,1,0,1,0,0,1,3.04,1
174,1,1,0,0,0,0,3.16,1
175,0,1,1,0,0,0,3.51,2
176,1,1,0,0,0,1,2.75,1
177,0,1,0,1,1,0,4.0,2
178,1,1,0,0,0,0,2.22,1
179,1,1,0,0,0,0,3.36,1
180,1,1,1,0,0,0,2.8,1
181,1,0,1,1,1,0,3.96,2
182,1,0,1,1,0,0,4.0,2
183,1,1,0,0,0,1,3.12,1
184,0,0,0,0,1,0,3.56,3
185,1,1,1,1,0,0,3.02,1
186,0,1,0,0,0,1,3.19,3
187,0,1,0,0,0,1,2.4,1
188,1,1,0,0,0,0,2.6,1
189,1,1,0,0,0,0,3.01,1
190,0,1,1,1,1,0,4.0,2
191,0,0,1,1,0,0,2.52,2
192,1,1,1,0,0,0,3.32,1
193,1,1,0,0,0,0,3.51,1
194,1,1,0,0,0,0,2.15,1
195,1,1,0,0,1,0,2.11,1
196,1,1,1,0,0,0,2.54,3
197,1,0,0,1,1,1,3.27,3
198,0,1,1,1,1,1,2.88,2
199,1,1,0,0,0,0,2.76,1
200,0,1,1,0,0,1,3.54,3
201,0,0,0,0,0,1,3.2,3
202,0,1,1,1,0,1,3.84,2
203,1,1,0,0,1,0,3.15,1
204,1,1,0,0,0,1,2.67,1
205,0,1,1,0,1,1,2.13,3
206,1,1,0,0,0,0,2.2,1
207,0,1,0,1,1,1,2.85,3
208,1,1,0,0,0,0,2.89,1
209,1,1,0,0,0,0,2.27,1
210,0,0,1,0,1,0,3.59,2
211,1,0,0,0,1,1,2.36,3
212,0,1,1,1,0,0,3.54,3
213,0,1,1,1,1,1,2.97,2
214,1,1,0,0,0,1,2.56,1
215,1,1,0,0,0,0,3.84,1
216,1,0,1,0,1,1,3.3,3
217,1,1,1,0,1,0,3.17,1
218,1,0,0,1,1,1,3.0,3
219,1,1,0,0,0,0,2.33,1
220,1,0,0,1,1,1,2.82,3
221,1,0,0,0,0,0,2.73,1
222,1,1,0,0,0,0,2.89,1
223,1,1,1,0,0,0,2.97,1
224,1,0,0,1,1,1,3.16,3
225,1,1,1,1,1,0,2.8,2
226,1,1,0,0,0,0,3.28,1
227,1,0,0,1,1,0,4.0,2
228,0,1,1,1,0,0,2.75,1
229,1,1,1,1,0,0,4.0,2
230,0,0,0,0,1,1,3.58,3
231,1,1,0,0,0,0,1.78,1
232,1,1,1,0,1,0,3.0,1
233,0,1,0,0,0,0,2.52,1
234,1,1,0,1,0,0,3.92,2
235,0,0,1,1,0,0,3.38,2
236,1,0,1,0,0,1,2.82,3
237,1,0,0,0,1,0,2.42,2
238,1,1,0,0,0,0,2.84,1
239,1,1,0,0,0,0,2.29,1
240,0,1,1,1,1,0,3.24,2
241,1,0,0,1,1,0,3.83,2
242,1,1,1,0,0,0,2.93,1
243,1,1,0,1,0,0,2.37,1
244,1,0,0,0,0,0,3.03,1
245,0,0,0,0,1,1,3.15,3
246,1,1,0,0,0,0,2.32,1
247,0,0,0,0,1,1,2.99,3
248,1,0,1,0,0,0,3.54,2
249,0,0,0,0,0,1,2.58,3
250,1,0,1,1,1,0,2.89,2
251,1,1,1,0,0,0,2.96,1
252,1,0,0,0,1,1,2.97,3
253,0,1,1,1,0,0,3.29,2
254,0,0,0,0,1,1,2.37,3
255,1,1,0,0,0,0,3.35,1
256,1,0,0,1,0,0,3.24,2
257,1,0,0,0,0,1,2.56,1
258,1,1,1,1,0,0,3.66,2
259,0,1,1,0,1,0,3.29,2
260,0,0,0,1,0,0,3.33,2
261,1,0,0,0,0,0,2.43,1
262,1,0,1,0,0,1,3.45,2
263,0,1,0,0,0,1,2.49,1
264,1,1,0,0,0,0,2.86,1
265,1,1,0,0,0,0,2.77,1
266,1,1,0,0,1,0,2.32,1
267,0,1,1,1,0,0,3.21,2
268,1,1,0,0,0,0,2.31,1
269,0,1,1,1,1,0,3.71,2
270,1,0,1,1,1,0,3.29,2
271,0,0,1,0,1,0,3.53,2
272,1,1,1,1,1,1,2.71,1
273,1,1,0,0,0,0,3.54,1
274,0,1,0,0,1,1,3.27,3
275,1,1,0,0,0,0,3.03,1
276,1,1,1,1,1,0,3.8,2
277,0,1,1,0,1,0,3.43,2
278,0,1,0,0,0,0,2.94,1
279,1,1,0,1,1,0,4.0,2
280,1,1,0,0,0,0,3.37,1
281,1,1,0,0,0,0,3.64,1
282,1,1,0,0,0,0,2.75,1
283,0,0,0,1,1,1,3.3,3
284,1,1,0,0,0,0,2.74,1
285,1,0,1,1,1,0,3.55,2
286,1,1,0,0,0,0,2.4,1
287,1,1,1,0,0,1,2.5,1
288,1,0,0,0,0,0,2.47,1
289,0,0,0,1,1,0,3.39,2
290,1,0,0,0,0,0,3.0,1
291,1,1,0,0,0,0,2.26,1
292,0,0,0,1,0,0,2.31,1
293,1,1,1,0,1,0,3.37,2
294,1,0,0,1,1,0,3.93,2
295,1,1,1,1,1,1,2.79,3
296,1,1,1,0,0,1,2.98,1
297,0,1,0,0,0,0,2.44,1
298,1,0,0,0,0,1,2.83,1
299,0,1,1,1,1,0,3.51,2
300,0,1,1,0,0,1,2.63,3
301,1,1,1,0,0,1,2.88,1
302,0,0,0,0,0,0,2.88,1
303,0,1,1,1,1,1,2.54,3
304,1,1,1,1,0,0,3.68,2
305,1,0,0,0,1,1,2.47,3
306,1,1,1,0,0,0,3.4,1
307,1,0,0,0,0,1,3.44,1
308,1,1,0,0,0,1,3.19,1
309,1,1,0,0,1,1,3.24,3
310,1,1,0,0,0,0,2.64,1
311,1,0,0,1,1,1,3.45,2
312,0,1,0,0,0,0,2.64,1
313,1,1,1,0,0,0,2.91,1
314,1,1,1,1,1,0,2.49,2
315,1,1,0,0,0,0,3.56,1
316,0,0,1,1,1,0,4.0,2
317,0,0,0,0,1,1,3.79,3
318,1,1,0,0,0,0,2.76,1
319,1,0,1,1,0,1,2.95,2
320,1,1,0,0,0,1,2.54,1
321,0,1,0,0,0,1,3.22,3
322,0,1,1,1,1,0,3.18,2
323,0,0,1,1,1,0,3.74,2
324,0,0,0,0,1,0,2.81,3
325,1,0,0,0,1,1,2.55,3
326,1,1,0,0,0,1,3.08,1
327,1,0,1,0,0,1,4.0,3
328,1,1,0,0,0,0,3.15,1
329,1,0,1,0,0,0,2.46,1
330,0,1,0,0,1,0,2.31,1
331,1,0,0,0,0,0,3.15,1
332,1,1,1,0,0,0,2.01,1
333,1,0,0,1,1,1,3.1,2
334,1,0,0,0,1,1,3.44,3
335,1,1,0,0,1,0,2.62,1
336,1,1,0,0,0,0,2.77,1
337,1,1,0,0,0,0,3.35,1
338,1,1,0,0,0,0,3.01,1
339,1,0,0,1,1,1,3.09,3
340,0,0,1,1,1,0,3.04,2
341,1,1,0,0,0,0,2.98,1
342,1,1,1,0,0,0,2.7,1
343,1,1,0,0,0,0,3.41,1
344,1,1,1,1,1,0,3.75,2
345,1,1,0,0,0,1,2.46,1
346,0,1,1,1,1,1,3.25,2
347,1,1,0,1,1,1,1.97,1
348,0,0,1,1,1,0,3.95,2
349,0,1,0,0,1,1,3.51,3
350,1,1,0,0,1,1,3.18,3
351,1,1,1,1,0,0,3.66,2
352,1,1,0,0,0,0,3.0,1
353,1,1,1,0,0,0,2.28,1
354,1,1,0,0,0,1,3.22,1
355,1,0,1,0,1,0,3.45,2
356,0,0,1,1,0,1,2.72,2
357,0,1,1,0,0,0,3.89,2
358,1,1,1,0,0,0,3.47,1
359,1,1,0,0,0,1,3.51,3
360,0,0,1,1,1,0,3.31,2
361,1,1,1,1,1,0,3.06,2
362,1,1,1,0,0,0,2.37,1
363,1,1,0,0,0,0,2.45,1
364,1,1,1,0,0,1,3.25,2
365,1,1,0,0,1,0,3.37,1
366,0,1,1,0,0,1,3.93,3
367,1,0,0,0,0,0,2.83,1
368,1,1,1,0,1,0,3.55,2
369,1,1,0,0,0,0,2.91,1
370,0,0,1,1,0,0,3.69,2
371,0,1,1,1,1,1,2.83,3
372,1,1,1,1,0,0,4.0,2
373,1,1,0,1,0,1,2.98,1
374,0,0,0,1,1,0,3.33,2
375,1,1,0,0,0,0,2.37,1
376,0,1,1,0,0,1,2.92,1
377,1,0,1,1,0,0,2.97,2
378,0,0,0,1,1,1,3.07,3
379,0,0,1,1,1,0,4.0,2
380,1,1,0,0,0,0,3.37,1
381,0,1,1,0,0,0,3.81,3
382,1,1,1,1,0,0,3.1,2
383,0,1,0,0,1,0,3.38,3
384,0,0,1,1,1,0,4.0,2
385,1,0,1,1,1,0,3.31,2
386,1,1,1,0,0,0,2.85,1
387,1,1,1,1,0,1,3.17,2
388,0,1,1,1,0,0,3.42,2
389,1,1,0,1,0,0,2.65,1
390,0,1,0,1,1,1,3.0,2
391,0,0,0,1,1,1,3.19,3
392,1,1,0,0,0,0,2.31,1
393,0,0,1,0,1,1,2.19,3
394,1,1,0,0,0,0,2.77,1
395,1,1,0,0,0,0,2.9,1
396,0,1,0,0,0,1,3.58,3
397,1,1,0,0,0,0,2.55,1
398,1,1,0,0,0,1,2.86,1
399,1,1,1,0,1,0,3.88,2
400,1,1,0,0,0,0,2.7,1
401,0,1,0,0,1,1,2.65,3
402,1,0,1,0,1,0,3.88,2
403,0,0,1,1,1,0,3.52,2
404,1,0,0,0,0,0,2.49,1
405,1,1,0,1,0,0,2.71,1
406,1,0,0,0,0,1,2.9,1
407,1,1,1,0,1,0,2.85,2
408,0,0,0,0,1,0,3.3,3
409,1,1,0,0,0,1,1.94,1
410,0,0,0,0,1,1,2.58,3
411,1,1,1,1,1,0,3.35,2
412,0,1,0,0,1,1,3.17,3
413,0,1,1,1,1,0,3.02,2
414,1,0,1,1,1,0,2.93,2
415,1,1,0,0,0,0,2.18,1
416,0,0,1,1,0,0,2.68,2
417,1,1,0,0,0,1,2.74,1
418,1,0,0,1,0,0,3.89,2
419,1,1,0,0,0,0,2.83,1
420,1,1,0,0,1,0,3.06,1
421,1,1,1,1,0,0,3.33,2
422,1,1,1,0,0,0,2.38,1
423,0,0,1,1,0,0,2.91,2
424,0,0,1,0,1,1,2.32,3
425,0,0,1,0,0,0,3.01,2
426,1,0,1,0,0,1,2.83,3
427,1,1,0,0,0,1,2.85,1
428,1,1,0,1,0,0,3.08,2
429,1,1,0,0,0,0,2.81,1
430,1,1,0,0,1,0,3.08,1
431,0,0,1,1,0,0,3.14,2
432,1,1,0,0,0,0,2.77,1
433,1,1,1,1,1,0,3.16,2
434,1,0,0,1,1,1,2.92,3
435,1,1,0,0,1,0,2.65,1
436,1,1,1,1,0,0,3.32,2
437,0,1,1,0,0,0,3.22,1
438,1,1,0,0,0,0,1.92,1
439,1,1,0,0,0,0,2.81,1
440,0,0,1,0,1,1,3.17,3
441,1,0,0,0,0,0,2.9,1
442,0,0,0,0,1,1,3.58,3
443,0,1,1,1,1,1,4.0,2
444,0,0,0,0,1,1,3.03,3
445,0,1,0,1,1,0,2.9,2
446,0,1,1,1,1,1,3.03,3
447,1,1,0,0,0,1,3.16,1
448,1,1,0,0,0,0,3.19,1
449,1,1,0,1,1,1,2.73,3
450,1,1,0,1,0,0,2.21,1
451,1,0,0,1,0,0,3.49,1
452,1,1,0,0,0,0,2.6,1
453,1,1,0,0,0,0,2.54,1
454,1,1,0,0,0,0,2.58,1
455,1,0,1,0,0,0,2.4,1
456,0,0,1,0,1,0,3.57,2
457,1,1,1,1,0,0,3.25,2
458,1,1,0,0,0,0,3.41,1
459,1,1,1,0,0,0,2.9,1
460,0,0,1,1,0,0,3.68,2
461,1,0,0,1,0,0,3.73,1
462,1,1,0,0,0,1,2.94,1
463,0,1,1,0,0,0,2.81,2
464,1,1,1,0,0,0,3.33,1
465,1,1,1,1,1,0,3.34,2
466,0,1,0,1,0,0,3.43,2
467,1,1,1,1,1,0,3.41,2
468,1,0,0,0,0,0,3.19,1
469,1,0,0,0,1,0,2.9,1
470,1,1,1,1,0,0,3.38,2
471,1,1,0,0,1,0,4.0,1
472,0,1,1,0,1,0,3.19,2
473,1,1,1,1,1,0,4.0,2
474,0,1,1,1,1,0,3.17,2
475,1,1,0,0,1,0,2.97,1
476,1,1,0,0,0,0,2.43,1
477,0,0,0,0,1,1,3.62,3
478,1,0,0,0,0,0,3.79,1
479,1,1,0,0,0,0,2.18,1
480,1,1,0,0,0,0,3.32,1
481,1,1,0,0,0,0,3.03,1
482,0,0,1,0,0,1,3.19,2
483,0,0,0,0,1,1,2.7,3
484,1,0,0,0,0,1,2.91,1
485,1,1,1,0,1,1,3.41,3
486,1,1,0,0,0,0,2.73,1
487,0,0,1,1,0,0,3.55,2
488,1,0,1,1,1,0,3.91,2
489,0,1,0,0,0,0,2.45,1
490,1,1,1,1,0,0,3.56,2
491,1,1,1,1,1,0,3.25,2
492,0,0,0,1,1,1,3.18,3
493,0,1,1,0,1,0,2.62,3
494,1,1,0,0,0,0,3.12,1
495,0,1,0,1,1,0,2.79,3
496,1,0,1,1,1,0,3.68,2
497,1,1,0,0,0,0,3.08,1
498,1,1,0,0,0,0,2.77,1
499,1,1,1,0,1,1,3.3,3
500,0,0,1,1,1,0,3.26,2
