participant,item,structure,distance,rating,correct
1,1,simple,short,5,1
1,2,simple,long,6,0
1,3,complex,short,3,1
1,4,complex,long,1,0
1,5,simple,short,4,1
1,6,simple,long,2,1
1,7,complex,short,3,0
1,8,complex,long,2,0
1,9,simple,short,3,1
1,10,simple,long,6,1
1,11,complex,short,6,1
1,12,complex,long,1,0
1,13,simple,short,5,1
1,14,simple,long,2,1
1,15,complex,short,3,1
1,16,complex,long,2,0
1,17,simple,short,7,1
1,18,simple,long,3,1
1,19,complex,short,1,0
1,20,complex,long,1,0
1,21,simple,short,3,0
1,22,simple,long,6,0
1,23,complex,short,3,1
1,24,complex,long,2,0
1,25,simple,short,4,1
1,26,simple,long,5,1
1,27,complex,short,5,1
1,28,complex,long,2,1
1,29,simple,short,6,1
1,30,simple,long,3,0
1,31,complex,short,5,0
1,32,complex,long,7,1
2,1,simple,long,5,1
2,2,complex,short,2,0
2,3,complex,long,3,1
2,4,simple,short,5,0
2,5,simple,long,5,0
2,6,complex,short,2,1
2,7,complex,long,1,1
2,8,simple,short,1,0
2,9,simple,long,3,0
2,10,complex,short,6,0
2,11,complex,long,1,1
2,12,simple,short,4,0
2,13,simple,long,3,1
2,14,complex,short,3,1
2,15,complex,long,1,1
2,16,simple,short,6,0
2,17,simple,long,2,1
2,18,complex,short,5,1
2,19,complex,long,1,1
2,20,simple,short,2,1
2,21,simple,long,4,0
2,22,complex,short,5,1
2,23,complex,long,4,1
2,24,simple,short,2,1
2,25,simple,long,7,1
2,26,complex,short,4,0
2,27,complex,long,4,1
2,28,simple,short,2,1
2,29,simple,long,7,1
2,30,complex,short,6,0
2,31,complex,long,2,1
2,32,simple,short,6,0
3,1,complex,short,3,1
3,2,complex,long,2,1
3,3,simple,short,3,1
3,4,simple,long,2,1
3,5,complex,short,4,1
3,6,complex,long,1,1
3,7,simple,short,4,1
3,8,simple,long,2,0
3,9,complex,short,5,1
3,10,complex,long,2,0
3,11,simple,short,2,0
3,12,simple,long,4,1
3,13,complex,short,2,0
3,14,complex,long,2,1
3,15,simple,short,3,1
3,16,simple,long,4,1
3,17,complex,short,1,1
3,18,complex,long,1,1
3,19,simple,short,3,0
3,20,simple,long,4,1
3,21,complex,short,4,1
3,22,complex,long,3,1
3,23,simple,short,4,1
3,24,simple,long,3,1
3,25,complex,short,5,0
3,26,complex,long,3,0
3,27,simple,short,6,1
3,28,simple,long,4,0
3,29,complex,short,3,1
3,30,complex,long,3,1
3,31,simple,short,3,0
3,32,simple,long,3,0
4,1,complex,long,2,1
4,2,simple,short,4,1
4,3,simple,long,1,1
4,4,complex,short,1,1
4,5,complex,long,2,0
4,6,simple,short,1,1
4,7,simple,long,2,0
4,8,complex,short,1,1
4,9,complex,long,1,0
4,10,simple,short,1,1
4,11,simple,long,4,1
4,12,complex,short,2,1
4,13,complex,long,1,1
4,14,simple,short,1,1
4,15,simple,long,2,1
4,16,complex,short,1,1
4,17,complex,long,1,1
4,18,simple,short,4,1
4,19,simple,long,1,1
4,20,complex,short,3,0
4,21,complex,long,1,1
4,22,simple,short,1,1
4,23,simple,long,1,1
4,24,complex,short,1,1
4,25,complex,long,1,1
4,26,simple,short,3,1
4,27,simple,long,2,1
4,28,complex,short,1,1
4,29,complex,long,1,1
4,30,simple,short,2,1
4,31,simple,long,2,1
4,32,complex,short,1,0
5,1,simple,short,6,1
5,2,simple,long,3,1
5,3,complex,short,4,1
5,4,complex,long,2,0
5,5,simple,short,7,1
5,6,simple,long,4,1
5,7,complex,short,4,0
5,8,complex,long,4,1
5,9,simple,short,4,1
5,10,simple,long,6,1
5,11,complex,short,4,1
5,12,complex,long,3,0
5,13,simple,short,4,1
5,14,simple,long,5,0
5,15,complex,short,3,1
5,16,complex,long,6,1
5,17,simple,short,6,1
5,18,simple,long,7,1
5,19,complex,short,4,1
5,20,complex,long,2,1
5,21,simple,short,5,0
5,22,simple,long,6,1
5,23,complex,short,5,1
5,24,complex,long,1,1
5,25,simple,short,5,1
5,26,simple,long,7,1
5,27,complex,short,4,1
5,28,complex,long,2,1
5,29,simple,short,5,1
5,30,simple,long,3,1
5,31,complex,short,6,1
5,32,complex,long,4,1
6,1,simple,long,4,0
6,2,complex,short,6,1
6,3,complex,long,1,1
6,4,simple,short,2,1
6,5,simple,long,5,1
6,6,complex,short,1,0
6,7,complex,long,2,1
6,8,simple,short,2,0
6,9,simple,long,5,1
6,10,complex,short,2,1
6,11,complex,long,1,0
6,12,simple,short,5,1
6,13,simple,long,3,1
6,14,complex,short,1,0
6,15,complex,long,2,1
6,16,simple,short,3,0
6,17,simple,long,4,1
6,18,complex,short,1,1
6,19,complex,long,1,1
6,20,simple,short,4,1
6,21,simple,long,3,0
6,22,complex,short,3,1
6,23,complex,long,4,1
6,24,simple,short,2,1
6,25,simple,long,4,1
6,26,complex,short,4,0
6,27,complex,long,3,1
6,28,simple,short,2,1
6,29,simple,long,3,1
6,30,complex,short,1,0
6,31,complex,long,3,1
6,32,simple,short,4,1
7,1,complex,short,6,1
7,2,complex,long,2,1
7,3,simple,short,7,1
7,4,simple,long,2,1
7,5,complex,short,6,1
7,6,complex,long,2,1
7,7,simple,short,2,1
7,8,simple,long,2,1
7,9,complex,short,5,0
7,10,complex,long,4,1
7,11,simple,short,5,1
7,12,simple,long,4,1
7,13,complex,short,2,1
7,14,complex,long,1,1
7,15,simple,short,2,1
7,16,simple,long,2,1
7,17,complex,short,1,1
7,18,complex,long,1,1
7,19,simple,short,2,0
7,20,simple,long,2,1
7,21,complex,short,6,1
7,22,complex,long,1,1
7,23,simple,short,4,1
7,24,simple,long,2,1
7,25,complex,short,2,1
7,26,complex,long,2,1
7,27,simple,short,5,1
7,28,simple,long,5,1
7,29,complex,short,4,1
7,30,complex,long,1,1
7,31,simple,short,4,1
7,32,simple,long,5,1
8,1,complex,long,1,1
8,2,simple,short,4,1
8,3,simple,long,5,0
8,4,complex,short,1,1
8,5,complex,long,3,1
8,6,simple,short,3,0
8,7,simple,long,3,1
8,8,complex,short,2,0
8,9,complex,long,3,1
8,10,simple,short,1,1
8,11,simple,long,4,0
8,12,complex,short,1,1
8,13,complex,long,1,1
8,14,simple,short,3,0
8,15,simple,long,1,1
8,16,complex,short,2,0
8,17,complex,long,1,1
8,18,simple,short,1,0
8,19,simple,long,1,1
8,20,complex,short,3,1
8,21,complex,long,1,1
8,22,simple,short,3,1
8,23,simple,long,1,1
8,24,complex,short,6,1
8,25,complex,long,4,1
8,26,simple,short,2,1
8,27,simple,long,4,0
8,28,complex,short,3,0
8,29,complex,long,3,1
8,30,simple,short,3,1
8,31,simple,long,4,1
8,32,complex,short,3,1
9,1,simple,short,5,1
9,2,simple,long,2,1
9,3,complex,short,4,1
9,4,complex,long,1,1
9,5,simple,short,5,1
9,6,simple,long,3,1
9,7,complex,short,1,0
9,8,complex,long,1,1
9,9,simple,short,4,0
9,10,simple,long,6,1
9,11,complex,short,5,1
9,12,complex,long,1,0
9,13,simple,short,3,1
9,14,simple,long,3,1
9,15,complex,short,2,1
9,16,complex,long,4,1
9,17,simple,short,2,1
9,18,simple,long,1,1
9,19,complex,short,1,1
9,20,complex,long,1,1
9,21,simple,short,3,1
9,22,simple,long,3,1
9,23,complex,short,1,1
9,24,complex,long,1,1
9,25,simple,short,5,1
9,26,simple,long,5,1
9,27,complex,short,4,0
9,28,complex,long,3,0
9,29,simple,short,6,1
9,30,simple,long,4,1
9,31,complex,short,5,1
9,32,complex,long,2,1
10,1,simple,long,2,1
10,2,complex,short,3,1
10,3,complex,long,2,1
10,4,simple,short,2,1
10,5,simple,long,4,1
10,6,complex,short,4,1
10,7,complex,long,3,1
10,8,simple,short,3,1
10,9,simple,long,3,1
10,10,complex,short,4,1
10,11,complex,long,2,1
10,12,simple,short,2,1
10,13,simple,long,2,1
10,14,complex,short,3,1
10,15,complex,long,1,1
10,16,simple,short,5,1
10,17,simple,long,2,1
10,18,complex,short,4,1
10,19,complex,long,1,1
10,20,simple,short,3,1
10,21,simple,long,3,1
10,22,complex,short,3,1
10,23,complex,long,4,1
10,24,simple,short,5,1
10,25,simple,long,5,1
10,26,complex,short,3,1
10,27,complex,long,1,0
10,28,simple,short,6,1
10,29,simple,long,7,1
10,30,complex,short,4,1
10,31,complex,long,2,0
10,32,simple,short,2,1
11,1,complex,short,2,1
11,2,complex,long,4,1
11,3,simple,short,6,1
11,4,simple,long,3,0
11,5,complex,short,4,1
11,6,complex,long,2,1
11,7,simple,short,5,0
11,8,simple,long,3,0
11,9,complex,short,5,1
11,10,complex,long,1,1
11,11,simple,short,4,1
11,12,simple,long,1,0
11,13,complex,short,5,1
11,14,complex,long,3,1
11,15,simple,short,5,1
11,16,simple,long,5,0
11,17,complex,short,5,0
11,18,complex,long,3,1
11,19,simple,short,5,0
11,20,simple,long,6,1
11,21,complex,short,4,1
11,22,complex,long,1,1
11,23,simple,short,6,1
11,24,simple,long,3,1
11,25,complex,short,5,1
11,26,complex,long,5,1
11,27,simple,short,4,1
11,28,simple,long,3,1
11,29,complex,short,2,0
11,30,complex,long,1,1
11,31,simple,short,4,0
11,32,simple,long,3,0
12,1,complex,long,3,0
12,2,simple,short,2,1
12,3,simple,long,5,1
12,4,complex,short,2,1
12,5,complex,long,3,1
12,6,simple,short,4,1
12,7,simple,long,4,1
12,8,complex,short,1,0
12,9,complex,long,2,1
12,10,simple,short,3,1
12,11,simple,long,3,1
12,12,complex,short,7,1
12,13,complex,long,1,1
12,14,simple,short,6,1
12,15,simple,long,1,1
12,16,complex,short,1,1
12,17,complex,long,2,1
12,18,simple,short,4,1
12,19,simple,long,3,1
12,20,complex,short,3,1
12,21,complex,long,2,1
12,22,simple,short,7,1
12,23,simple,long,3,1
12,24,complex,short,4,1
12,25,complex,long,3,0
12,26,simple,short,5,1
12,27,simple,long,5,1
12,28,complex,short,6,1
12,29,complex,long,4,1
12,30,simple,short,6,1
12,31,simple,long,4,1
12,32,complex,short,5,0
13,1,simple,short,4,1
13,2,simple,long,4,1
13,3,complex,short,4,1
13,4,complex,long,1,1
13,5,simple,short,7,1
13,6,simple,long,5,1
13,7,complex,short,2,1
13,8,complex,long,1,1
13,9,simple,short,3,1
13,10,simple,long,3,0
13,11,complex,short,4,0
13,12,complex,long,2,0
13,13,simple,short,2,1
13,14,simple,long,1,1
13,15,complex,short,3,1
13,16,complex,long,2,0
13,17,simple,short,2,1
13,18,simple,long,6,1
13,19,complex,short,2,1
13,20,complex,long,4,0
13,21,simple,short,4,1
13,22,simple,long,3,0
13,23,complex,short,4,1
13,24,complex,long,1,1
13,25,simple,short,6,1
13,26,simple,long,6,1
13,27,complex,short,2,0
13,28,complex,long,1,1
13,29,simple,short,7,1
13,30,simple,long,3,1
13,31,complex,short,4,1
13,32,complex,long,1,1
14,1,simple,long,3,1
14,2,complex,short,7,1
14,3,complex,long,2,1
14,4,simple,short,5,1
14,5,simple,long,6,1
14,6,complex,short,4,1
14,7,complex,long,2,0
14,8,simple,short,3,1
14,9,simple,long,3,0
14,10,complex,short,3,1
14,11,complex,long,3,0
14,12,simple,short,4,1
14,13,simple,long,7,0
14,14,complex,short,5,1
14,15,complex,long,3,1
14,16,simple,short,4,1
14,17,simple,long,4,1
14,18,complex,short,3,1
14,19,complex,long,1,1
14,20,simple,short,5,1
14,21,simple,long,4,1
14,22,complex,short,3,1
14,23,complex,long,2,1
14,24,simple,short,1,1
14,25,simple,long,5,1
14,26,complex,short,5,0
14,27,complex,long,3,1
14,28,simple,short,5,1
14,29,simple,long,5,1
14,30,complex,short,3,0
14,31,complex,long,6,1
14,32,simple,short,3,1
15,1,complex,short,1,1
15,2,complex,long,1,1
15,3,simple,short,7,1
15,4,simple,long,2,1
15,5,complex,short,2,1
15,6,complex,long,1,0
15,7,simple,short,2,1
15,8,simple,long,1,0
15,9,complex,short,3,0
15,10,complex,long,1,1
15,11,simple,short,1,1
15,12,simple,long,2,0
15,13,complex,short,3,1
15,14,complex,long,1,1
15,15,simple,short,3,1
15,16,simple,long,2,0
15,17,complex,short,1,0
15,18,complex,long,5,1
15,19,simple,short,2,0
15,20,simple,long,5,1
15,21,complex,short,1,1
15,22,complex,long,2,0
15,23,simple,short,5,1
15,24,simple,long,1,0
15,25,complex,short,4,0
15,26,complex,long,1,0
15,27,simple,short,3,0
15,28,simple,long,4,1
15,29,complex,short,2,0
15,30,complex,long,3,0
15,31,simple,short,3,0
15,32,simple,long,2,0
16,1,complex,long,3,1
16,2,simple,short,7,1
16,3,simple,long,3,1
16,4,complex,short,3,1
16,5,complex,long,5,1
16,6,simple,short,5,1
16,7,simple,long,1,1
16,8,complex,short,5,0
16,9,complex,long,1,1
16,10,simple,short,6,1
16,11,simple,long,5,1
16,12,complex,short,3,1
16,13,complex,long,1,1
16,14,simple,short,7,1
16,15,simple,long,4,0
16,16,complex,short,4,1
16,17,complex,long,2,1
16,18,simple,short,5,1
16,19,simple,long,2,0
16,20,complex,short,2,1
16,21,complex,long,4,0
16,22,simple,short,7,1
16,23,simple,long,7,1
16,24,complex,short,3,1
16,25,complex,long,4,0
16,26,simple,short,4,1
16,27,simple,long,7,1
16,28,complex,short,5,1
16,29,complex,long,3,0
16,30,simple,short,4,1
16,31,simple,long,6,1
16,32,complex,short,4,1
17,1,simple,short,6,1
17,2,simple,long,2,1
17,3,complex,short,3,1
17,4,complex,long,1,1
17,5,simple,short,5,1
17,6,simple,long,1,1
17,7,complex,short,2,0
17,8,complex,long,1,1
17,9,simple,short,2,1
17,10,simple,long,3,1
17,11,complex,short,6,0
17,12,complex,long,1,1
17,13,simple,short,2,1
17,14,simple,long,3,1
17,15,complex,short,1,1
17,16,complex,long,1,1
17,17,simple,short,1,1
17,18,simple,long,4,1
17,19,complex,short,1,0
17,20,complex,long,1,1
17,21,simple,short,4,1
17,22,simple,long,3,1
17,23,complex,short,4,1
17,24,complex,long,1,1
17,25,simple,short,2,1
17,26,simple,long,4,1
17,27,complex,short,1,1
17,28,complex,long,1,1
17,29,simple,short,2,1
17,30,simple,long,3,0
17,31,complex,short,2,0
17,32,complex,long,1,1
18,1,simple,long,4,1
18,2,complex,short,2,1
18,3,complex,long,1,1
18,4,simple,short,1,1
18,5,simple,long,3,1
18,6,complex,short,2,1
18,7,complex,long,1,1
18,8,simple,short,3,1
18,9,simple,long,4,1
18,10,complex,short,4,1
18,11,complex,long,2,1
18,12,simple,short,3,1
18,13,simple,long,1,0
18,14,complex,short,3,1
18,15,complex,long,1,1
18,16,simple,short,4,1
18,17,simple,long,7,1
18,18,complex,short,4,1
18,19,complex,long,1,1
18,20,simple,short,4,1
18,21,simple,long,3,1
18,22,complex,short,4,1
18,23,complex,long,1,1
18,24,simple,short,3,1
18,25,simple,long,4,1
18,26,complex,short,4,1
18,27,complex,long,5,1
18,28,simple,short,1,1
18,29,simple,long,5,0
18,30,complex,short,3,0
18,31,complex,long,3,1
18,32,simple,short,4,1
19,1,complex,short,4,1
19,2,complex,long,3,1
19,3,simple,short,3,1
19,4,simple,long,2,1
19,5,complex,short,1,1
19,6,complex,long,2,1
19,7,simple,short,3,1
19,8,simple,long,1,1
19,9,complex,short,1,1
19,10,complex,long,3,1
19,11,simple,short,3,1
19,12,simple,long,3,1
19,13,complex,short,3,1
19,14,complex,long,1,1
19,15,simple,short,3,1
19,16,simple,long,2,0
19,17,complex,short,1,0
19,18,complex,long,1,1
19,19,simple,short,3,1
19,20,simple,long,2,1
19,21,complex,short,2,1
19,22,complex,long,4,1
19,23,simple,short,6,0
19,24,simple,long,3,0
19,25,complex,short,5,1
19,26,complex,long,2,1
19,27,simple,short,4,1
19,28,simple,long,1,1
19,29,complex,short,2,1
19,30,complex,long,1,1
19,31,simple,short,5,1
19,32,simple,long,1,1
20,1,complex,long,2,1
20,2,simple,short,5,1
20,3,simple,long,4,1
20,4,complex,short,2,1
20,5,complex,long,5,1
20,6,simple,short,5,1
20,7,simple,long,3,1
20,8,complex,short,4,1
20,9,complex,long,1,0
20,10,simple,short,4,0
20,11,simple,long,4,1
20,12,complex,short,1,1
20,13,complex,long,1,0
20,14,simple,short,6,1
20,15,simple,long,5,1
20,16,complex,short,3,1
20,17,complex,long,1,1
20,18,simple,short,5,1
20,19,simple,long,3,0
20,20,complex,short,3,0
20,21,complex,long,1,1
20,22,simple,short,5,1
20,23,simple,long,4,0
20,24,complex,short,5,1
20,25,complex,long,1,1
20,26,simple,short,4,1
20,27,simple,long,5,1
20,28,complex,short,4,1
20,29,complex,long,1,1
20,30,simple,short,4,1
20,31,simple,long,3,1
20,32,complex,short,4,1
21,1,simple,short,5,1
21,2,simple,long,5,0
21,3,complex,short,4,1
21,4,complex,long,2,1
21,5,simple,short,1,0
21,6,simple,long,4,1
21,7,complex,short,1,1
21,8,complex,long,1,0
21,9,simple,short,2,0
21,10,simple,long,2,1
21,11,complex,short,4,0
21,12,complex,long,2,1
21,13,simple,short,4,0
21,14,simple,long,3,1
21,15,complex,short,3,1
21,16,complex,long,3,0
21,17,simple,short,2,0
21,18,simple,long,1,1
21,19,complex,short,1,0
21,20,complex,long,2,1
21,21,simple,short,4,1
21,22,simple,long,1,1
21,23,complex,short,3,0
21,24,complex,long,1,0
21,25,simple,short,7,1
21,26,simple,long,7,1
21,27,complex,short,2,0
21,28,complex,long,1,0
21,29,simple,short,5,1
21,30,simple,long,4,0
21,31,complex,short,2,0
21,32,complex,long,4,1
22,1,simple,long,4,1
22,2,complex,short,4,1
22,3,complex,long,4,1
22,4,simple,short,2,1
22,5,simple,long,7,1
22,6,complex,short,4,1
22,7,complex,long,3,1
22,8,simple,short,5,0
22,9,simple,long,4,0
22,10,complex,short,6,0
22,11,complex,long,2,0
22,12,simple,short,5,1
22,13,simple,long,2,1
22,14,complex,short,1,1
22,15,complex,long,2,0
22,16,simple,short,5,1
22,17,simple,long,2,1
22,18,complex,short,3,1
22,19,complex,long,1,0
22,20,simple,short,6,1
22,21,simple,long,5,1
22,22,complex,short,1,1
22,23,complex,long,4,1
22,24,simple,short,3,1
22,25,simple,long,5,1
22,26,complex,short,4,0
22,27,complex,long,3,1
22,28,simple,short,5,0
22,29,simple,long,6,1
22,30,complex,short,1,0
22,31,complex,long,3,0
22,32,simple,short,5,1
23,1,complex,short,7,1
23,2,complex,long,7,1
23,3,simple,short,3,1
23,4,simple,long,6,0
23,5,complex,short,7,1
23,6,complex,long,3,0
23,7,simple,short,6,1
23,8,simple,long,6,0
23,9,complex,short,4,0
23,10,complex,long,3,1
23,11,simple,short,7,1
23,12,simple,long,5,1
23,13,complex,short,4,0
23,14,complex,long,3,1
23,15,simple,short,7,0
23,16,simple,long,7,1
23,17,complex,short,4,1
23,18,complex,long,5,1
23,19,simple,short,7,1
23,20,simple,long,7,1
23,21,complex,short,5,1
23,22,complex,long,4,1
23,23,simple,short,7,1
23,24,simple,long,3,1
23,25,complex,short,5,1
23,26,complex,long,5,0
23,27,simple,short,7,0
23,28,simple,long,2,1
23,29,complex,short,5,1
23,30,complex,long,5,1
23,31,simple,short,7,1
23,32,simple,long,3,1
24,1,complex,long,2,1
24,2,simple,short,4,1
24,3,simple,long,4,1
24,4,complex,short,3,1
24,5,complex,long,1,1
24,6,simple,short,2,1
24,7,simple,long,4,0
24,8,complex,short,1,0
24,9,complex,long,1,1
24,10,simple,short,3,0
24,11,simple,long,1,1
24,12,complex,short,1,1
24,13,complex,long,1,0
24,14,simple,short,3,1
24,15,simple,long,2,1
24,16,complex,short,1,1
24,17,complex,long,1,1
24,18,simple,short,3,1
24,19,simple,long,2,1
24,20,complex,short,1,1
24,21,complex,long,1,0
24,22,simple,short,2,1
24,23,simple,long,4,1
24,24,complex,short,2,1
24,25,complex,long,5,1
24,26,simple,short,6,1
24,27,simple,long,5,1
24,28,complex,short,3,1
24,29,complex,long,1,0
24,30,simple,short,5,0
24,31,simple,long,5,1
24,32,complex,short,1,1
25,1,simple,short,5,1
25,2,simple,long,6,1
25,3,complex,short,4,1
25,4,complex,long,1,1
25,5,simple,short,4,0
25,6,simple,long,1,1
25,7,complex,short,5,1
25,8,complex,long,1,1
25,9,simple,short,4,1
25,10,simple,long,4,1
25,11,complex,short,3,1
25,12,complex,long,1,1
25,13,simple,short,4,1
25,14,simple,long,3,1
25,15,complex,short,2,1
25,16,complex,long,2,1
25,17,simple,short,4,0
25,18,simple,long,1,1
25,19,complex,short,3,1
25,20,complex,long,1,1
25,21,simple,short,4,1
25,22,simple,long,4,1
25,23,complex,short,5,0
25,24,complex,long,1,0
25,25,simple,short,4,1
25,26,simple,long,3,1
25,27,complex,short,5,1
25,28,complex,long,1,1
25,29,simple,short,5,1
25,30,simple,long,6,1
25,31,complex,short,4,1
25,32,complex,long,1,0
26,1,simple,long,2,1
26,2,complex,short,4,1
26,3,complex,long,1,0
26,4,simple,short,2,1
26,5,simple,long,4,1
26,6,complex,short,3,0
26,7,complex,long,1,0
26,8,simple,short,2,1
26,9,simple,long,3,1
26,10,complex,short,1,0
26,11,complex,long,1,0
26,12,simple,short,4,0
26,13,simple,long,2,1
26,14,complex,short,2,1
26,15,complex,long,1,0
26,16,simple,short,3,1
26,17,simple,long,2,0
26,18,complex,short,1,1
26,19,complex,long,1,1
26,20,simple,short,2,1
26,21,simple,long,2,0
26,22,complex,short,4,0
26,23,complex,long,1,0
26,24,simple,short,1,1
26,25,simple,long,4,1
26,26,complex,short,2,1
26,27,complex,long,1,1
26,28,simple,short,4,1
26,29,simple,long,1,1
26,30,complex,short,2,0
26,31,complex,long,1,0
26,32,simple,short,2,1
27,1,complex,short,3,1
27,2,complex,long,1,0
27,3,simple,short,1,1
27,4,simple,long,3,1
27,5,complex,short,5,0
27,6,complex,long,2,1
27,7,simple,short,3,1
27,8,simple,long,3,1
27,9,complex,short,3,1
27,10,complex,long,2,0
27,11,simple,short,7,0
27,12,simple,long,1,0
27,13,complex,short,1,0
27,14,complex,long,1,0
27,15,simple,short,3,1
27,16,simple,long,2,0
27,17,complex,short,5,0
27,18,complex,long,3,0
27,19,simple,short,3,1
27,20,simple,long,1,0
27,21,complex,short,5,0
27,22,complex,long,2,0
27,23,simple,short,4,1
27,24,simple,long,4,1
27,25,complex,short,3,0
27,26,complex,long,3,1
27,27,simple,short,5,0
27,28,simple,long,1,1
27,29,complex,short,3,1
27,30,complex,long,2,1
27,31,simple,short,5,1
27,32,simple,long,2,1
28,1,complex,long,3,1
28,2,simple,short,3,1
28,3,simple,long,5,1
28,4,complex,short,3,1
28,5,complex,long,3,1
28,6,simple,short,4,0
28,7,simple,long,6,1
28,8,complex,short,2,0
28,9,complex,long,3,1
28,10,simple,short,4,1
28,11,simple,long,3,0
28,12,complex,short,2,0
28,13,complex,long,1,1
28,14,simple,short,7,1
28,15,simple,long,4,1
28,16,complex,short,2,1
28,17,complex,long,2,1
28,18,simple,short,3,1
28,19,simple,long,2,1
28,20,complex,short,4,1
28,21,complex,long,3,1
28,22,simple,short,4,1
28,23,simple,long,1,1
28,24,complex,short,4,1
28,25,complex,long,3,1
28,26,simple,short,6,1
28,27,simple,long,3,1
28,28,complex,short,5,0
28,29,complex,long,2,1
28,30,simple,short,7,0
28,31,simple,long,4,1
28,32,complex,short,2,1
29,1,simple,short,5,1
29,2,simple,long,7,1
29,3,complex,short,6,0
29,4,complex,long,1,1
29,5,simple,short,6,0
29,6,simple,long,6,0
29,7,complex,short,6,1
29,8,complex,long,3,1
29,9,simple,short,4,1
29,10,simple,long,3,1
29,11,complex,short,6,1
29,12,complex,long,2,0
29,13,simple,short,5,1
29,14,simple,long,4,1
29,15,complex,short,3,1
29,16,complex,long,5,1
29,17,simple,short,4,0
29,18,simple,long,5,1
29,19,complex,short,1,0
29,20,complex,long,4,0
29,21,simple,short,5,1
29,22,simple,long,7,1
29,23,complex,short,4,1
29,24,complex,long,1,1
29,25,simple,short,4,1
29,26,simple,long,4,1
29,27,complex,short,4,0
29,28,complex,long,2,1
29,29,simple,short,6,1
29,30,simple,long,5,0
29,31,complex,short,7,1
29,32,complex,long,4,1
30,1,simple,long,5,0
30,2,complex,short,5,1
30,3,complex,long,4,1
30,4,simple,short,6,1
30,5,simple,long,5,1
30,6,complex,short,2,1
30,7,complex,long,3,1
30,8,simple,short,6,1
30,9,simple,long,4,0
30,10,complex,short,7,1
30,11,complex,long,5,1
30,12,simple,short,5,1
30,13,simple,long,3,0
30,14,complex,short,5,1
30,15,complex,long,4,0
30,16,simple,short,3,0
30,17,simple,long,6,0
30,18,complex,short,2,1
30,19,complex,long,1,1
30,20,simple,short,7,1
30,21,simple,long,6,1
30,22,complex,short,7,1
30,23,complex,long,1,1
30,24,simple,short,4,1
30,25,simple,long,2,1
30,26,complex,short,7,1
30,27,complex,long,5,1
30,28,simple,short,5,1
30,29,simple,long,6,1
30,30,complex,short,3,1
30,31,complex,long,7,0
30,32,simple,short,7,1
31,1,complex,short,5,1
31,2,complex,long,1,0
31,3,simple,short,4,1
31,4,simple,long,4,1
31,5,complex,short,4,1
31,6,complex,long,4,1
31,7,simple,short,7,1
31,8,simple,long,7,1
31,9,complex,short,2,1
31,10,complex,long,3,1
31,11,simple,short,7,1
31,12,simple,long,3,1
31,13,complex,short,5,1
31,14,complex,long,4,1
31,15,simple,short,5,1
31,16,simple,long,4,1
31,17,complex,short,3,1
31,18,complex,long,2,1
31,19,simple,short,3,1
31,20,simple,long,4,1
31,21,complex,short,4,1
31,22,complex,long,3,1
31,23,simple,short,7,1
31,24,simple,long,4,1
31,25,complex,short,4,1
31,26,complex,long,6,1
31,27,simple,short,5,0
31,28,simple,long,3,1
31,29,complex,short,5,1
31,30,complex,long,2,1
31,31,simple,short,6,1
31,32,simple,long,4,1
32,1,complex,long,3,1
32,2,simple,short,6,1
32,3,simple,long,2,1
32,4,complex,short,3,1
32,5,complex,long,3,1
32,6,simple,short,4,1
32,7,simple,long,1,1
32,8,complex,short,5,0
32,9,complex,long,2,1
32,10,simple,short,7,1
32,11,simple,long,4,1
32,12,complex,short,3,1
32,13,complex,long,4,1
32,14,simple,short,5,1
32,15,simple,long,1,0
32,16,complex,short,3,0
32,17,complex,long,1,0
32,18,simple,short,6,1
32,19,simple,long,2,1
32,20,complex,short,1,0
32,21,complex,long,1,1
32,22,simple,short,6,1
32,23,simple,long,5,1
32,24,complex,short,3,1
32,25,complex,long,2,1
32,26,simple,short,2,1
32,27,simple,long,6,1
32,28,complex,short,4,1
32,29,complex,long,4,1
32,30,simple,short,4,1
32,31,simple,long,6,1
32,32,complex,short,2,1
33,1,simple,short,4,1
33,2,simple,long,5,1
33,3,complex,short,5,1
33,4,complex,long,3,1
33,5,simple,short,6,0
33,6,simple,long,4,1
33,7,complex,short,1,1
33,8,complex,long,5,1
33,9,simple,short,4,1
33,10,simple,long,3,1
33,11,complex,short,5,1
33,12,complex,long,4,1
33,13,simple,short,4,1
33,14,simple,long,5,1
33,15,complex,short,5,1
33,16,complex,long,3,1
33,17,simple,short,2,1
33,18,simple,long,2,1
33,19,complex,short,5,1
33,20,complex,long,2,1
33,21,simple,short,5,1
33,22,simple,long,6,1
33,23,complex,short,5,1
33,24,complex,long,2,1
33,25,simple,short,7,0
33,26,simple,long,5,1
33,27,complex,short,4,1
33,28,complex,long,4,1
33,29,simple,short,5,1
33,30,simple,long,2,0
33,31,complex,short,7,1
33,32,complex,long,3,1
34,1,simple,long,4,1
34,2,complex,short,6,0
34,3,complex,long,1,1
34,4,simple,short,2,1
34,5,simple,long,6,0
34,6,complex,short,1,1
34,7,complex,long,2,0
34,8,simple,short,1,1
34,9,simple,long,3,1
34,10,complex,short,2,1
34,11,complex,long,2,1
34,12,simple,short,2,1
34,13,simple,long,4,0
34,14,complex,short,3,1
34,15,complex,long,1,1
34,16,simple,short,2,0
34,17,simple,long,3,1
34,18,complex,short,1,1
34,19,complex,long,1,1
34,20,simple,short,2,1
34,21,simple,long,3,1
34,22,complex,short,4,1
34,23,complex,long,2,1
34,24,simple,short,4,1
34,25,simple,long,6,1
34,26,complex,short,2,0
34,27,complex,long,1,1
34,28,simple,short,4,1
34,29,simple,long,4,1
34,30,complex,short,5,1
34,31,complex,long,2,1
34,32,simple,short,6,1
35,1,complex,short,7,1
35,2,complex,long,3,1
35,3,simple,short,5,1
35,4,simple,long,3,1
35,5,complex,short,3,1
35,6,complex,long,3,1
35,7,simple,short,5,0
35,8,simple,long,5,1
35,9,complex,short,6,1
35,10,complex,long,4,1
35,11,simple,short,7,1
35,12,simple,long,6,1
35,13,complex,short,2,0
35,14,complex,long,3,1
35,15,simple,short,5,0
35,16,simple,long,3,0
35,17,complex,short,4,1
35,18,complex,long,4,1
35,19,simple,short,5,1
35,20,simple,long,7,1
35,21,complex,short,5,1
35,22,complex,long,3,1
35,23,simple,short,7,1
35,24,simple,long,4,1
35,25,complex,short,7,1
35,26,complex,long,6,1
35,27,simple,short,7,1
35,28,simple,long,7,1
35,29,complex,short,7,1
35,30,complex,long,4,1
35,31,simple,short,7,1
35,32,simple,long,6,1
36,1,complex,long,6,1
36,2,simple,short,2,0
36,3,simple,long,5,1
36,4,complex,short,1,1
36,5,complex,long,5,1
36,6,simple,short,4,1
36,7,simple,long,3,0
36,8,complex,short,1,0
36,9,complex,long,1,1
36,10,simple,short,5,1
36,11,simple,long,4,1
36,12,complex,short,1,0
36,13,complex,long,1,1
36,14,simple,short,1,0
36,15,simple,long,3,1
36,16,complex,short,4,1
36,17,complex,long,2,1
36,18,simple,short,3,1
36,19,simple,long,4,0
36,20,complex,short,2,1
36,21,complex,long,4,0
36,22,simple,short,4,1
36,23,simple,long,4,1
36,24,complex,short,2,1
36,25,complex,long,2,1
36,26,simple,short,5,1
36,27,simple,long,7,1
36,28,complex,short,2,1
36,29,complex,long,2,0
36,30,simple,short,7,1
36,31,simple,long,4,1
36,32,complex,short,1,1
37,1,simple,short,3,1
37,2,simple,long,2,1
37,3,complex,short,4,1
37,4,complex,long,1,1
37,5,simple,short,6,1
37,6,simple,long,2,1
37,7,complex,short,3,1
37,8,complex,long,1,0
37,9,simple,short,3,1
37,10,simple,long,1,1
37,11,complex,short,1,1
37,12,complex,long,2,1
37,13,simple,short,2,1
37,14,simple,long,3,1
37,15,complex,short,2,1
37,16,complex,long,1,0
37,17,simple,short,1,1
37,18,simple,long,1,1
37,19,complex,short,1,1
37,20,complex,long,1,1
37,21,simple,short,6,1
37,22,simple,long,2,1
37,23,complex,short,1,1
37,24,complex,long,2,1
37,25,simple,short,7,1
37,26,simple,long,3,1
37,27,complex,short,4,1
37,28,complex,long,1,1
37,29,simple,short,4,1
37,30,simple,long,1,1
37,31,complex,short,5,1
37,32,complex,long,1,1
38,1,simple,long,7,1
38,2,complex,short,4,1
38,3,complex,long,5,1
38,4,simple,short,1,1
38,5,simple,long,5,1
38,6,complex,short,3,0
38,7,complex,long,2,1
38,8,simple,short,3,0
38,9,simple,long,5,1
38,10,complex,short,5,1
38,11,complex,long,5,1
38,12,simple,short,3,1
38,13,simple,long,2,1
38,14,complex,short,5,1
38,15,complex,long,3,1
38,16,simple,short,3,1
38,17,simple,long,5,0
38,18,complex,short,2,1
38,19,complex,long,1,0
38,20,simple,short,6,1
38,21,simple,long,3,1
38,22,complex,short,7,1
38,23,complex,long,1,1
38,24,simple,short,5,1
38,25,simple,long,5,1
38,26,complex,short,4,1
38,27,complex,long,1,1
38,28,simple,short,4,1
38,29,simple,long,5,1
38,30,complex,short,4,1
38,31,complex,long,2,1
38,32,simple,short,4,1
39,1,complex,short,4,1
39,2,complex,long,3,0
39,3,simple,short,6,1
39,4,simple,long,3,1
39,5,complex,short,5,0
39,6,complex,long,3,1
39,7,simple,short,7,1
39,8,simple,long,6,1
39,9,complex,short,5,1
39,10,complex,long,1,1
39,11,simple,short,7,1
39,12,simple,long,3,1
39,13,complex,short,5,0
39,14,complex,long,6,1
39,15,simple,short,7,1
39,16,simple,long,6,1
39,17,complex,short,5,1
39,18,complex,long,4,1
39,19,simple,short,7,1
39,20,simple,long,6,1
39,21,complex,short,4,1
39,22,complex,long,4,1
39,23,simple,short,6,0
39,24,simple,long,4,1
39,25,complex,short,6,1
39,26,complex,long,2,1
39,27,simple,short,7,1
39,28,simple,long,4,1
39,29,complex,short,4,1
39,30,complex,long,7,1
39,31,simple,short,7,1
39,32,simple,long,4,1
40,1,complex,long,3,1
40,2,simple,short,6,1
40,3,simple,long,6,1
40,4,complex,short,3,1
40,5,complex,long,2,1
40,6,simple,short,7,1
40,7,simple,long,4,1
40,8,complex,short,1,0
40,9,complex,long,1,1
40,10,simple,short,6,1
40,11,simple,long,3,0
40,12,complex,short,3,1
40,13,complex,long,2,0
40,14,simple,short,4,1
40,15,simple,long,4,1
40,16,complex,short,7,0
40,17,complex,long,1,0
40,18,simple,short,6,1
40,19,simple,long,1,1
40,20,complex,short,5,1
40,21,complex,long,2,1
40,22,simple,short,6,1
40,23,simple,long,4,1
40,24,complex,short,5,1
40,25,complex,long,4,1
40,26,simple,short,6,1
40,27,simple,long,5,1
40,28,complex,short,3,1
40,29,complex,long,3,1
40,30,simple,short,4,1
40,31,simple,long,5,1
40,32,complex,short,3,1
