participant,interview_order,session_date,recording_start,utc_offset,country,headline,model,p1_self_placement,transcribed_by,coded_by,double_coded,a1_agree,a2_trust,a3_fair,a4_confidence,a5_difficulty,a6_side,a7_placement,session_length
P001,1,2026-11-09,13:33,-5,US,US-1,A,5,A,B,0,7,7,3,4,3,No,4,00:18:44
P002,2,2026-11-10,15:45,-5,CA,CA-1,B,6,B,C,0,4,4,5,2,4,Yes,4,00:14:59
P003,3,2026-11-11,09:16,-5,US,US-2,C,2,C,D,1,4,3,4,5,4,No,8,00:14:41
P004,4,2026-11-12,15:32,-5,CA,CA-2,D,3,D,A,0,3,4,1,3,4,No,not_political,00:22:56
P005,5,2026-11-13,09:48,-5,US,US-3,E,6,A,B,0,7,6,6,3,2,No,not_political,00:22:12
P006,6,2026-11-15,15:36,-5,CA,CA-3,A,2,B,C,0,4,3,3,4,2,No,4,00:17:43
P007,7,2026-11-16,15:06,-5,US,US-1,B,3,C,D,1,4,6,3,2,5,No,not_political,00:23:34
P008,8,2026-11-17,14:49,-5,CA,CA-1,C,2,D,A,0,7,6,6,4,3,No,6,00:19:05
P009,9,2026-11-18,12:58,-5,US,US-2,D,4,A,B,0,6,7,6,2,5,No,4,00:17:33
P010,10,2026-11-19,10:54,-5,CA,CA-2,E,8,B,C,0,3,4,3,3,5,Not sure,2,00:15:27
P011,11,2026-11-21,14:34,-5,US,US-3,A,9,C,D,0,5,2,5,4,5,Not sure,1,00:21:19
P012,12,2026-11-22,14:26,-5,CA,CA-3,B,0,D,A,1,3,4,6,2,5,No,5,00:25:28
P013,13,2026-11-23,11:53,-5,US,US-1,C,5,A,B,0,4,3,3,4,3,Yes,6,00:20:40
P014,14,2026-11-24,16:42,-5,CA,CA-1,D,8,B,C,0,4,3,5,3,3,Yes,5,00:22:04
P015,15,2026-11-25,12:19,-5,US,US-2,E,10,C,D,0,4,2,2,4,3,No,6,00:24:16
P016,16,2026-11-27,13:23,-5,CA,CA-2,A,2,D,A,1,3,1,2,4,5,Yes,8,00:17:14
P017,17,2026-11-28,12:30,-5,US,US-3,B,1,A,B,0,2,2,3,4,2,No,8,00:19:51
P018,18,2026-11-29,15:39,-5,CA,CA-3,C,4,B,C,0,5,5,dont_know,3,3,No,7,00:21:49
P019,19,2026-11-30,16:54,-5,US,US-1,D,0,C,D,0,6,6,6,4,3,Yes,6,00:18:26
P020,20,2026-12-01,09:55,-5,CA,CA-1,E,7,D,A,0,6,7,3,3,5,No,6,00:17:28
P021,21,2026-12-03,10:30,-5,US,US-2,A,8,A,B,1,6,7,1,3,3,Yes,4,00:17:07
P022,22,2026-12-04,16:55,-5,CA,CA-2,B,7,B,C,0,7,6,5,3,4,Yes,dont_know,00:21:43
P023,23,2026-12-05,13:45,-5,US,US-3,C,8,C,D,0,5,6,6,2,6,No,4,00:24:17
P024,24,2026-12-06,12:15,-5,CA,CA-3,D,5,D,A,0,3,2,4,4,3,Yes,4,00:16:17
P025,25,2026-12-07,10:00,-5,US,US-1,E,0,A,B,1,3,2,4,1,4,No,not_political,00:21:33
P026,26,2026-12-09,13:08,-5,CA,CA-1,A,10,B,C,0,4,5,7,1,3,No,6,00:18:46
P027,27,2026-12-10,15:03,-5,US,US-2,B,9,C,D,0,1,3,2,2,4,Yes,3,00:17:50
P028,28,2026-12-11,10:37,-5,CA,CA-2,C,2,D,A,0,6,7,5,3,1,Yes,dont_know,00:19:13
P029,29,2026-12-12,14:11,-5,US,US-3,D,7,A,B,0,7,6,1,5,4,Yes,4,00:19:34
P030,30,2026-12-13,09:33,-5,CA,CA-3,E,10,B,C,1,3,3,4,4,5,Yes,3,00:26:20
P031,31,2026-12-15,16:50,-5,US,US-1,A,5,C,D,0,6,5,5,3,5,Yes,6,00:16:58
P032,32,2026-12-16,10:33,-5,CA,CA-1,B,1,D,A,0,4,4,dont_know,4,4,No,6,00:16:09
