participant,code_1_1,code_1_2,code_1_3,code_1_4,code_1_5,code_2_1,code_2_2,code_2_3,code_2_4,code_3_1,code_3_2,code_3_3,code_3_4,code_4_1,code_4_2,code_4_3,code_4_4,code_4_5,code_4_6,code_5_1,code_5_2,code_5_3,code_5_4,code_6_1,code_6_2
P001,0,1,0,0,0,0,1,0,0,0,1,0,0,0,1,0,1,0,0,1,0,0,0,0,1
P002,1,1,0,0,0,0,0,1,0,0,0,1,0,0,0,0,0,0,0,0,0,0,1,1,0
P003,1,1,0,0,0,0,0,1,0,0,1,0,0,1,0,0,0,1,0,0,0,1,0,0,0
P004,1,0,0,1,0,0,1,0,0,0,1,0,0,1,0,0,0,1,0,0,0,1,0,1,1
P005,0,1,0,0,0,1,0,0,0,0,1,0,0,1,1,0,1,0,0,0,0,1,0,0,1
P006,0,0,0,1,0,0,1,0,0,1,0,0,0,1,0,0,0,1,0,1,0,0,0,0,0
P007,1,1,1,1,0,0,0,1,0,1,0,0,0,1,0,0,1,0,0,0,0,1,0,0,0
P008,1,1,1,1,0,0,0,0,1,1,0,0,0,0,1,0,0,1,0,1,0,0,0,1,0
P009,0,0,0,1,0,0,1,0,0,0,0,1,0,0,1,0,0,0,1,0,0,1,0,0,0
P010,1,1,1,1,0,0,0,1,0,1,0,0,0,0,0,1,0,1,0,0,0,1,0,1,0
P011,1,0,1,0,0,0,1,0,0,0,1,0,0,0,0,0,0,1,0,0,0,1,0,0,0
P012,1,0,1,0,0,0,0,0,1,0,0,1,0,1,0,0,1,0,0,0,0,1,0,0,0
P013,0,0,1,1,0,1,0,0,0,0,0,0,0,0,0,1,1,0,0,0,0,0,1,0,0
P014,1,1,0,1,0,0,0,0,1,1,0,0,0,0,0,1,0,1,1,0,0,1,0,0,0
P015,1,0,0,0,0,1,0,0,0,0,1,0,0,1,0,0,1,0,0,0,1,0,0,0,0
P016,0,0,1,1,0,1,0,0,0,0,0,0,0,0,0,1,1,0,1,0,0,0,1,0,0
P017,1,0,1,1,0,0,1,0,0,0,0,1,0,0,0,0,0,1,0,0,0,0,1,0,0
P018,1,1,0,1,0,0,1,0,0,0,0,1,0,0,0,0,0,1,0,0,0,0,1,0,0
P019,1,1,0,1,0,0,1,0,0,0,0,0,0,0,1,0,1,0,0,1,0,0,0,0,0
P020,1,0,0,0,0,0,0,1,0,1,0,0,0,1,0,0,0,0,0,0,0,1,0,1,0
P021,1,1,0,0,0,0,0,1,0,0,0,0,1,0,1,1,0,1,1,0,0,0,1,1,0
P022,0,1,1,0,0,0,0,1,0,0,0,0,0,0,1,1,0,0,1,1,0,0,0,0,0
P023,1,0,1,1,0,0,1,0,0,0,1,0,0,1,0,0,1,0,0,0,0,1,0,1,0
P024,1,1,0,0,0,0,0,0,1,0,1,0,0,0,0,1,0,1,1,0,0,0,1,0,0
P025,1,1,0,1,0,1,0,0,0,0,1,0,0,1,0,0,1,0,0,0,1,0,0,1,0
P026,1,0,1,0,0,0,1,0,0,0,0,0,0,1,0,0,1,0,0,0,0,1,0,0,0
P027,1,1,0,1,0,1,0,0,0,0,0,0,0,0,0,1,0,0,0,0,1,0,0,0,0
P028,1,1,0,0,0,1,0,0,0,0,0,1,0,0,0,1,0,0,0,0,1,0,0,0,0
P029,1,0,0,0,0,0,0,1,0,1,0,0,0,0,1,1,1,0,1,1,0,0,0,0,1
P030,1,1,1,1,0,0,0,1,0,0,0,0,0,0,0,1,1,0,1,0,1,0,0,0,1
P031,1,0,0,1,0,0,1,0,0,0,0,0,0,0,1,1,0,1,1,1,0,0,0,0,0
P032,1,1,1,1,0,1,0,0,0,0,0,1,0,1,0,0,0,0,0,0,0,0,1,0,0
