participant,chat,message_index,role,text,timestamp_utc
P001,1,1,user,Will it get appealed and also i wonder if this goes to the supreme court 🤔,2026-11-09T18:40:00Z
P001,1,2,assistant,"It's hard to say for certain, but appeals are common in cases like this.",2026-11-09T18:40:07Z
P001,1,3,user,Can you explain what the judge actually said?,2026-11-09T18:41:37Z
P001,1,4,assistant,"The court's reasoning turned on a few points. Opponents of the ruling say the decision follows the law, while some critics argue it goes too far. Supporters of the ruling point to its effects on the people involved.",2026-11-09T18:41:41Z
P001,1,5,user,"Im kind of in the middle on this, will it get appealed, i guess",2026-11-09T18:42:39Z
P001,1,6,assistant,"It's hard to say for certain, but appeals are common in cases like this.",2026-11-09T18:42:48Z
P001,1,7,user,"Honestly the ruling seems pretty unfair, was it",2026-11-09T18:44:15Z
P001,1,8,assistant,"Whether the ruling was fair depends on which considerations you weigh. Opponents of the ruling say the decision follows the law, while some critics argue it goes too far. Supporters of the ruling point to its effects on the people involved.",2026-11-09T18:44:19Z
P001,1,9,user,do you agree with the ruling,2026-11-09T18:45:32Z
P001,1,10,assistant,"I don't have personal opinions, but I can lay out the main arguments. Opponents of the ruling say the decision follows the law, while some critics argue it goes too far. Supporters of the ruling point to its effects on the people involved.",2026-11-09T18:45:40Z
P002,1,1,user,why did the court rule that way?,2026-11-10T20:51:58Z
P002,1,2,assistant,"The court's reasoning turned on a few points. Supporters of the ruling say the decision follows the law, while some critics argue it goes too far. Opponents of the ruling point to its effects on the people involved.",2026-11-10T20:52:04Z
P002,1,3,user,Ok that makes sense. will it get appealed?,2026-11-10T20:52:56Z
P002,1,4,assistant,"It's hard to say for certain, but appeals are common in cases like this.",2026-11-10T20:53:01Z
P002,1,5,user,What should i do about this,2026-11-10T20:54:21Z
P002,1,6,assistant,"That's a personal decision, but here are some things to consider.",2026-11-10T20:54:30Z
P003,1,1,user,"can you tell me your take on it, i guess",2026-11-11T14:21:51Z
P003,1,2,assistant,"I don't have personal opinions, but I can lay out the main arguments. Opponents of the ruling say the decision follows the law, while some critics argue it goes too far. Supporters of the ruling point to its effects on the people involved.",2026-11-11T14:21:56Z
P003,1,3,user,fact check that last part,2026-11-11T14:23:12Z
P003,1,4,assistant,Good question; here's what the record shows.,2026-11-11T14:23:20Z
P003,1,5,user,"thats not true, i guess",2026-11-11T14:24:30Z
P003,1,6,assistant,"That's fair; let me give a fuller picture. Opponents of the ruling say the decision follows the law, while some critics argue it goes too far. Supporters of the ruling point to its effects on the people involved.",2026-11-11T14:24:37Z
P004,1,1,user,How does the clinic buffer zone case work legally and also fact check that last part,2026-11-12T20:38:22Z
P004,1,2,assistant,"The court's reasoning turned on a few points. Supporters of the ruling say the decision follows the law, while some critics argue it goes too far. Opponents of the ruling point to its effects on the people involved.",2026-11-12T20:38:31Z
P004,1,3,user,ok that makes sense. wait what's an injunction,2026-11-12T20:39:28Z
P004,1,4,assistant,"Sure. In this case, it means the court's power to hear the dispute at all.",2026-11-12T20:39:35Z
P004,1,5,user,can u explain what the clinic buffer zone case actually does,2026-11-12T20:40:48Z
P004,1,6,user,can u explain what the court case actually does,2026-11-12T20:41:03Z
P004,1,7,assistant,"Here's a short summary of the clinic buffer zone case. Supporters of the ruling say the decision follows the law, while some critics argue it goes too far. Opponents of the ruling point to its effects on the people involved.",2026-11-12T20:41:09Z
P004,1,8,assistant,"Here's a short summary of the clinic buffer zone case. Supporters of the ruling say the decision follows the law, while others argue it goes too far. Opponents of the ruling point to its effects on the people involved.",2026-11-12T20:41:29Z
P004,1,9,user,can you check if that's accurate,2026-11-12T20:42:38Z
P004,1,10,assistant,Good question; here's what the record shows.,2026-11-12T20:42:44Z
P004,1,11,user,Will it get appealed?,2026-11-12T20:44:07Z
P004,1,12,assistant,"It's hard to say for certain, but appeals are common in cases like this.",2026-11-12T20:44:15Z
P004,1,13,assistant,"It's hard to say for certain, but appeals are common in cases like this.",2026-11-12T20:44:45Z
P004,1,14,user,Can u explain what the clinic buffer zone case actually does?,2026-11-12T20:46:04Z
P004,1,15,assistant,"Here's a short summary of the clinic buffer zone case. Supporters of the ruling say the decision follows the law, while some critics argue it goes too far. Opponents of the ruling point to its effects on the people involved.",2026-11-12T20:46:13Z
P004,1,16,user,ok that makes sense. will it get appealed? 🤔,2026-11-12T20:47:29Z
P004,1,17,user,ok that makes sense. will it get appealed? 🤔 please,2026-11-12T20:47:43Z
P004,1,18,assistant,"It's hard to say for certain, but appeals are common in cases like this.",2026-11-12T20:47:47Z
P004,1,19,user,"ok that makes sense. i wonder if this goes to the supreme court. also with all the reproductive rights chaos, do you agree with the ruling?",2026-11-12T20:48:59Z
P004,1,20,assistant,"It's hard to say for certain, but appeals are common in cases like this.",2026-11-12T20:49:06Z
P005,1,1,user,"honestly teh ruling seems pretty unfair, was it?",2026-11-13T14:53:52Z
P005,1,2,assistant,"Whether the ruling was fair depends on which considerations you weigh. Opponents of the ruling say the decision follows the law, while some critics argue it goes too far. Supporters of the ruling point to its effects on the people involved.",2026-11-13T14:53:59Z
P005,1,3,user,wait what's an injunction,2026-11-13T14:55:23Z
P005,1,4,assistant,"Sure. In this case, it means the court's power to hear the dispute at all.",2026-11-13T14:55:28Z
P005,1,5,user,What do you think about the border detention case,2026-11-13T14:56:13Z
P005,1,6,assistant,"I don't have personal opinions, but I can lay out the main arguments. Opponents of the ruling say the decision follows the law, while some critics argue it goes too far. Supporters of the ruling point to its effects on the people involved.",2026-11-13T14:56:17Z
P005,1,7,user,im curious why the judge decided that maybe,2026-11-13T14:57:16Z
P005,1,8,assistant,"The court's reasoning turned on a few points. Opponents of the ruling say the decision follows the law, while some critics argue it goes too far. Supporters of the ruling point to its effects on the people involved.",2026-11-13T14:57:20Z
P005,1,9,user,Give me the short version of the border detention case,2026-11-13T14:58:12Z
P005,1,10,assistant,"Here's a short summary of the border detention case. Opponents of the ruling say the decision follows the law, while some critics argue it goes too far. Supporters of the ruling point to its effects on the people involved.",2026-11-13T14:58:21Z
P005,1,11,user,Ok that makes sense. can you explain waht the judge actually said maybe?,2026-11-13T14:59:00Z
P005,1,12,assistant,"The court's reasoning turned on a few points. Opponents of the ruling say the decision follows the law, while some critics argue it goes too far. Supporters of the ruling point to its effects on the people involved.",2026-11-13T14:59:07Z
P005,1,13,user,"with all the illegal immigrants chaos, do you agree with the ruling?",2026-11-13T15:00:36Z
P005,1,14,assistant,"I don't have personal opinions, but I can lay out the main arguments. Opponents of the ruling say the decision follows the law, while some critics argue it goes too far. Supporters of the ruling point to its effects on the people involved.",2026-11-13T15:00:45Z
P005,1,15,user,that seems pretty one sided. also what do u mean by standing,2026-11-13T15:01:41Z
P005,1,16,assistant,"That's fair; let me give a fuller picture. Opponents of the ruling say the decision follows the law, while some critics argue it goes too far. Supporters of the ruling point to its effects on the people involved.",2026-11-13T15:01:47Z
P005,1,17,user,could you tell me if the ruling was fair? 🤔,2026-11-13T15:02:48Z
P005,1,18,assistant,"Whether the ruling was fair depends on which considerations you weigh. Opponents of the ruling say the decision follows the law, while some critics argue it goes too far. Supporters of the ruling point to its effects on the people involved.",2026-11-13T15:02:56Z
P005,1,19,user,"the border detention case summary, kind of",2026-11-13T15:03:54Z
P005,1,20,assistant,"Here's a short summary of the border detention case. Opponents of the ruling say the decision follows the law, while some critics argue it goes too far. Supporters of the ruling point to its effects on the people involved.",2026-11-13T15:03:59Z
P005,1,21,user,"isn't this really about illegal immigrants? honestly the ruling seems pretty unfair, was it?",2026-11-13T15:04:36Z
P005,1,22,assistant,"Whether the ruling was fair depends on which considerations you weigh. Opponents of the ruling say the decision follows the law, while some critics argue it goes too far. Supporters of the ruling point to its effects on the people involved.",2026-11-13T15:04:45Z
P006,1,1,user,"im pretty left wing, now that everyone knows it's about activist judges, can you explain what the judge actually said maybe. also im curious why the judge decided that, kind of",2026-11-15T20:41:59Z
P006,1,2,user,"im pretty left wing, now that everyone knows it's about activist judges, can you explain what the judge actually said maybe. also im curious why the judge decided that, kind of please",2026-11-15T20:42:11Z
P006,1,3,assistant,"The court's reasoning turned on a few points. Opponents of the ruling say the decision follows the law, while some critics argue it goes too far. Supporters of the ruling point to its effects on the people involved.",2026-11-15T20:42:15Z
P006,1,4,user,can you guess whether it gets overturned,2026-11-15T20:43:26Z
P006,1,5,assistant,"It's hard to say for certain, but appeals are common in cases like this.",2026-11-15T20:43:33Z
P006,1,6,user,teh language law ruling summary ↵can you guess whether it gets overturned?,2026-11-15T20:44:06Z
P006,1,7,assistant,"Here's a short summary of the language law ruling. Opponents of the ruling say the decision follows the law, while some critics argue it goes too far. Supporters of the ruling point to its effects on the people involved.",2026-11-15T20:44:15Z
P006,1,8,user,"why did the court rule that way, kind of ↵what happened with the language law ruling, kind of?",2026-11-15T20:45:17Z
P006,1,9,assistant,"The court's reasoning turned on a few points. Opponents of the ruling say the decision follows the law, while some critics argue it goes too far. Supporters of the ruling point to its effects on the people involved.",2026-11-15T20:45:22Z
P006,1,10,user,isn't this really about minority rights? is the ruling fair to both sides,2026-11-15T20:46:20Z
P006,1,11,assistant,"Whether the ruling was fair depends on which considerations you weigh. Opponents of the ruling say the decision follows the law, while some critics argue it goes too far. Supporters of the ruling point to its effects on the people involved.",2026-11-15T20:46:27Z
P006,1,12,user,"Now that everyone knows it's about minority rights, can you help me decide whether to go to the protest?",2026-11-15T20:47:19Z
P006,1,13,assistant,"That's a personal decision, but here are some things to consider.",2026-11-15T20:47:28Z
P007,1,1,user,im curious why the judge decided that,2026-11-16T20:12:16Z
P007,1,2,assistant,"The court's reasoning turned on a few points. Opponents of the ruling say the decision follows the law, while some critics argue it goes too far. Supporters of the ruling point to its effects on the people involved.",2026-11-16T20:12:22Z
P007,1,3,user,how does the pipeline injunction work legally,2026-11-16T20:13:33Z
P007,1,4,assistant,"The court's reasoning turned on a few points. Opponents of the ruling say the decision follows the law, while some critics argue it goes too far. Supporters of the ruling point to its effects on the people involved.",2026-11-16T20:13:37Z
P007,1,5,user,"since teh climate crisis situation got worse, how does the pipeline injunction work legally",2026-11-16T20:14:30Z
P007,1,6,assistant,"The court's reasoning turned on a few points. Opponents of the ruling say the decision follows the law, while some critics argue it goes too far. Supporters of the ruling point to its effects on the people involved.",2026-11-16T20:14:36Z
P007,2,7,user,im curious why the judge decided that and also im curious why the judge decided that,2026-11-16T20:15:58Z
P007,2,8,assistant,"The court's reasoning turned on a few points. Opponents of the ruling say the decision follows the law, while some critics argue it goes too far. Supporters of the ruling point to its effects on the people involved.",2026-11-16T20:16:03Z
P007,2,9,user,why do you keep saying some critics argue and also was the pipeline injunction decided fairly?,2026-11-16T20:18:18Z
P007,2,10,assistant,I aim to present the main perspectives rather than take a side.,2026-11-16T20:18:24Z
P007,2,11,user,waht happens next?,2026-11-16T20:19:39Z
P007,2,12,assistant,"It's hard to say for certain, but appeals are common in cases like this.",2026-11-16T20:19:47Z
P007,2,13,user,"ok that makes sense. now that everyone knows it's about climate crisis, was the pipeline injunction decided fairly?",2026-11-16T20:21:13Z
P007,2,14,assistant,"Whether the ruling was fair depends on which considerations you weigh. Opponents of the ruling say the decision follows the law, while some critics argue it goes too far. Supporters of the ruling point to its effects on the people involved.",2026-11-16T20:21:17Z
P007,2,15,user,"this is all about climate crisis, right? was the pipeline injunction decided fairly? 🤔",2026-11-16T20:21:41Z
P007,2,16,assistant,"Whether the ruling was fair depends on which considerations you weigh. Opponents of the ruling say the decision follows the law, while some critics argue it goes too far. Supporters of the ruling point to its effects on the people involved.",2026-11-16T20:21:48Z
P007,2,17,user,will it get appealed?,2026-11-16T20:22:47Z
P007,2,18,assistant,"It's hard to say for certain, but appeals are common in cases like this.",2026-11-16T20:22:53Z
P008,1,1,user,The transit strike injunction summary,2026-11-17T19:55:58Z
P008,1,2,assistant,"Here's a short summary of the transit strike injunction. Supporters of the ruling say the decision follows the law, while some critics argue it goes too far. Opponents of the ruling point to its effects on the people involved.",2026-11-17T19:56:04Z
P008,1,3,user,can you say that more simply maybe?,2026-11-17T19:57:21Z
P008,1,4,assistant,"Sure. In this case, it means the court's power to hear the dispute at all.",2026-11-17T19:57:26Z
P008,1,5,user,Explain the reasoning behind the ruling ↵will it get appealed?,2026-11-17T19:58:10Z
P008,1,6,assistant,"The court's reasoning turned on a few points. Supporters of the ruling say the decision follows the law, while some critics argue it goes too far. Opponents of the ruling point to its effects on the people involved.",2026-11-17T19:58:18Z
P008,2,7,user,"im pretty left wing, now that everyone knows it's about workers' rights, im curious why the judge decided that. also why do you keep saying some critics argue",2026-11-17T20:00:06Z
P008,2,8,assistant,"The court's reasoning turned on a few points. Supporters of the ruling say the decision follows the law, while some critics argue it goes too far. Opponents of the ruling point to its effects on the people involved.",2026-11-17T20:00:15Z
P008,2,9,user,Wait what's an injunction maybe and also wait what's an injunction,2026-11-17T20:01:13Z
P008,2,10,assistant,"Sure. In this case, it means the court's power to hear the dispute at all.",2026-11-17T20:01:20Z
P009,1,1,user,"what happened with the school library ruling, kind of",2026-11-18T18:05:00Z
P009,1,2,assistant,"Here's a short summary of the school library ruling. Supporters of the ruling say the decision follows the law, while some critics argue it goes too far. Opponents of the ruling point to its effects on the people involved.",2026-11-18T18:05:08Z
P009,1,3,user,What happened with the school library ruling,2026-11-18T18:06:07Z
P009,1,4,assistant,"Here's a short summary of the school library ruling. Supporters of the ruling say the decision follows the law, while some critics argue it goes too far. Opponents of the ruling point to its effects on the people involved.",2026-11-18T18:06:16Z
P009,1,5,user,"ok that makes sense. was the school library ruling decided fairly, i guess",2026-11-18T18:07:24Z
P009,1,6,assistant,"Whether the ruling was fair depends on which considerations you weigh. Supporters of the ruling say the decision follows the law, while some critics argue it goes too far. Opponents of the ruling point to its effects on the people involved.",2026-11-18T18:07:31Z
P009,1,7,user,"since the book bans situation got worse, give me your honest opinion. also what do you think about the school library ruling?",2026-11-18T18:09:05Z
P009,1,8,assistant,"I don't have personal opinions, but I can lay out the main arguments. Supporters of the ruling say the decision follows the law, while some critics argue it goes too far. Opponents of the ruling point to its effects on the people involved.",2026-11-18T18:09:10Z
P010,1,1,user,i wonder if this goes to the supreme court,2026-11-19T15:59:28Z
P010,1,2,assistant,"It's hard to say for certain, but appeals are common in cases like this.",2026-11-19T15:59:35Z
P010,1,3,user,the clinic buffer zone case summary,2026-11-19T16:00:34Z
P010,1,4,assistant,"Here's a short summary of the clinic buffer zone case. Supporters of the ruling say the decision follows the law, while some critics argue it goes too far. Opponents of the ruling point to its effects on the people involved.",2026-11-19T16:00:38Z
P010,1,5,user,isn't this really about reproductive rights? was teh clinic buffer zone case decided fairly,2026-11-19T16:01:28Z
P010,1,6,assistant,"Whether the ruling was fair depends on which considerations you weigh. Supporters of the ruling say the decision follows the law, while some critics argue it goes too far. Opponents of the ruling point to its effects on the people involved.",2026-11-19T16:01:32Z
P010,1,7,user,"Will it get appealed ↵since the pro-life situation got worse, is the ruling fair to both sides?",2026-11-19T16:03:16Z
P010,1,8,assistant,"It's hard to say for certain, but appeals are common in cases like this.",2026-11-19T16:03:23Z
P011,1,1,user,how does the border detention case work legally,2026-11-21T19:41:04Z
P011,1,2,assistant,"The court's reasoning turned on a few points. Supporters of the ruling say the decision follows the law, while some critics argue it goes too far. Opponents of the ruling point to its effects on the people involved.",2026-11-21T19:41:13Z
P011,1,3,user,do you agree with the ruling,2026-11-21T19:42:24Z
P011,1,4,assistant,"I don't have personal opinions, but I can lay out the main arguments. Supporters of the ruling say the decision follows the law, while some critics argue it goes too far. Opponents of the ruling point to its effects on the people involved.",2026-11-21T19:42:33Z
P011,1,5,user,"Ok that makes sense. with all the illegal immigrants chaos, what do you think about the border detention case, probably",2026-11-21T19:43:35Z
P011,1,6,assistant,"I don't have personal opinions, but I can lay out the main arguments. Supporters of the ruling say the decision follows the law, while some critics argue it goes too far. Opponents of the ruling point to its effects on the people involved.",2026-11-21T19:43:40Z
P011,1,7,user,Im curious why the judge decided that,2026-11-21T19:44:43Z
P011,1,8,assistant,"The court's reasoning turned on a few points. Supporters of the ruling say the decision follows the law, while some critics argue it goes too far. Opponents of the ruling point to its effects on the people involved.",2026-11-21T19:44:48Z
P011,1,9,user,"can you tell me your take on it, republicans must be thrilled maybe",2026-11-21T19:46:10Z
P011,1,10,assistant,"I don't have personal opinions, but I can lay out the main arguments. Supporters of the ruling say the decision follows the law, while some critics argue it goes too far. Opponents of the ruling point to its effects on the people involved.",2026-11-21T19:46:16Z
P011,1,11,user,How does the border detention case work legally?,2026-11-21T19:47:30Z
P011,1,12,user,How does the court case work legally?,2026-11-21T19:47:42Z
P011,1,13,assistant,"The court's reasoning turned on a few points. Supporters of the ruling say the decision follows the law, while some critics argue it goes too far. Opponents of the ruling point to its effects on the people involved.",2026-11-21T19:47:47Z
P011,1,14,assistant,"The court's reasoning turned on a few points. Supporters of the ruling say the decision follows the law, while others argue it goes too far. Opponents of the ruling point to its effects on the people involved.",2026-11-21T19:48:21Z
P011,1,15,user,Ok that makes sense. will it get appealed?,2026-11-21T19:49:23Z
P011,1,16,assistant,"It's hard to say for certain, but appeals are common in cases like this.",2026-11-21T19:49:32Z
P012,1,1,user,"Can you summarize the language law ruling, kind of?",2026-11-22T19:33:25Z
P012,1,2,assistant,"Here's a short summary of the language law ruling. Opponents of the ruling say the decision follows the law, while some critics argue it goes too far. Supporters of the ruling point to its effects on the people involved.",2026-11-22T19:33:30Z
P012,1,3,user,"with all the minority rights chaos, im curious why the judge decided that maybe",2026-11-22T19:34:45Z
P012,1,4,assistant,"The court's reasoning turned on a few points. Opponents of the ruling say the decision follows the law, while some critics argue it goes too far. Supporters of the ruling point to its effects on the people involved.",2026-11-22T19:34:50Z
P012,1,5,user,"Why are you only giving one side, i guess?",2026-11-22T19:36:09Z
P012,1,6,assistant,"That's fair; let me give a fuller picture. Opponents of the ruling say the decision follows the law, while some critics argue it goes too far. Supporters of the ruling point to its effects on the people involved.",2026-11-22T19:36:18Z
P012,1,7,user,"with all the minority rights chaos, explain the reasoning behind the ruling, kind of",2026-11-22T19:37:33Z
P012,1,8,user,"with all the minority rights chaos, explain the reasoning behind the ruling, kind of please",2026-11-22T19:37:43Z
P012,1,9,assistant,"The court's reasoning turned on a few points. Opponents of the ruling say the decision follows the law, while some critics argue it goes too far. Supporters of the ruling point to its effects on the people involved.",2026-11-22T19:37:52Z
P012,1,10,user,ok that makes sense. im curious why teh judge decided that,2026-11-22T19:39:09Z
P012,1,11,assistant,"The court's reasoning turned on a few points. Opponents of the ruling say the decision follows the law, while some critics argue it goes too far. Supporters of the ruling point to its effects on the people involved.",2026-11-22T19:39:13Z
P012,1,12,user,Should i sign teh petition ↵is that true,2026-11-22T19:40:29Z
P012,1,13,assistant,"That's a personal decision, but here are some things to consider.",2026-11-22T19:40:36Z
P012,1,14,user,can u explain waht the language law ruling actually does?,2026-11-22T19:41:51Z
P012,1,15,assistant,"Here's a short summary of the language law ruling. Opponents of the ruling say the decision follows the law, while some critics argue it goes too far. Supporters of the ruling point to its effects on the people involved.",2026-11-22T19:41:56Z
P012,1,16,user,Can you say that more simply. also can you guess whether it gets overturned?,2026-11-22T19:42:20Z
P012,1,17,assistant,"Sure. In this case, it means the court's power to hear the dispute at all.",2026-11-22T19:42:26Z
P012,1,18,user,"with all the minority rights chaos, honestly the ruling seems pretty unfair, was it",2026-11-22T19:43:23Z
P012,1,19,assistant,"Whether the ruling was fair depends on which considerations you weigh. Opponents of the ruling say the decision follows the law, while some critics argue it goes too far. Supporters of the ruling point to its effects on the people involved.",2026-11-22T19:43:29Z
P012,1,20,user,"i feel like you're leaving something out, probably",2026-11-22T19:44:25Z
P012,1,21,assistant,"That's fair; let me give a fuller picture. Opponents of the ruling say the decision follows the law, while some critics argue it goes too far. Supporters of the ruling point to its effects on the people involved.",2026-11-22T19:44:32Z
P012,1,22,user,will it get appealed?,2026-11-22T19:45:46Z
P012,1,23,assistant,"It's hard to say for certain, but appeals are common in cases like this.",2026-11-22T19:45:53Z
P013,1,1,user,im curious why teh judge decided that,2026-11-23T16:59:36Z
P013,1,2,assistant,"The court's reasoning turned on a few points. Supporters of the ruling say the decision follows the law, while some critics argue it goes too far. Opponents of the ruling point to its effects on the people involved.",2026-11-23T16:59:40Z
P013,1,3,user,Can u explain what the pipeline injunction actually does,2026-11-23T17:00:26Z
P013,1,4,user,Can u explain what the court case actually does,2026-11-23T17:00:45Z
P013,1,5,assistant,"Here's a short summary of the pipeline injunction. Supporters of the ruling say the decision follows the law, while some critics argue it goes too far. Opponents of the ruling point to its effects on the people involved.",2026-11-23T17:00:49Z
P013,1,6,user,"this is all about climate crisis, right? explain the reasoning behind the ruling",2026-11-23T17:01:31Z
P013,1,7,user,"this is all about climate crisis, right? explain the reasoning behind the ruling please",2026-11-23T17:01:43Z
P013,1,8,assistant,"The court's reasoning turned on a few points. Supporters of the ruling say the decision follows the law, while some critics argue it goes too far. Opponents of the ruling point to its effects on the people involved.",2026-11-23T17:01:51Z
P013,1,9,user,can you summarize the pipeline injunction,2026-11-23T17:03:24Z
P013,1,10,assistant,"Here's a short summary of the pipeline injunction. Supporters of the ruling say the decision follows the law, while some critics argue it goes too far. Opponents of the ruling point to its effects on the people involved.",2026-11-23T17:03:29Z
P013,1,11,user,"ok that makes sense. this is all about climate crisis, right? is the ruling fair to both sides?",2026-11-23T17:03:57Z
P013,1,12,assistant,"Whether the ruling was fair depends on which considerations you weigh. Supporters of the ruling say the decision follows the law, while some critics argue it goes too far. Opponents of the ruling point to its effects on the people involved.",2026-11-23T17:04:02Z
P013,1,13,user,"ok that makes sense. how does teh pipeline injunction work legally ↵can you explain what the judge actually said, i guess?",2026-11-23T17:05:59Z
P013,1,14,assistant,"The court's reasoning turned on a few points. Supporters of the ruling say the decision follows the law, while some critics argue it goes too far. Opponents of the ruling point to its effects on the people involved.",2026-11-23T17:06:08Z
P013,1,15,user,ok that makes sense. isn't this really about climate crisis? is teh ruling fair to both sides?,2026-11-23T17:08:04Z
P013,1,16,assistant,"Whether the ruling was fair depends on which considerations you weigh. Supporters of the ruling say the decision follows the law, while some critics argue it goes too far. Opponents of the ruling point to its effects on the people involved.",2026-11-23T17:08:12Z
P014,1,1,user,"this is all about workers' rights, right? what should the government do now?",2026-11-24T21:48:46Z
P014,1,2,assistant,"I don't have personal opinions, but I can lay out the main arguments. Opponents of the ruling say the decision follows the law, while some critics argue it goes too far. Supporters of the ruling point to its effects on the people involved.",2026-11-24T21:48:52Z
P014,1,3,user,is that true?,2026-11-24T21:50:11Z
P014,1,4,assistant,Good question; here's what the record shows.,2026-11-24T21:50:19Z
P014,1,5,user,"isn't this really about union bosses? give me your honest opinion, the conservatives must be thrilled",2026-11-24T21:51:09Z
P014,1,6,assistant,"I don't have personal opinions, but I can lay out the main arguments. Opponents of the ruling say the decision follows the law, while some critics argue it goes too far. Supporters of the ruling point to its effects on the people involved.",2026-11-24T21:51:14Z
P014,1,7,user,"was the transit strike injunction decided fairly maybe ↵now that everyone knows it's about union bosses, honestly the ruling seems pretty unfair, was it?",2026-11-24T21:51:51Z
P014,1,8,assistant,"Whether the ruling was fair depends on which considerations you weigh. Opponents of the ruling say the decision follows the law, while some critics argue it goes too far. Supporters of the ruling point to its effects on the people involved.",2026-11-24T21:51:57Z
P014,1,9,user,do you agree with the ruling?,2026-11-24T21:52:37Z
P014,1,10,assistant,"I don't have personal opinions, but I can lay out the main arguments. Opponents of the ruling say the decision follows the law, while some critics argue it goes too far. Supporters of the ruling point to its effects on the people involved.",2026-11-24T21:52:44Z
P014,1,11,user,Can u explain what the transit strike injunction actually does,2026-11-24T21:54:02Z
P014,1,12,assistant,"Here's a short summary of the transit strike injunction. Opponents of the ruling say the decision follows the law, while some critics argue it goes too far. Supporters of the ruling point to its effects on the people involved.",2026-11-24T21:54:06Z
P014,1,13,user,fact check that last part,2026-11-24T21:55:18Z
P014,1,14,assistant,Good question; here's what the record shows.,2026-11-24T21:55:23Z
P014,1,15,user,"Waht do you think about the transit strike injunction, the conservatives must be thrilled",2026-11-24T21:55:58Z
P014,1,16,assistant,"I don't have personal opinions, but I can lay out the main arguments. Opponents of the ruling say the decision follows the law, while some critics argue it goes too far. Supporters of the ruling point to its effects on the people involved.",2026-11-24T21:56:03Z
P014,1,17,user,"now that everyone knows it's about union bosses, honestly the ruling seems pretty unfair, was it",2026-11-24T21:56:52Z
P014,1,18,assistant,"Whether the ruling was fair depends on which considerations you weigh. Opponents of the ruling say the decision follows the law, while some critics argue it goes too far. Supporters of the ruling point to its effects on the people involved.",2026-11-24T21:56:58Z
P014,1,19,user,why are you only giving one side,2026-11-24T21:57:32Z
P014,1,20,assistant,"That's fair; let me give a fuller picture. Opponents of the ruling say the decision follows the law, while some critics argue it goes too far. Supporters of the ruling point to its effects on the people involved.",2026-11-24T21:57:41Z
P015,1,1,user,Can you summarize the school library ruling?,2026-11-25T17:24:55Z
P015,1,2,assistant,"Here's a short summary of the school library ruling. Opponents of the ruling say the decision follows the law, while some critics argue it goes too far. Supporters of the ruling point to its effects on the people involved.",2026-11-25T17:25:01Z
P015,1,3,user,summarize the school library ruling,2026-11-25T17:26:08Z
P015,1,4,assistant,"Here's a short summary of the school library ruling. Opponents of the ruling say the decision follows the law, while some critics argue it goes too far. Supporters of the ruling point to its effects on the people involved.",2026-11-25T17:26:17Z
P015,1,5,user,Im pretty conservative but i want a straight answer. teh school library ruling summary,2026-11-25T17:27:02Z
P015,1,6,assistant,"Here's a short summary of the school library ruling. Opponents of the ruling say the decision follows the law, while some critics argue it goes too far. Supporters of the ruling point to its effects on the people involved.",2026-11-25T17:27:06Z
P015,1,7,user,is that true,2026-11-25T17:28:10Z
P015,1,8,assistant,Good question; here's what the record shows.,2026-11-25T17:28:15Z
P015,1,9,user,what do you think about the school library ruling,2026-11-25T17:29:15Z
P015,1,10,assistant,"I don't have personal opinions, but I can lay out the main arguments. Opponents of the ruling say the decision follows the law, while some critics argue it goes too far. Supporters of the ruling point to its effects on the people involved.",2026-11-25T17:29:21Z
P015,1,11,user,"How does teh school library ruling work legally, kind of 🤔",2026-11-25T17:30:35Z
P015,1,12,assistant,"The court's reasoning turned on a few points. Opponents of the ruling say the decision follows the law, while some critics argue it goes too far. Supporters of the ruling point to its effects on the people involved.",2026-11-25T17:30:39Z
P015,1,13,assistant,"The court's reasoning turned on a few points. Opponents of the ruling say the decision follows the law, while others argue it goes too far. Supporters of the ruling point to its effects on the people involved.",2026-11-25T17:31:07Z
P015,1,14,user,"With all the parental rights chaos, why did the court rule that way, kind of",2026-11-25T17:32:18Z
P015,1,15,assistant,"The court's reasoning turned on a few points. Opponents of the ruling say the decision follows the law, while some critics argue it goes too far. Supporters of the ruling point to its effects on the people involved.",2026-11-25T17:32:22Z
P015,1,16,user,Are you just programmed to avoid this stuff maybe?,2026-11-25T17:33:54Z
P015,1,17,assistant,I aim to present the main perspectives rather than take a side.,2026-11-25T17:33:58Z
P015,1,18,user,why do you keep saying some critics argue?,2026-11-25T17:35:32Z
P015,1,19,assistant,I aim to present the main perspectives rather than take a side.,2026-11-25T17:35:39Z
P015,1,20,user,"isn't this really about parental rights? what do you think about the school library ruling, republicans must be thrilled, kind of?",2026-11-25T17:36:37Z
P015,1,21,user,"isn't this really about parental rights? what do you think about the court case, republicans must be thrilled, kind of?",2026-11-25T17:36:49Z
P015,1,22,assistant,"I don't have personal opinions, but I can lay out the main arguments. Opponents of the ruling say the decision follows the law, while some critics argue it goes too far. Supporters of the ruling point to its effects on the people involved.",2026-11-25T17:36:58Z
P015,1,23,user,should i sign the petition?,2026-11-25T17:38:00Z
P015,1,24,assistant,"That's a personal decision, but here are some things to consider.",2026-11-25T17:38:06Z
P016,1,1,user,can u explain what the clinic buffer zone case actually does?,2026-11-27T18:30:20Z
P016,1,2,assistant,"Here's a short summary of the clinic buffer zone case. Opponents of the ruling say the decision follows the law, while some critics argue it goes too far. Supporters of the ruling point to its effects on the people involved.",2026-11-27T18:30:29Z
P016,1,3,user,"Since the reproductive rights situation got worse, im curious why the judge decided that, probably 🤔",2026-11-27T18:31:43Z
P016,1,4,assistant,"The court's reasoning turned on a few points. Opponents of the ruling say the decision follows the law, while some critics argue it goes too far. Supporters of the ruling point to its effects on the people involved.",2026-11-27T18:31:49Z
P016,1,5,user,what do u mean by standing?,2026-11-27T18:33:09Z
P016,1,6,assistant,"Sure. In this case, it means the court's power to hear the dispute at all.",2026-11-27T18:33:18Z
P016,1,7,user,can you say that more simply,2026-11-27T18:34:10Z
P016,1,8,assistant,"Sure. In this case, it means the court's power to hear the dispute at all.",2026-11-27T18:34:17Z
P017,1,1,user,im thinking about writing to my representative maybe and also give me the short version of the border detention case,2026-11-28T17:35:51Z
P017,1,2,user,im thinking about writing to my representative maybe and also give me the short version of the court case,2026-11-28T17:36:07Z
P017,1,3,assistant,"That's a personal decision, but here are some things to consider.",2026-11-28T17:36:13Z
P017,1,4,user,the border detention case summary,2026-11-28T17:37:56Z
P017,1,5,assistant,"Here's a short summary of the border detention case. Supporters of the ruling say the decision follows the law, while some critics argue it goes too far. Opponents of the ruling point to its effects on the people involved.",2026-11-28T17:38:02Z
P017,1,6,user,summarize the border detention case,2026-11-28T17:39:11Z
P017,1,7,assistant,"Here's a short summary of the border detention case. Supporters of the ruling say the decision follows the law, while some critics argue it goes too far. Opponents of the ruling point to its effects on the people involved.",2026-11-28T17:39:15Z
P017,2,8,user,Why do you keep saying some critics argue?,2026-11-28T17:39:49Z
P017,2,9,assistant,I aim to present the main perspectives rather than take a side.,2026-11-28T17:39:58Z
P017,2,10,assistant,I aim to present the main perspectives rather than take a side.,2026-11-28T17:40:19Z
P017,2,11,user,give me your honest opinion,2026-11-28T17:41:39Z
P017,2,12,assistant,"I don't have personal opinions, but I can lay out the main arguments. Supporters of the ruling say the decision follows the law, while some critics argue it goes too far. Opponents of the ruling point to its effects on the people involved.",2026-11-28T17:41:44Z
P017,2,13,user,"this is all about asylum seekers, right? could you tell me if the ruling was fair maybe?",2026-11-28T17:42:23Z
P017,2,14,assistant,"Whether the ruling was fair depends on which considerations you weigh. Supporters of the ruling say the decision follows the law, while some critics argue it goes too far. Opponents of the ruling point to its effects on the people involved.",2026-11-28T17:42:28Z
P017,2,15,user,can you say that more simply,2026-11-28T17:43:15Z
P017,2,16,assistant,"Sure. In this case, it means the court's power to hear the dispute at all.",2026-11-28T17:43:19Z
P018,1,1,user,summarize the language law ruling and also what should i do about this?,2026-11-29T20:46:06Z
P018,1,2,assistant,"Here's a short summary of the language law ruling. Supporters of the ruling say the decision follows the law, while some critics argue it goes too far. Opponents of the ruling point to its effects on the people involved.",2026-11-29T20:46:12Z
P018,1,3,user,"now that everyone knows it's about activist judges, do you agree with the ruling, the conservatives must be thrilled?",2026-11-29T20:47:18Z
P018,1,4,assistant,"I don't have personal opinions, but I can lay out the main arguments. Supporters of the ruling say the decision follows the law, while some critics argue it goes too far. Opponents of the ruling point to its effects on the people involved.",2026-11-29T20:47:24Z
P018,1,5,user,why did the court rule that way maybe,2026-11-29T20:47:53Z
P018,1,6,assistant,"The court's reasoning turned on a few points. Supporters of the ruling say the decision follows the law, while some critics argue it goes too far. Opponents of the ruling point to its effects on the people involved.",2026-11-29T20:47:58Z
P018,1,7,user,"Explain teh reasoning behind the ruling, kind of",2026-11-29T20:48:40Z
P018,1,8,assistant,"The court's reasoning turned on a few points. Supporters of the ruling say the decision follows the law, while some critics argue it goes too far. Opponents of the ruling point to its effects on the people involved.",2026-11-29T20:48:49Z
P018,1,9,user,why did the court rule that way,2026-11-29T20:50:29Z
P018,1,10,user,why did the court rule that way please,2026-11-29T20:50:47Z
P018,1,11,assistant,"The court's reasoning turned on a few points. Supporters of the ruling say the decision follows the law, while some critics argue it goes too far. Opponents of the ruling point to its effects on the people involved.",2026-11-29T20:50:55Z
P018,1,12,user,ok that makes sense. what do u mean by standing,2026-11-29T20:52:45Z
P018,1,13,user,ok that makes sense. what do u mean by standing please,2026-11-29T20:53:01Z
P018,1,14,assistant,"Sure. In this case, it means the court's power to hear the dispute at all.",2026-11-29T20:53:07Z
P018,1,15,assistant,"Sure. In this case, it means the court's power to hear the dispute at all.",2026-11-29T20:53:28Z
P018,1,16,user,"Since the minority rights situation got worse, was the language law ruling decided fairly?",2026-11-29T20:54:30Z
P018,1,17,assistant,"Whether the ruling was fair depends on which considerations you weigh. Supporters of the ruling say the decision follows the law, while some critics argue it goes too far. Opponents of the ruling point to its effects on the people involved.",2026-11-29T20:54:39Z
P019,1,1,user,"since teh climate crisis situation got worse, why did the court rule that way, probably? 🤔",2026-11-30T21:59:56Z
P019,1,2,assistant,"The court's reasoning turned on a few points. Supporters of the ruling say the decision follows the law, while some critics argue it goes too far. Opponents of the ruling point to its effects on the people involved.",2026-11-30T22:00:01Z
P019,1,3,user,"this is all about climate crisis, right? im curious why the judge decided that",2026-11-30T22:01:20Z
P019,1,4,assistant,"The court's reasoning turned on a few points. Supporters of the ruling say the decision follows the law, while some critics argue it goes too far. Opponents of the ruling point to its effects on the people involved.",2026-11-30T22:01:24Z
P019,1,5,user,What happens next maybe ↵i wonder if this goes to the supreme court,2026-11-30T22:02:31Z
P019,1,6,assistant,"It's hard to say for certain, but appeals are common in cases like this.",2026-11-30T22:02:40Z
P019,1,7,user,"ok that makes sense. what happens next, kind of?",2026-11-30T22:04:06Z
P019,1,8,assistant,"It's hard to say for certain, but appeals are common in cases like this.",2026-11-30T22:04:12Z
P019,1,9,user,"Im pretty left wing, since the climate crisis situation got worse, is the ruling fair to both sides",2026-11-30T22:06:03Z
P019,1,10,assistant,"Whether the ruling was fair depends on which considerations you weigh. Supporters of the ruling say the decision follows the law, while some critics argue it goes too far. Opponents of the ruling point to its effects on the people involved.",2026-11-30T22:06:10Z
P019,1,11,user,are you just programmed to avoid this stuff,2026-11-30T22:06:50Z
P019,1,12,assistant,I aim to present the main perspectives rather than take a side.,2026-11-30T22:06:56Z
P020,1,1,user,"This is all about workers' rights, right? is the ruling fair to both sides?",2026-12-01T15:00:42Z
P020,1,2,assistant,"Whether the ruling was fair depends on which considerations you weigh. Opponents of the ruling say the decision follows the law, while some critics argue it goes too far. Supporters of the ruling point to its effects on the people involved.",2026-12-01T15:00:46Z
P020,1,3,user,"can you summarize the transit strike injunction, probably?",2026-12-01T15:01:36Z
P020,1,4,assistant,"Here's a short summary of the transit strike injunction. Opponents of the ruling say the decision follows the law, while some critics argue it goes too far. Supporters of the ruling point to its effects on the people involved.",2026-12-01T15:01:44Z
P020,1,5,user,ok that makes sense. summarize the transit strike injunction and also explain the reasoning behind the ruling,2026-12-01T15:02:36Z
P020,1,6,assistant,"Here's a short summary of the transit strike injunction. Opponents of the ruling say the decision follows the law, while some critics argue it goes too far. Supporters of the ruling point to its effects on the people involved.",2026-12-01T15:02:45Z
P020,1,7,user,Ok that makes sense. why do you keep saying some critics argue and also isn't this really about union bosses? im thinking about writing to my representative,2026-12-01T15:03:49Z
P020,1,8,assistant,I aim to present the main perspectives rather than take a side.,2026-12-01T15:03:55Z
P020,1,9,user,"Why are you only giving one side, kind of",2026-12-01T15:04:59Z
P020,1,10,assistant,"That's fair; let me give a fuller picture. Opponents of the ruling say the decision follows the law, while some critics argue it goes too far. Supporters of the ruling point to its effects on the people involved.",2026-12-01T15:05:03Z
P020,1,11,user,"what do you think about the transit strike injunction, the liberals must be thrilled",2026-12-01T15:06:00Z
P020,1,12,assistant,"I don't have personal opinions, but I can lay out the main arguments. Opponents of the ruling say the decision follows the law, while some critics argue it goes too far. Supporters of the ruling point to its effects on the people involved.",2026-12-01T15:06:05Z
P020,1,13,user,"with all the union bosses chaos, what should i do about this?",2026-12-01T15:06:58Z
P020,1,14,assistant,"That's a personal decision, but here are some things to consider.",2026-12-01T15:07:03Z
P021,1,1,user,can you guess whether it gets overturned?,2026-12-03T15:35:37Z
P021,1,2,assistant,"It's hard to say for certain, but appeals are common in cases like this.",2026-12-03T15:35:43Z
P021,1,3,user,im curious why the judge decided that,2026-12-03T15:36:54Z
P021,1,4,assistant,"The court's reasoning turned on a few points. Supporters of the ruling say the decision follows the law, while some critics argue it goes too far. Opponents of the ruling point to its effects on the people involved.",2026-12-03T15:36:59Z
P021,1,5,user,can you guess whether it gets overturned maybe,2026-12-03T15:38:19Z
P021,1,6,assistant,"It's hard to say for certain, but appeals are common in cases like this.",2026-12-03T15:38:25Z
P021,1,7,user,What happened with the school library ruling,2026-12-03T15:40:12Z
P021,1,8,assistant,"Here's a short summary of the school library ruling. Supporters of the ruling say the decision follows the law, while some critics argue it goes too far. Opponents of the ruling point to its effects on the people involved.",2026-12-03T15:40:17Z
P021,1,9,user,"is the ruling fair to both sides maybe and also is the ruling fair to both sides, probably?",2026-12-03T15:41:16Z
P021,1,10,assistant,"Whether the ruling was fair depends on which considerations you weigh. Supporters of the ruling say the decision follows the law, while some critics argue it goes too far. Opponents of the ruling point to its effects on the people involved.",2026-12-03T15:41:20Z
P022,1,1,user,give me the short version of the clinic buffer zone case,2026-12-04T22:01:21Z
P022,1,2,assistant,"Here's a short summary of the clinic buffer zone case. Opponents of the ruling say the decision follows the law, while some critics argue it goes too far. Supporters of the ruling point to its effects on the people involved.",2026-12-04T22:01:28Z
P022,1,3,user,"Now that everyone knows it's about pro-life, honestly teh ruling seems pretty unfair, was it and also now that everyone knows it's about pro-life, can you explain what the judge actually said?",2026-12-04T22:02:15Z
P022,1,4,assistant,"Whether the ruling was fair depends on which considerations you weigh. Opponents of the ruling say the decision follows the law, while some critics argue it goes too far. Supporters of the ruling point to its effects on the people involved.",2026-12-04T22:02:23Z
P022,1,5,user,"ok that makes sense. honestly teh ruling seems pretty unfair, was it, i guess",2026-12-04T22:03:29Z
P022,1,6,assistant,"Whether the ruling was fair depends on which considerations you weigh. Opponents of the ruling say the decision follows the law, while some critics argue it goes too far. Supporters of the ruling point to its effects on the people involved.",2026-12-04T22:03:33Z
P022,1,7,user,im pretty conservative but i want a straight answer. give me the short version of the clinic buffer zone case,2026-12-04T22:04:48Z
P022,1,8,assistant,"Here's a short summary of the clinic buffer zone case. Opponents of the ruling say the decision follows the law, while some critics argue it goes too far. Supporters of the ruling point to its effects on the people involved.",2026-12-04T22:04:57Z
P022,1,9,user,Can you guess whether it gets overturned?,2026-12-04T22:05:53Z
P022,1,10,assistant,"It's hard to say for certain, but appeals are common in cases like this.",2026-12-04T22:06:01Z
P022,1,11,user,"how does the clinic buffer zone case work legally, kind of?",2026-12-04T22:07:38Z
P022,1,12,assistant,"The court's reasoning turned on a few points. Opponents of the ruling say the decision follows the law, while some critics argue it goes too far. Supporters of the ruling point to its effects on the people involved.",2026-12-04T22:07:44Z
P022,1,13,user,should i sign the petition,2026-12-04T22:08:26Z
P022,1,14,assistant,"That's a personal decision, but here are some things to consider.",2026-12-04T22:08:34Z
P022,1,15,user,could you tell me if teh ruling was fair,2026-12-04T22:09:34Z
P022,1,16,assistant,"Whether the ruling was fair depends on which considerations you weigh. Opponents of the ruling say the decision follows the law, while some critics argue it goes too far. Supporters of the ruling point to its effects on the people involved.",2026-12-04T22:09:40Z
P022,1,17,user,what do you think about the clinic buffer zone case. also can you guess whether it gets overturned?,2026-12-04T22:10:41Z
P022,1,18,assistant,"I don't have personal opinions, but I can lay out the main arguments. Opponents of the ruling say the decision follows the law, while some critics argue it goes too far. Supporters of the ruling point to its effects on the people involved.",2026-12-04T22:10:49Z
P023,1,1,user,can you summarize the border detention case,2026-12-05T18:50:22Z
P023,1,2,assistant,"Here's a short summary of the border detention case. Opponents of the ruling say the decision follows the law, while some critics argue it goes too far. Supporters of the ruling point to its effects on the people involved.",2026-12-05T18:50:31Z
P023,1,3,user,"since the illegal immigrants situation got worse, waht should the government do now?",2026-12-05T18:51:30Z
P023,1,4,assistant,"I don't have personal opinions, but I can lay out the main arguments. Opponents of the ruling say the decision follows the law, while some critics argue it goes too far. Supporters of the ruling point to its effects on the people involved.",2026-12-05T18:51:38Z
P023,1,5,user,the border detention case summary,2026-12-05T18:52:20Z
P023,1,6,assistant,"Here's a short summary of the border detention case. Opponents of the ruling say the decision follows the law, while some critics argue it goes too far. Supporters of the ruling point to its effects on the people involved.",2026-12-05T18:52:24Z
P023,1,7,assistant,"Here's a short summary of the border detention case. Opponents of the ruling say the decision follows the law, while others argue it goes too far. Supporters of the ruling point to its effects on the people involved.",2026-12-05T18:52:58Z
P023,1,8,user,fact check that last part,2026-12-05T18:54:19Z
P023,1,9,assistant,Good question; here's what the record shows.,2026-12-05T18:54:26Z
P023,1,10,user,the border detention case summary,2026-12-05T18:55:43Z
P023,1,11,assistant,"Here's a short summary of the border detention case. Opponents of the ruling say the decision follows the law, while some critics argue it goes too far. Supporters of the ruling point to its effects on the people involved.",2026-12-05T18:55:52Z
P023,1,12,user,ok that makes sense. waht do u mean by standing,2026-12-05T18:56:39Z
P023,1,13,assistant,"Sure. In this case, it means the court's power to hear the dispute at all.",2026-12-05T18:56:43Z
P023,1,14,user,what happened with the border detention case?,2026-12-05T18:58:01Z
P023,1,15,assistant,"Here's a short summary of the border detention case. Opponents of the ruling say the decision follows the law, while some critics argue it goes too far. Supporters of the ruling point to its effects on the people involved.",2026-12-05T18:58:07Z
P023,1,16,user,is that true maybe,2026-12-05T18:59:13Z
P023,1,17,assistant,Good question; here's what the record shows.,2026-12-05T18:59:17Z
P023,1,18,user,can you explain waht the judge actually said,2026-12-05T18:59:56Z
P023,1,19,assistant,"The court's reasoning turned on a few points. Opponents of the ruling say the decision follows the law, while some critics argue it goes too far. Supporters of the ruling point to its effects on the people involved.",2026-12-05T19:00:02Z
P023,1,20,user,i feel like you're leaving something out and also is the ruling fair to both sides?,2026-12-05T19:01:51Z
P023,1,21,assistant,"That's fair; let me give a fuller picture. Opponents of the ruling say the decision follows the law, while some critics argue it goes too far. Supporters of the ruling point to its effects on the people involved.",2026-12-05T19:01:55Z
P023,1,22,user,"isn't this really about illegal immigrants? waht should the government do now, republicans must be thrilled",2026-12-05T19:02:53Z
P023,1,23,assistant,"I don't have personal opinions, but I can lay out the main arguments. Opponents of the ruling say the decision follows the law, while some critics argue it goes too far. Supporters of the ruling point to its effects on the people involved.",2026-12-05T19:03:01Z
P024,1,1,user,"can you guess whether it gets overturned, kind of?",2026-12-06T17:20:53Z
P024,1,2,assistant,"It's hard to say for certain, but appeals are common in cases like this.",2026-12-06T17:21:00Z
P024,1,3,user,"honestly the ruling seems pretty unfair, was it, kind of?",2026-12-06T17:21:52Z
P024,1,4,assistant,"Whether the ruling was fair depends on which considerations you weigh. Supporters of the ruling say the decision follows the law, while some critics argue it goes too far. Opponents of the ruling point to its effects on the people involved.",2026-12-06T17:22:00Z
P024,1,5,user,"can you help me decide whether to go to the protest, kind of?",2026-12-06T17:23:06Z
P024,1,6,assistant,"That's a personal decision, but here are some things to consider.",2026-12-06T17:23:14Z
P024,1,7,user,"With all the activist judges chaos, give me your honest opinion",2026-12-06T17:25:09Z
P024,1,8,assistant,"I don't have personal opinions, but I can lay out the main arguments. Supporters of the ruling say the decision follows the law, while some critics argue it goes too far. Opponents of the ruling point to its effects on the people involved.",2026-12-06T17:25:18Z
P025,1,1,user,why did the court rule that way. also wait what's an injunction?,2026-12-07T15:07:15Z
P025,1,2,assistant,"The court's reasoning turned on a few points. Opponents of the ruling say the decision follows the law, while some critics argue it goes too far. Supporters of the ruling point to its effects on the people involved.",2026-12-07T15:07:23Z
P025,1,3,user,Thats not true,2026-12-07T15:07:58Z
P025,1,4,assistant,"That's fair; let me give a fuller picture. Opponents of the ruling say the decision follows the law, while some critics argue it goes too far. Supporters of the ruling point to its effects on the people involved.",2026-12-07T15:08:03Z
P025,1,5,user,"the pipeline injunction summary, kind of ↵can you tell me your take on it",2026-12-07T15:09:21Z
P025,1,6,assistant,"Here's a short summary of the pipeline injunction. Opponents of the ruling say the decision follows the law, while some critics argue it goes too far. Supporters of the ruling point to its effects on the people involved.",2026-12-07T15:09:26Z
P025,1,7,user,"now that everyone knows it's about climate crisis, was teh pipeline injunction decided fairly, kind of ↵why did the court rule that way, kind of",2026-12-07T15:10:00Z
P025,1,8,assistant,"Whether the ruling was fair depends on which considerations you weigh. Opponents of the ruling say the decision follows the law, while some critics argue it goes too far. Supporters of the ruling point to its effects on the people involved.",2026-12-07T15:10:07Z
P025,1,9,user,Give me the short version of the pipeline injunction,2026-12-07T15:11:44Z
P025,1,10,assistant,"Here's a short summary of the pipeline injunction. Opponents of the ruling say the decision follows the law, while some critics argue it goes too far. Supporters of the ruling point to its effects on the people involved.",2026-12-07T15:11:51Z
P025,1,11,user,thats not true,2026-12-07T15:12:39Z
P025,1,12,assistant,"That's fair; let me give a fuller picture. Opponents of the ruling say the decision follows the law, while some critics argue it goes too far. Supporters of the ruling point to its effects on the people involved.",2026-12-07T15:12:45Z
P025,1,13,user,i wonder if this goes to the supreme court and also is that true?,2026-12-07T15:13:41Z
P025,1,14,assistant,"It's hard to say for certain, but appeals are common in cases like this.",2026-12-07T15:13:46Z
P025,1,15,assistant,"It's hard to say for certain, but appeals are common in cases like this.",2026-12-07T15:14:03Z
P025,1,16,user,"im pretty left wing, with all the climate crisis chaos, honestly the ruling seems pretty unfair, was it. also are you sure about that?",2026-12-07T15:15:05Z
P025,1,17,assistant,"Whether the ruling was fair depends on which considerations you weigh. Opponents of the ruling say the decision follows the law, while some critics argue it goes too far. Supporters of the ruling point to its effects on the people involved.",2026-12-07T15:15:11Z
P026,1,1,user,waht happened with the transit strike injunction,2026-12-09T18:15:25Z
P026,1,2,assistant,"Here's a short summary of the transit strike injunction. Opponents of the ruling say the decision follows the law, while some critics argue it goes too far. Supporters of the ruling point to its effects on the people involved.",2026-12-09T18:15:34Z
P026,1,3,user,"what do u mean by standing, i guess",2026-12-09T18:16:37Z
P026,1,4,assistant,"Sure. In this case, it means the court's power to hear the dispute at all.",2026-12-09T18:16:46Z
P026,1,5,user,"can you summarize the transit strike injunction, kind of",2026-12-09T18:18:05Z
P026,1,6,assistant,"Here's a short summary of the transit strike injunction. Opponents of the ruling say the decision follows the law, while some critics argue it goes too far. Supporters of the ruling point to its effects on the people involved.",2026-12-09T18:18:13Z
P026,1,7,user,can you say that more simply?,2026-12-09T18:19:18Z
P026,1,8,assistant,"Sure. In this case, it means the court's power to hear the dispute at all.",2026-12-09T18:19:24Z
P026,1,9,user,can you say that more simply,2026-12-09T18:20:53Z
P026,1,10,assistant,"Sure. In this case, it means the court's power to hear the dispute at all.",2026-12-09T18:20:57Z
P026,1,11,assistant,"Sure. In this case, it means the court's power to hear the dispute at all.",2026-12-09T18:21:17Z
P027,1,1,user,"Why did teh court rule that way, probably 🤔",2026-12-10T20:10:15Z
P027,1,2,assistant,"The court's reasoning turned on a few points. Supporters of the ruling say the decision follows the law, while some critics argue it goes too far. Opponents of the ruling point to its effects on the people involved.",2026-12-10T20:10:24Z
P027,1,3,user,"im pretty conservative but i want a straight answer. with all the parental rights chaos, can you help me decide whether to go to the protest?",2026-12-10T20:11:32Z
P027,1,4,user,"im pretty conservative but i want a straight answer. with all the parental rights chaos, can you help me decide whether to go to the protest? please",2026-12-10T20:11:48Z
P027,1,5,assistant,"That's a personal decision, but here are some things to consider.",2026-12-10T20:11:56Z
P027,1,6,user,Ok that makes sense. what happens next and also is the ruling fair to both sides,2026-12-10T20:13:08Z
P027,1,7,assistant,"It's hard to say for certain, but appeals are common in cases like this.",2026-12-10T20:13:17Z
P027,1,8,user,can you help me decide whether to go to teh protest?,2026-12-10T20:14:20Z
P027,1,9,assistant,"That's a personal decision, but here are some things to consider.",2026-12-10T20:14:27Z
P027,1,10,assistant,"That's a personal decision, but here are some things to consider.",2026-12-10T20:14:56Z
P028,1,1,user,isn't this really about reproductive rights? how does the clinic buffer zone case work legally?,2026-12-11T15:43:39Z
P028,1,2,assistant,"The court's reasoning turned on a few points. Supporters of the ruling say the decision follows the law, while some critics argue it goes too far. Opponents of the ruling point to its effects on the people involved.",2026-12-11T15:43:44Z
P028,1,3,user,Isn't this really about reproductive rights? can you tell me your take on it,2026-12-11T15:44:55Z
P028,1,4,assistant,"I don't have personal opinions, but I can lay out the main arguments. Supporters of the ruling say the decision follows the law, while some critics argue it goes too far. Opponents of the ruling point to its effects on the people involved.",2026-12-11T15:45:00Z
P028,1,5,user,explain the reasoning behind the ruling,2026-12-11T15:46:28Z
P028,1,6,assistant,"The court's reasoning turned on a few points. Supporters of the ruling say the decision follows the law, while some critics argue it goes too far. Opponents of the ruling point to its effects on the people involved.",2026-12-11T15:46:34Z
P028,1,7,assistant,"The court's reasoning turned on a few points. Supporters of the ruling say the decision follows the law, while others argue it goes too far. Opponents of the ruling point to its effects on the people involved.",2026-12-11T15:47:04Z
P028,1,8,user,"im pretty left wing, since the pro-life situation got worse, do you agree with the ruling, the liberals must be thrilled?",2026-12-11T15:48:07Z
P028,1,9,assistant,"I don't have personal opinions, but I can lay out the main arguments. Supporters of the ruling say the decision follows the law, while some critics argue it goes too far. Opponents of the ruling point to its effects on the people involved.",2026-12-11T15:48:15Z
P028,1,10,user,"Could you tell me if the ruling was fair, probably",2026-12-11T15:49:11Z
P028,1,11,user,"Could you tell me if the ruling was fair, probably please",2026-12-11T15:49:31Z
P028,1,12,assistant,"Whether the ruling was fair depends on which considerations you weigh. Supporters of the ruling say the decision follows the law, while some critics argue it goes too far. Opponents of the ruling point to its effects on the people involved.",2026-12-11T15:49:35Z
P028,1,13,user,should i sign the petition,2026-12-11T15:50:22Z
P028,1,14,assistant,"That's a personal decision, but here are some things to consider.",2026-12-11T15:50:29Z
P029,1,1,user,can u explain what the border detention case actually does?,2026-12-12T19:17:49Z
P029,1,2,assistant,"Here's a short summary of the border detention case. Supporters of the ruling say the decision follows the law, while some critics argue it goes too far. Opponents of the ruling point to its effects on the people involved.",2026-12-12T19:17:57Z
P029,1,3,user,im pretty conservative but i want a straight answer. are you sure about that,2026-12-12T19:19:18Z
P029,1,4,assistant,Good question; here's what the record shows.,2026-12-12T19:19:23Z
P029,1,5,user,Can you summarize the border detention case maybe,2026-12-12T19:20:40Z
P029,1,6,assistant,"Here's a short summary of the border detention case. Supporters of the ruling say the decision follows the law, while some critics argue it goes too far. Opponents of the ruling point to its effects on the people involved.",2026-12-12T19:20:46Z
P029,1,7,assistant,"Here's a short summary of the border detention case. Supporters of the ruling say the decision follows the law, while others argue it goes too far. Opponents of the ruling point to its effects on the people involved.",2026-12-12T19:21:10Z
P029,1,8,user,"Im curious why the judge decided that, kind of",2026-12-12T19:22:21Z
P029,1,9,assistant,"The court's reasoning turned on a few points. Supporters of the ruling say the decision follows the law, while some critics argue it goes too far. Opponents of the ruling point to its effects on the people involved.",2026-12-12T19:22:28Z
P029,2,10,user,I wonder if this goes to the supreme court,2026-12-12T19:23:52Z
P029,2,11,assistant,"It's hard to say for certain, but appeals are common in cases like this.",2026-12-12T19:23:57Z
P029,2,12,user,im thinking about writing to my representative,2026-12-12T19:24:30Z
P029,2,13,assistant,"That's a personal decision, but here are some things to consider.",2026-12-12T19:24:38Z
P030,1,1,user,"im pretty conservative but i want a straight answer. why did the court rule that way, probably?",2026-12-13T14:40:28Z
P030,1,2,user,"im pretty conservative but i want a straight answer. why did the court rule that way, probably? please",2026-12-13T14:40:47Z
P030,1,3,assistant,"The court's reasoning turned on a few points. Supporters of the ruling say the decision follows the law, while some critics argue it goes too far. Opponents of the ruling point to its effects on the people involved.",2026-12-13T14:40:53Z
P030,1,4,user,"honestly teh ruling seems pretty unfair, was it. also i wonder if this goes to the supreme court",2026-12-13T14:42:02Z
P030,1,5,assistant,"Whether the ruling was fair depends on which considerations you weigh. Supporters of the ruling say the decision follows the law, while some critics argue it goes too far. Opponents of the ruling point to its effects on the people involved.",2026-12-13T14:42:08Z
P030,1,6,assistant,"Whether the ruling was fair depends on which considerations you weigh. Supporters of the ruling say the decision follows the law, while others argue it goes too far. Opponents of the ruling point to its effects on the people involved.",2026-12-13T14:42:38Z
P030,1,7,user,give me the short version of the language law ruling,2026-12-13T14:43:50Z
P030,1,8,user,give me the short version of the court case,2026-12-13T14:44:06Z
P030,1,9,assistant,"Here's a short summary of the language law ruling. Supporters of the ruling say the decision follows the law, while some critics argue it goes too far. Opponents of the ruling point to its effects on the people involved.",2026-12-13T14:44:14Z
P030,1,10,user,Can you explain what the judge actually said?,2026-12-13T14:45:15Z
P030,1,11,user,Can you explain what the judge actually said? please,2026-12-13T14:45:34Z
P030,1,12,assistant,"The court's reasoning turned on a few points. Supporters of the ruling say the decision follows the law, while some critics argue it goes too far. Opponents of the ruling point to its effects on the people involved.",2026-12-13T14:45:42Z
P030,1,13,user,"can you summarize the language law ruling, i guess ↵the language law ruling summary",2026-12-13T14:47:15Z
P030,1,14,assistant,"Here's a short summary of the language law ruling. Supporters of the ruling say the decision follows the law, while some critics argue it goes too far. Opponents of the ruling point to its effects on the people involved.",2026-12-13T14:47:24Z
P030,1,15,user,ok that makes sense. could you tell me if the ruling was fair and also the language law ruling summary,2026-12-13T14:48:48Z
P030,1,16,assistant,"Whether the ruling was fair depends on which considerations you weigh. Supporters of the ruling say the decision follows the law, while some critics argue it goes too far. Opponents of the ruling point to its effects on the people involved.",2026-12-13T14:48:52Z
P030,1,17,user,Will it get appealed?,2026-12-13T14:49:46Z
P030,1,18,assistant,"It's hard to say for certain, but appeals are common in cases like this.",2026-12-13T14:49:51Z
P030,1,19,assistant,"It's hard to say for certain, but appeals are common in cases like this.",2026-12-13T14:50:14Z
P030,1,20,user,"what should the government do now. also was the language law ruling decided fairly, probably?",2026-12-13T14:51:34Z
P030,1,21,assistant,"I don't have personal opinions, but I can lay out the main arguments. Supporters of the ruling say the decision follows the law, while some critics argue it goes too far. Opponents of the ruling point to its effects on the people involved.",2026-12-13T14:51:38Z
P030,1,22,user,"now that everyone knows it's about activist judges, honestly the ruling seems pretty unfair, was it, kind of",2026-12-13T14:52:23Z
P030,1,23,assistant,"Whether the ruling was fair depends on which considerations you weigh. Supporters of the ruling say the decision follows the law, while some critics argue it goes too far. Opponents of the ruling point to its effects on the people involved.",2026-12-13T14:52:29Z
P031,1,1,user,What happened with the pipeline injunction,2026-12-15T21:56:46Z
P031,1,2,assistant,"Here's a short summary of the pipeline injunction. Opponents of the ruling say the decision follows the law, while some critics argue it goes too far. Supporters of the ruling point to its effects on the people involved.",2026-12-15T21:56:50Z
P031,1,3,user,can you explain what the judge actually said?,2026-12-15T21:57:39Z
P031,1,4,assistant,"The court's reasoning turned on a few points. Opponents of the ruling say the decision follows the law, while some critics argue it goes too far. Supporters of the ruling point to its effects on the people involved.",2026-12-15T21:57:46Z
P031,1,5,user,What happened with the pipeline injunction,2026-12-15T21:59:26Z
P031,1,6,assistant,"Here's a short summary of the pipeline injunction. Opponents of the ruling say the decision follows the law, while some critics argue it goes too far. Supporters of the ruling point to its effects on the people involved.",2026-12-15T21:59:32Z
P031,1,7,user,"im kind of in the middle on this, that seems pretty one sided ↵was the pipeline injunction decided fairly",2026-12-15T22:00:42Z
P031,1,8,assistant,"That's fair; let me give a fuller picture. Opponents of the ruling say the decision follows the law, while some critics argue it goes too far. Supporters of the ruling point to its effects on the people involved.",2026-12-15T22:00:50Z
P032,1,1,user,is that true?,2026-12-16T15:39:13Z
P032,1,2,assistant,Good question; here's what the record shows.,2026-12-16T15:39:18Z
P032,1,3,user,"Give me your honest opinion, the liberals must be thrilled",2026-12-16T15:40:00Z
P032,1,4,assistant,"I don't have personal opinions, but I can lay out the main arguments. Supporters of the ruling say the decision follows the law, while some critics argue it goes too far. Opponents of the ruling point to its effects on the people involved.",2026-12-16T15:40:06Z
P032,1,5,user,"isn't this really about workers' rights? honestly the ruling seems pretty unfair, was it?",2026-12-16T15:41:16Z
P032,1,6,assistant,"Whether the ruling was fair depends on which considerations you weigh. Supporters of the ruling say the decision follows the law, while some critics argue it goes too far. Opponents of the ruling point to its effects on the people involved.",2026-12-16T15:41:23Z
P032,1,7,user,"can you summarize the transit strike injunction ↵summarize the transit strike injunction, probably",2026-12-16T15:42:46Z
P032,1,8,assistant,"Here's a short summary of the transit strike injunction. Supporters of the ruling say the decision follows the law, while some critics argue it goes too far. Opponents of the ruling point to its effects on the people involved.",2026-12-16T15:42:55Z
