participant,line,code,coder_a,coder_b
P003,28,4.1,1,1
P003,28,4.2,0,0
P003,28,4.3,0,0
P003,28,4.4,0,0
P003,28,4.5,0,0
P003,28,4.6,0,0
P003,30,4.1,0,0
P003,30,4.2,0,0
P003,30,4.3,0,0
P003,30,4.4,0,0
P003,30,4.5,0,0
P003,30,4.6,0,0
P003,32,4.1,0,0
P003,32,4.2,0,0
P003,32,4.3,0,0
P003,32,4.4,0,0
P003,32,4.5,1,1
P003,32,4.6,0,0
P003,34,5.1,0,0
P003,34,5.2,0,0
P003,34,5.3,1,1
P003,34,5.4,0,0
P007,46,4.1,1,1
P007,46,4.2,0,0
P007,46,4.3,0,0
P007,46,4.4,0,0
P007,46,4.5,0,0
P007,46,4.6,0,0
P007,48,4.1,0,0
P007,48,4.2,0,0
P007,48,4.3,0,0
P007,48,4.4,0,0
P007,48,4.5,0,0
P007,48,4.6,0,0
P007,50,4.1,0,0
P007,50,4.2,0,0
P007,50,4.3,0,0
P007,50,4.4,1,1
P007,50,4.5,0,0
P007,50,4.6,0,0
P007,52,5.1,0,0
P007,52,5.2,0,0
P007,52,5.3,1,1
P007,52,5.4,0,0
P012,51,4.1,1,1
P012,51,4.2,0,0
P012,51,4.3,0,0
P012,51,4.4,0,0
P012,51,4.5,0,0
P012,51,4.6,0,0
P012,53,4.1,0,0
P012,53,4.2,0,0
P012,53,4.3,0,0
P012,53,4.4,0,0
P012,53,4.5,0,0
P012,53,4.6,0,0
P012,55,4.1,0,0
P012,55,4.2,0,0
P012,55,4.3,0,0
P012,55,4.4,1,1
P012,55,4.5,0,0
P012,55,4.6,0,1
P012,57,5.1,0,0
P012,57,5.2,0,0
P012,57,5.3,1,1
P012,57,5.4,0,0
P016,28,4.1,0,0
P016,28,4.2,0,0
P016,28,4.3,0,0
P016,28,4.4,0,0
P016,28,4.5,0,0
P016,28,4.6,0,0
P016,30,4.1,0,0
P016,30,4.2,0,0
P016,30,4.3,0,0
P016,30,4.4,0,0
P016,30,4.5,0,0
P016,30,4.6,0,0
P016,31,4.1,0,0
P016,31,4.2,0,0
P016,31,4.3,1,1
P016,31,4.4,0,0
P016,31,4.5,0,0
P016,31,4.6,0,0
P016,32,4.1,0,0
P016,32,4.2,0,0
P016,32,4.3,0,0
P016,32,4.4,0,0
P016,32,4.5,0,0
P016,32,4.6,1,1
P016,34,4.1,0,0
P016,34,4.2,0,0
P016,34,4.3,0,0
P016,34,4.4,1,1
P016,34,4.5,0,0
P016,34,4.6,0,0
P016,36,5.1,0,0
P016,36,5.2,0,0
P016,36,5.3,0,0
P016,36,5.4,1,1
P021,33,4.1,0,0
P021,33,4.2,1,1
P021,33,4.3,0,0
P021,33,4.4,0,0
P021,33,4.5,0,0
P021,33,4.6,0,0
P021,35,4.1,0,0
P021,35,4.2,0,0
P021,35,4.3,0,0
P021,35,4.4,0,0
P021,35,4.5,0,0
P021,35,4.6,0,0
P021,36,4.1,0,0
P021,36,4.2,0,0
P021,36,4.3,1,1
P021,36,4.4,0,0
P021,36,4.5,0,0
P021,36,4.6,0,0
P021,37,4.1,0,0
P021,37,4.2,0,0
P021,37,4.3,0,0
P021,37,4.4,0,0
P021,37,4.5,0,0
P021,37,4.6,0,1
P021,39,4.1,0,0
P021,39,4.2,0,0
P021,39,4.3,0,0
P021,39,4.4,0,0
P021,39,4.5,1,1
P021,39,4.6,0,0
P021,41,5.1,0,0
P021,41,5.2,0,0
P021,41,5.3,0,0
P021,41,5.4,1,1
P025,43,4.1,1,1
P025,43,4.2,0,0
P025,43,4.3,0,0
P025,43,4.4,0,0
P025,43,4.5,0,0
P025,43,4.6,0,0
P025,45,4.1,0,0
P025,45,4.2,0,0
P025,45,4.3,0,0
P025,45,4.4,0,0
P025,45,4.5,0,0
P025,45,4.6,0,0
P025,47,4.1,0,0
P025,47,4.2,0,0
P025,47,4.3,0,0
P025,47,4.4,1,1
P025,47,4.5,0,0
P025,47,4.6,0,0
P025,49,5.1,0,0
P025,49,5.2,1,1
P025,49,5.3,0,0
P025,49,5.4,0,0
P030,57,4.1,0,0
P030,57,4.2,0,0
P030,57,4.3,0,0
P030,57,4.4,0,0
P030,57,4.5,0,0
P030,57,4.6,0,0
P030,59,4.1,0,0
P030,59,4.2,0,0
P030,59,4.3,0,0
P030,59,4.4,0,0
P030,59,4.5,0,0
P030,59,4.6,0,0
P030,60,4.1,0,0
P030,60,4.2,0,0
P030,60,4.3,1,1
P030,60,4.4,0,0
P030,60,4.5,0,0
P030,60,4.6,1,0
P030,61,4.1,0,0
P030,61,4.2,0,0
P030,61,4.3,0,0
P030,61,4.4,0,0
P030,61,4.5,0,0
P030,61,4.6,1,0
P030,63,4.1,0,0
P030,63,4.2,0,0
P030,63,4.3,0,0
P030,63,4.4,1,1
P030,63,4.5,0,0
P030,63,4.6,0,0
P030,65,5.1,0,0
P030,65,5.2,1,1
P030,65,5.3,0,0
P030,65,5.4,0,0
