id,age,stress,sleep,wellbeing,wellbeing_true
1,37,-0.24,7.8,5.41,5.41
2,65,1.17,6.4,,4.12
3,25,-1.49,7.6,4.04,4.04
4,52,-1.78,8.7,5.11,5.11
5,19,-0.94,8.4,3.98,3.98
6,50,0.43,6.7,4.74,4.74
7,28,-0.57,8.1,4.41,4.41
8,46,1.32,4.4,4.62,4.62
9,31,0.17,6.7,3.46,3.46
10,18,0.63,6.1,3.02,3.02
11,48,0.15,7.5,,4.2
12,18,0.41,7.2,1.78,1.78
13,66,0.36,6.1,3.9,3.9
14,24,-2.76,7.0,5.83,5.83
15,24,0.16,6.2,4.63,4.63
16,45,0.93,8.3,2.95,2.95
17,43,-0.22,8.1,4.83,4.83
18,22,0.49,5.8,2.77,2.77
19,31,-0.95,9.0,4.87,4.87
20,19,-0.71,7.0,4.6,4.6
21,28,1.25,5.5,,3.45
22,65,-2.13,8.2,5.24,5.24
23,24,-0.04,7.2,3.35,3.35
24,67,-1.08,8.6,4.95,4.95
25,23,0.06,7.4,4.12,4.12
26,43,-1.04,7.2,5.59,5.59
27,29,1.29,7.5,,3.75
28,33,2.14,5.7,,1.4
29,31,0.24,7.1,3.25,3.25
30,54,1.94,6.2,,4.37
31,42,-2.07,7.5,4.95,4.95
32,48,0.36,6.0,4.04,4.04
33,18,-1.42,7.3,4.06,4.06
34,61,-0.27,7.5,3.6,3.6
35,48,-0.3,5.2,,4.28
36,47,2.1,6.8,,2.25
37,30,0.01,6.4,4.79,4.79
38,43,-0.02,8.1,3.46,3.46
39,37,-0.44,7.5,4.18,4.18
40,35,2.13,5.4,1.78,1.78
41,68,-0.42,7.0,4.54,4.54
42,28,0.37,8.0,3.59,3.59
43,34,0.9,6.0,2.68,2.68
44,47,0.36,6.4,4.53,4.53
45,51,1.82,4.3,,2.75
46,35,-0.81,7.7,5.97,5.97
47,58,-2.1,8.6,6.37,6.37
48,22,-1.38,7.4,4.11,4.11
49,28,0.02,7.7,4.49,4.49
50,37,-0.46,6.8,4.43,4.43
51,34,1.24,6.9,1.83,1.83
52,23,1.18,6.4,,3.93
53,19,0.96,5.6,2.89,2.89
54,62,0.13,7.8,3.8,3.8
55,37,1.93,7.5,,1.42
56,33,-0.99,7.7,4.39,4.39
57,50,0.49,6.3,3.87,3.87
58,19,-0.58,8.1,4.78,4.78
59,63,0.92,7.4,,3.28
60,55,-0.42,7.8,4.28,4.28
61,38,-1.31,7.0,4.38,4.38
62,40,-0.56,6.6,,3.66
63,49,-0.52,6.6,,4.72
64,57,-0.75,6.6,4.71,4.71
65,41,0.0,4.7,3.13,3.13
66,26,0.31,6.8,3.04,3.04
67,25,1.07,7.0,,3.12
68,46,-1.33,9.0,6.8,6.8
69,18,-0.18,6.0,,3.08
70,29,1.53,7.0,,3.66
71,51,-0.46,8.2,4.21,4.21
72,69,0.85,5.2,2.95,2.95
73,62,0.58,7.0,,4.04
74,39,-0.82,5.9,3.82,3.82
75,23,0.02,7.1,4.38,4.38
76,45,0.17,7.7,3.83,3.83
77,45,1.16,7.0,,3.43
78,21,-0.5,6.9,3.68,3.68
79,39,1.03,7.6,1.99,1.99
80,61,-0.43,6.9,,3.72
81,60,1.6,6.6,4.13,4.13
82,53,-0.48,9.1,,5.23
83,46,-0.38,7.2,3.8,3.8
84,66,-1.33,7.9,4.84,4.84
85,48,0.12,7.6,4.17,4.17
86,58,0.12,6.9,4.53,4.53
87,42,0.48,6.5,,3.64
88,50,-0.59,6.1,4.07,4.07
89,64,0.52,7.0,2.96,2.96
90,39,-1.41,7.1,3.77,3.77
91,48,1.58,5.5,2.13,2.13
92,42,0.53,7.8,4.72,4.72
93,59,-0.47,7.0,,4.22
94,51,-0.26,7.2,3.7,3.7
95,54,-1.25,8.7,,5.34
96,27,-1.46,8.2,4.23,4.23
97,32,0.18,7.3,3.54,3.54
98,21,0.8,6.6,,3.53
99,41,-1.86,7.3,4.25,4.25
100,37,1.6,7.1,,2.39
101,35,-1.24,7.1,,5.55
102,46,0.63,5.9,,3.09
103,24,0.34,5.6,2.43,2.43
104,47,-1.23,8.2,5.44,5.44
105,52,-1.21,8.0,5.02,5.02
106,66,0.05,7.2,4.27,4.27
107,55,-0.81,6.0,3.88,3.88
108,24,-0.68,8.4,,5.65
109,64,-0.21,6.9,4.47,4.47
110,21,0.5,6.9,,4.43
111,38,-1.29,8.2,5.73,5.73
112,45,0.77,5.5,2.9,2.9
113,67,-0.32,7.7,3.64,3.64
114,35,-2.13,8.8,5.92,5.92
115,63,-0.53,8.2,3.74,3.74
116,41,0.18,6.6,3.06,3.06
117,54,-0.37,6.1,,3.91
118,44,0.07,6.8,3.33,3.33
119,59,-0.16,8.1,4.59,4.59
120,68,-0.2,6.3,4.0,4.0
121,28,-0.67,7.6,5.25,5.25
122,21,0.04,6.9,4.3,4.3
123,42,-0.07,6.9,3.39,3.39
124,51,-0.0,7.5,4.12,4.12
125,56,0.5,5.9,,3.37
126,31,-0.32,7.0,4.07,4.07
127,46,0.47,8.1,4.49,4.49
128,18,-0.71,7.5,4.54,4.54
129,36,-0.08,6.6,3.44,3.44
130,44,2.7,6.1,,1.97
131,65,0.18,7.7,2.63,2.63
132,52,-0.73,7.2,4.79,4.79
133,38,0.63,7.0,3.37,3.37
134,19,-0.2,7.6,5.08,5.08
135,68,-0.54,7.8,4.87,4.87
136,50,0.12,7.8,4.68,4.68
137,45,0.61,8.0,3.34,3.34
138,58,0.79,6.8,2.65,2.65
139,41,-1.35,8.1,4.91,4.91
140,57,-1.07,7.2,4.87,4.87
141,40,0.46,5.5,2.85,2.85
142,34,0.05,6.5,3.37,3.37
143,62,-0.8,7.3,5.19,5.19
144,41,2.16,6.0,,1.62
145,56,-0.59,7.0,6.26,6.26
146,55,0.61,7.2,4.61,4.61
147,55,0.36,5.4,3.49,3.49
148,28,0.28,5.8,3.64,3.64
149,18,0.28,6.1,3.61,3.61
150,35,-2.09,7.9,6.75,6.75
151,64,-0.71,8.6,4.71,4.71
152,58,-0.78,7.2,3.69,3.69
153,67,-2.41,6.9,6.01,6.01
154,50,1.37,7.5,,3.68
155,23,0.21,6.4,,4.42
156,68,-0.02,6.2,4.81,4.81
157,57,-0.35,7.4,3.91,3.91
158,23,-0.07,6.6,4.29,4.29
159,44,-1.61,7.1,4.85,4.85
160,39,0.66,7.2,3.83,3.83
161,44,-0.34,6.8,3.21,3.21
162,43,-1.72,8.1,4.95,4.95
163,53,-0.39,7.3,4.32,4.32
164,46,0.04,6.7,4.57,4.57
165,42,-0.24,7.2,3.47,3.47
166,22,0.26,6.7,4.91,4.91
167,47,0.26,7.7,3.4,3.4
168,27,0.58,7.5,5.08,5.08
169,25,-0.02,8.0,3.69,3.69
170,54,-1.55,7.9,4.98,4.98
171,31,-0.02,5.9,3.59,3.59
172,58,0.94,6.6,,3.21
173,19,1.3,4.5,,3.36
174,22,0.3,6.1,3.38,3.38
175,67,-1.3,7.0,6.09,6.09
176,42,-1.27,8.1,5.49,5.49
177,44,-1.31,8.0,3.74,3.74
178,56,0.32,5.9,,3.34
179,65,-1.26,7.4,3.6,3.6
180,18,-0.49,8.8,,4.33
181,19,-0.95,7.9,5.72,5.72
182,38,0.34,5.5,4.21,4.21
183,48,-0.68,7.3,3.85,3.85
184,56,-0.27,8.2,,4.06
185,63,-0.29,6.1,,3.51
186,22,-0.35,6.6,5.2,5.2
187,35,-3.06,9.5,7.18,7.18
188,19,-0.27,6.8,3.74,3.74
189,56,0.91,6.0,2.88,2.88
190,46,0.9,7.0,3.29,3.29
191,40,2.34,5.5,2.49,2.49
192,45,1.77,5.6,,3.37
193,21,0.26,5.7,3.62,3.62
194,19,-1.49,6.9,6.4,6.4
195,22,0.5,6.4,3.83,3.83
196,26,-0.91,6.8,4.53,4.53
197,52,-0.5,6.2,,3.72
198,58,-0.08,6.0,4.05,4.05
199,24,-1.08,7.4,4.81,4.81
200,52,-1.12,6.6,3.68,3.68
201,56,-1.64,6.0,4.77,4.77
202,27,-0.02,6.5,3.5,3.5
203,65,-0.56,8.1,3.36,3.36
204,54,0.55,6.9,3.52,3.52
205,64,0.94,7.6,,2.62
206,63,1.57,7.2,,4.65
207,64,1.03,7.1,,3.34
208,25,-0.29,7.0,3.72,3.72
209,23,-0.66,6.8,4.51,4.51
210,69,-0.7,8.0,2.99,2.99
211,54,1.23,6.1,,2.8
212,24,-0.57,7.0,4.47,4.47
213,24,1.81,6.5,1.92,1.92
214,39,0.43,8.5,4.09,4.09
215,62,-0.67,7.0,5.11,5.11
216,66,0.16,9.0,4.7,4.7
217,43,-0.45,5.5,4.62,4.62
218,45,-0.75,8.6,4.76,4.76
219,68,-0.78,7.0,4.01,4.01
220,37,-0.71,7.5,4.24,4.24
221,53,-0.47,8.2,3.65,3.65
222,32,-0.71,7.2,3.16,3.16
223,62,0.41,4.4,3.42,3.42
224,37,0.11,7.1,4.13,4.13
225,51,-0.63,7.4,2.85,2.85
226,18,-0.14,8.4,4.93,4.93
227,61,1.27,7.0,3.64,3.64
228,25,-1.09,8.2,6.52,6.52
229,43,0.11,5.6,3.71,3.71
230,46,0.51,6.7,3.68,3.68
231,31,-0.21,6.7,4.5,4.5
232,55,-0.26,5.5,4.17,4.17
233,69,0.49,6.8,3.74,3.74
234,29,0.98,6.9,2.89,2.89
235,42,0.79,6.2,2.45,2.45
236,35,1.34,5.7,3.78,3.78
237,28,-0.14,7.8,5.16,5.16
238,21,-0.21,7.7,4.06,4.06
239,64,1.13,6.8,2.43,2.43
240,60,-1.5,7.0,5.21,5.21
241,64,-1.62,7.5,4.96,4.96
242,66,0.46,8.2,4.47,4.47
243,53,-1.58,9.7,4.12,4.12
244,69,0.05,6.5,2.78,2.78
245,42,0.57,7.2,4.94,4.94
246,27,0.75,7.2,2.33,2.33
247,55,-1.0,7.2,5.4,5.4
248,19,-2.04,7.7,5.01,5.01
249,68,1.22,6.1,,3.57
250,58,1.16,6.4,,2.32
251,32,1.96,5.5,,2.95
252,67,-0.62,7.6,4.38,4.38
253,39,-0.55,6.2,4.4,4.4
254,31,-1.39,8.1,5.33,5.33
255,46,2.2,6.9,2.24,2.24
256,18,1.09,7.4,,3.57
257,52,-0.39,8.1,4.23,4.23
258,60,0.02,8.3,3.69,3.69
259,42,-0.5,7.1,4.71,4.71
260,57,0.15,8.3,2.05,2.05
261,40,0.76,7.0,3.4,3.4
262,30,0.79,6.2,2.75,2.75
263,60,-0.27,5.8,4.77,4.77
264,64,-2.57,8.8,6.5,6.5
265,46,-2.18,6.0,4.1,4.1
266,44,1.02,6.4,,3.53
267,26,-0.66,5.8,4.92,4.92
268,29,-2.33,7.7,5.94,5.94
269,31,2.43,6.5,,2.65
270,49,-0.61,8.6,4.82,4.82
271,26,-1.39,8.2,5.88,5.88
272,28,1.23,8.1,4.89,4.89
273,53,1.16,5.9,,3.24
274,37,-0.33,6.6,4.02,4.02
275,45,-0.42,7.9,4.9,4.9
276,66,1.13,5.5,3.07,3.07
277,33,-1.01,7.2,4.78,4.78
278,27,-0.66,6.2,4.66,4.66
279,64,-0.48,6.8,3.86,3.86
280,27,1.93,6.8,,1.99
281,43,-0.23,6.5,4.02,4.02
282,23,-0.2,7.0,3.42,3.42
283,48,1.21,6.5,2.83,2.83
284,20,0.95,5.6,,4.01
285,55,-0.16,7.0,,2.95
286,55,0.1,7.2,3.12,3.12
287,42,-0.44,7.7,,4.78
288,62,-1.11,7.4,5.41,5.41
289,60,-0.61,7.2,3.7,3.7
290,32,-0.26,8.0,4.25,4.25
291,37,0.63,6.4,3.64,3.64
292,43,0.54,8.3,,3.52
293,68,1.03,6.7,4.45,4.45
294,60,1.21,5.5,1.82,1.82
295,59,-0.51,8.1,3.61,3.61
296,57,-1.55,6.1,5.1,5.1
297,46,1.62,5.9,,3.11
298,65,-2.74,8.1,6.7,6.7
299,36,0.92,5.5,3.07,3.07
300,65,1.34,4.8,,2.52
301,27,2.1,5.4,2.56,2.56
302,47,0.38,7.1,4.2,4.2
303,24,-0.86,7.4,4.14,4.14
304,58,-0.3,7.1,,4.46
305,42,-0.36,6.6,,4.19
306,55,0.63,6.2,3.42,3.42
307,51,0.29,6.8,3.38,3.38
308,29,0.17,6.9,,3.96
309,28,0.33,7.4,3.51,3.51
310,42,-0.88,7.5,5.22,5.22
311,32,-0.04,6.4,4.1,4.1
312,23,0.98,7.2,2.31,2.31
313,66,-0.0,6.9,2.43,2.43
314,68,-1.24,6.8,3.82,3.82
315,37,-0.03,7.1,4.13,4.13
316,39,0.76,7.6,,4.62
317,61,0.48,7.3,3.53,3.53
318,18,-0.26,6.3,4.86,4.86
319,63,1.21,5.8,,2.43
320,56,-0.24,6.4,3.77,3.77
321,20,0.39,5.9,3.99,3.99
322,21,1.06,5.8,2.42,2.42
323,28,2.02,6.1,,1.22
324,28,-0.91,7.6,5.44,5.44
325,30,-1.0,6.5,3.42,3.42
326,60,0.25,7.0,3.39,3.39
327,21,-0.74,7.6,4.25,4.25
328,18,0.79,7.0,2.07,2.07
329,66,-0.45,7.3,5.2,5.2
330,52,-0.92,7.7,5.35,5.35
331,53,1.47,7.3,,3.18
332,22,0.43,7.1,4.13,4.13
333,58,-1.24,8.2,5.09,5.09
334,68,0.76,5.9,3.87,3.87
335,51,-0.44,7.9,4.23,4.23
336,19,-0.17,6.2,3.14,3.14
337,63,0.34,5.8,2.37,2.37
338,44,0.08,7.7,4.34,4.34
339,25,-2.51,8.1,6.49,6.49
340,26,0.22,6.9,,3.22
341,60,0.76,5.9,,4.04
342,69,0.96,6.6,3.34,3.34
343,44,0.32,7.1,,3.56
344,29,-0.05,6.3,2.69,2.69
345,69,2.27,5.8,,2.22
346,62,-0.18,5.4,3.65,3.65
347,57,-0.6,5.1,2.98,2.98
348,57,0.93,7.6,,2.25
349,49,-0.47,6.7,3.9,3.9
350,26,-1.1,7.6,5.56,5.56
351,53,0.27,6.8,4.04,4.04
352,48,-0.3,7.1,5.6,5.6
353,44,2.35,5.6,,1.82
354,37,-1.12,6.7,3.96,3.96
355,50,0.13,7.3,4.53,4.53
356,50,-1.05,7.7,5.89,5.89
357,36,0.37,6.6,4.19,4.19
358,43,0.84,6.7,5.37,5.37
359,66,-0.23,7.2,3.48,3.48
360,42,-0.1,7.4,3.77,3.77
361,28,1.59,5.1,,1.32
362,58,-0.96,6.7,5.67,5.67
363,38,0.77,6.7,4.13,4.13
364,28,1.55,4.4,,3.04
365,27,-1.22,8.1,5.15,5.15
366,59,0.34,7.8,3.38,3.38
367,32,-0.34,6.8,4.63,4.63
368,64,-1.39,6.9,3.71,3.71
369,46,0.73,6.2,,3.08
370,30,0.79,7.5,3.32,3.32
371,20,-0.28,7.1,4.95,4.95
372,57,1.07,5.5,,4.79
373,61,-0.21,7.6,5.01,5.01
374,56,1.06,5.9,2.52,2.52
375,49,-1.0,6.4,3.86,3.86
376,57,-0.26,6.2,3.95,3.95
377,48,-0.51,6.9,3.77,3.77
378,30,1.46,6.8,,1.84
379,69,-0.67,6.4,5.15,5.15
380,63,-1.35,8.1,5.73,5.73
381,62,2.24,6.3,,2.36
382,39,0.83,8.0,3.76,3.76
383,64,0.47,8.0,,3.63
384,43,-0.3,7.1,5.13,5.13
385,27,1.34,6.9,,3.34
386,40,-0.45,7.9,5.3,5.3
387,36,-0.92,8.1,5.71,5.71
388,66,0.73,7.4,,2.84
389,69,-1.71,7.6,5.58,5.58
390,19,-1.18,6.5,4.22,4.22
391,68,-0.7,7.0,4.54,4.54
392,59,-1.35,7.5,5.44,5.44
393,68,1.95,6.2,,3.44
394,46,-2.59,8.6,5.6,5.6
395,32,-1.91,9.5,5.01,5.01
396,18,0.14,6.6,3.55,3.55
397,28,0.21,5.9,3.95,3.95
398,33,1.17,6.8,,2.93
399,48,0.19,7.0,3.43,3.43
400,32,-0.6,8.7,4.63,4.63
401,25,1.2,6.9,,3.82
402,54,-1.34,8.3,5.23,5.23
403,50,0.4,6.3,3.03,3.03
404,21,-0.43,7.5,4.11,4.11
405,64,0.54,7.5,,3.97
406,26,-0.12,6.0,3.79,3.79
407,51,0.31,6.7,,4.19
408,52,1.26,5.9,,3.15
409,32,-0.15,5.4,2.63,2.63
410,36,-0.78,7.7,4.47,4.47
411,27,-0.62,6.6,5.91,5.91
412,53,-0.15,7.1,3.57,3.57
413,45,2.71,6.1,,2.41
414,39,1.39,6.5,3.74,3.74
415,28,0.15,6.8,3.26,3.26
416,28,-0.18,5.2,,3.26
417,34,-0.13,5.8,,3.52
418,43,0.72,6.6,2.88,2.88
419,31,0.28,6.8,,4.37
420,46,-0.68,6.6,3.86,3.86
421,18,0.92,6.8,,4.58
422,44,0.46,7.0,,4.42
423,32,0.79,5.5,,3.23
424,32,-1.5,7.7,4.75,4.75
425,55,0.7,7.4,2.68,2.68
426,42,0.45,7.1,4.15,4.15
427,41,-0.96,6.0,5.05,5.05
428,60,0.89,5.2,3.68,3.68
429,68,-1.47,7.5,6.22,6.22
430,58,-0.27,6.3,4.54,4.54
431,69,-0.31,7.3,3.95,3.95
432,43,1.29,8.1,,3.91
433,27,1.41,6.2,,3.27
434,29,-1.3,8.5,5.37,5.37
435,58,0.2,5.6,3.77,3.77
436,67,2.3,5.2,,1.46
437,24,-0.98,7.4,,4.46
438,47,0.57,6.0,3.98,3.98
439,69,-0.75,7.1,4.49,4.49
440,35,0.31,6.9,3.45,3.45
441,46,0.92,8.4,,2.46
442,31,0.5,6.8,3.95,3.95
443,51,0.13,6.7,4.61,4.61
444,33,-1.06,8.4,5.98,5.98
445,67,1.13,6.7,,3.18
446,26,1.1,6.0,,2.64
447,18,0.72,5.5,2.2,2.2
448,18,-0.06,8.3,,4.53
449,31,-0.8,6.3,3.3,3.3
450,51,0.67,7.4,4.52,4.52
451,52,-0.98,8.1,5.78,5.78
452,25,-1.06,8.5,4.28,4.28
453,66,-0.09,7.5,3.66,3.66
454,42,0.75,6.3,,3.96
455,52,-1.78,10.0,6.09,6.09
456,34,-1.53,7.1,5.57,5.57
457,47,0.64,6.1,4.23,4.23
458,42,-0.15,6.2,3.83,3.83
459,28,-0.26,7.6,3.6,3.6
460,59,0.08,7.3,,3.77
461,25,-0.3,6.6,5.67,5.67
462,23,-0.11,7.7,4.06,4.06
463,61,-0.4,7.9,5.26,5.26
464,67,-1.27,8.0,5.38,5.38
465,67,-1.08,8.3,5.25,5.25
466,48,1.23,6.6,,2.65
467,64,0.43,6.9,,3.87
468,40,-1.04,7.4,5.47,5.47
469,23,-0.24,7.3,3.56,3.56
470,58,1.14,5.8,,3.19
471,41,-0.72,7.3,,4.8
472,37,0.95,6.7,3.15,3.15
473,20,-0.91,7.8,4.76,4.76
474,31,1.42,6.4,3.53,3.53
475,42,-0.19,6.7,3.45,3.45
476,42,-1.61,7.6,5.46,5.46
477,68,0.34,7.1,,3.22
478,68,-0.25,7.3,5.27,5.27
479,58,0.83,6.8,2.43,2.43
480,54,1.63,5.5,2.4,2.4
481,55,-0.66,7.7,4.78,4.78
482,27,-1.24,7.4,4.77,4.77
483,28,0.31,6.9,3.37,3.37
484,32,-1.38,7.8,4.78,4.78
485,21,-0.73,7.5,4.74,4.74
486,37,-0.99,7.4,4.97,4.97
487,61,-1.97,8.4,4.81,4.81
488,29,-1.77,7.2,5.32,5.32
489,52,0.64,7.2,,3.4
490,39,-0.84,8.7,4.7,4.7
491,67,-0.21,7.1,3.86,3.86
492,34,1.05,8.3,,3.47
493,44,-0.73,6.2,4.64,4.64
494,21,-0.57,8.0,4.7,4.7
495,46,0.82,6.2,5.14,5.14
496,37,0.02,7.3,4.87,4.87
497,22,-0.0,5.6,,4.34
498,48,-0.75,8.9,4.97,4.97
499,21,0.01,7.3,3.59,3.59
500,33,-0.43,8.5,3.73,3.73
