id,region,town,age,support,trust,weight
1,urban,1,37,0,4,1400.0
2,urban,1,53,1,7,1400.0
3,urban,1,64,0,3,1400.0
4,urban,1,84,0,3,1400.0
5,urban,1,43,0,6,1400.0
6,urban,1,18,0,4,1400.0
7,urban,1,58,0,2,1400.0
8,urban,1,51,1,7,1400.0
9,urban,1,30,0,7,1400.0
10,urban,1,81,1,6,1400.0
11,urban,1,73,0,6,1400.0
12,urban,1,37,0,7,1400.0
13,urban,1,71,0,3,1400.0
14,urban,1,53,0,3,1400.0
15,urban,1,78,1,3,1400.0
16,urban,1,44,1,5,1400.0
17,urban,1,46,1,9,1400.0
18,urban,1,68,0,7,1400.0
19,urban,1,73,0,4,1400.0
20,urban,1,24,1,9,1400.0
21,urban,2,44,0,7,1400.0
22,urban,2,23,1,9,1400.0
23,urban,2,47,1,7,1400.0
24,urban,2,56,0,6,1400.0
25,urban,2,53,1,10,1400.0
26,urban,2,31,1,10,1400.0
27,urban,2,39,1,8,1400.0
28,urban,2,58,1,9,1400.0
29,urban,2,35,1,10,1400.0
30,urban,2,35,0,6,1400.0
31,urban,2,50,1,9,1400.0
32,urban,2,37,1,6,1400.0
33,urban,2,37,1,7,1400.0
34,urban,2,76,1,9,1400.0
35,urban,2,75,0,5,1400.0
36,urban,2,51,1,10,1400.0
37,urban,2,60,1,6,1400.0
38,urban,2,33,0,6,1400.0
39,urban,2,21,1,10,1400.0
40,urban,2,51,1,6,1400.0
41,urban,3,74,1,7,1400.0
42,urban,3,40,1,8,1400.0
43,urban,3,51,1,9,1400.0
44,urban,3,53,0,5,1400.0
45,urban,3,43,0,7,1400.0
46,urban,3,70,1,6,1400.0
47,urban,3,77,0,6,1400.0
48,urban,3,51,1,8,1400.0
49,urban,3,56,1,4,1400.0
50,urban,3,26,1,6,1400.0
51,urban,3,71,0,6,1400.0
52,urban,3,60,0,3,1400.0
53,urban,3,83,1,6,1400.0
54,urban,3,56,1,10,1400.0
55,urban,3,73,0,9,1400.0
56,urban,3,20,1,6,1400.0
57,urban,3,61,1,4,1400.0
58,urban,3,61,1,9,1400.0
59,urban,3,56,0,6,1400.0
60,urban,3,74,0,0,1400.0
61,urban,4,51,0,2,1400.0
62,urban,4,31,0,6,1400.0
63,urban,4,34,1,7,1400.0
64,urban,4,68,1,9,1400.0
65,urban,4,81,0,4,1400.0
66,urban,4,66,1,8,1400.0
67,urban,4,40,1,9,1400.0
68,urban,4,78,0,4,1400.0
69,urban,4,83,0,5,1400.0
70,urban,4,69,1,8,1400.0
71,urban,4,22,0,4,1400.0
72,urban,4,25,1,8,1400.0
73,urban,4,77,0,4,1400.0
74,urban,4,39,1,8,1400.0
75,urban,4,79,1,7,1400.0
76,urban,4,36,1,8,1400.0
77,urban,4,39,1,8,1400.0
78,urban,4,81,1,6,1400.0
79,urban,4,62,1,3,1400.0
80,urban,4,70,1,6,1400.0
81,urban,5,74,1,9,1400.0
82,urban,5,20,0,7,1400.0
83,urban,5,59,0,6,1400.0
84,urban,5,43,0,4,1400.0
85,urban,5,26,1,2,1400.0
86,urban,5,23,0,4,1400.0
87,urban,5,75,1,7,1400.0
88,urban,5,39,1,5,1400.0
89,urban,5,34,0,4,1400.0
90,urban,5,35,1,8,1400.0
91,urban,5,43,0,4,1400.0
92,urban,5,77,0,3,1400.0
93,urban,5,50,0,6,1400.0
94,urban,5,29,0,5,1400.0
95,urban,5,30,0,8,1400.0
96,urban,5,71,1,8,1400.0
97,urban,5,52,1,5,1400.0
98,urban,5,84,0,5,1400.0
99,urban,5,72,0,6,1400.0
100,urban,5,77,1,6,1400.0
101,urban,6,72,0,5,1400.0
102,urban,6,42,1,8,1400.0
103,urban,6,36,1,10,1400.0
104,urban,6,37,1,6,1400.0
105,urban,6,68,1,5,1400.0
106,urban,6,21,1,7,1400.0
107,urban,6,79,1,8,1400.0
108,urban,6,48,1,5,1400.0
109,urban,6,58,1,8,1400.0
110,urban,6,55,0,4,1400.0
111,urban,6,51,1,7,1400.0
112,urban,6,46,1,8,1400.0
113,urban,6,78,1,5,1400.0
114,urban,6,33,1,4,1400.0
115,urban,6,45,0,5,1400.0
116,urban,6,33,1,8,1400.0
117,urban,6,50,1,6,1400.0
118,urban,6,56,1,6,1400.0
119,urban,6,48,1,7,1400.0
120,urban,6,80,0,5,1400.0
121,urban,7,21,1,3,1400.0
122,urban,7,69,0,2,1400.0
123,urban,7,22,0,0,1400.0
124,urban,7,23,1,4,1400.0
125,urban,7,63,1,6,1400.0
126,urban,7,84,0,6,1400.0
127,urban,7,71,0,1,1400.0
128,urban,7,54,1,8,1400.0
129,urban,7,21,1,6,1400.0
130,urban,7,68,0,6,1400.0
131,urban,7,24,0,3,1400.0
132,urban,7,28,0,6,1400.0
133,urban,7,46,0,5,1400.0
134,urban,7,28,0,3,1400.0
135,urban,7,29,1,3,1400.0
136,urban,7,61,1,6,1400.0
137,urban,7,19,0,4,1400.0
138,urban,7,26,0,5,1400.0
139,urban,7,41,1,8,1400.0
140,urban,7,32,0,4,1400.0
141,urban,8,29,0,3,1400.0
142,urban,8,29,1,9,1400.0
143,urban,8,34,1,3,1400.0
144,urban,8,65,0,6,1400.0
145,urban,8,46,0,3,1400.0
146,urban,8,49,1,8,1400.0
147,urban,8,30,1,4,1400.0
148,urban,8,61,1,10,1400.0
149,urban,8,59,1,6,1400.0
150,urban,8,39,1,5,1400.0
151,urban,8,23,1,5,1400.0
152,urban,8,80,1,10,1400.0
153,urban,8,60,0,8,1400.0
154,urban,8,41,1,7,1400.0
155,urban,8,61,1,2,1400.0
156,urban,8,76,0,4,1400.0
157,urban,8,61,1,6,1400.0
158,urban,8,71,1,6,1400.0
159,urban,8,84,0,7,1400.0
160,urban,8,56,0,8,1400.0
161,urban,9,36,1,9,1400.0
162,urban,9,80,1,10,1400.0
163,urban,9,83,1,10,1400.0
164,urban,9,32,1,7,1400.0
165,urban,9,62,1,8,1400.0
166,urban,9,63,1,5,1400.0
167,urban,9,61,0,5,1400.0
168,urban,9,63,1,6,1400.0
169,urban,9,64,1,6,1400.0
170,urban,9,67,1,8,1400.0
171,urban,9,48,1,8,1400.0
172,urban,9,44,1,10,1400.0
173,urban,9,47,1,10,1400.0
174,urban,9,19,1,7,1400.0
175,urban,9,52,0,5,1400.0
176,urban,9,19,1,4,1400.0
177,urban,9,25,1,7,1400.0
178,urban,9,36,0,6,1400.0
179,urban,9,57,1,5,1400.0
180,urban,9,65,0,6,1400.0
181,urban,10,84,1,9,1400.0
182,urban,10,20,0,6,1400.0
183,urban,10,34,1,10,1400.0
184,urban,10,40,1,10,1400.0
185,urban,10,36,1,6,1400.0
186,urban,10,52,1,7,1400.0
187,urban,10,30,1,6,1400.0
188,urban,10,74,1,8,1400.0
189,urban,10,45,1,4,1400.0
190,urban,10,70,1,10,1400.0
191,urban,10,23,1,6,1400.0
192,urban,10,27,1,9,1400.0
193,urban,10,33,1,6,1400.0
194,urban,10,81,0,4,1400.0
195,urban,10,23,1,9,1400.0
196,urban,10,34,1,2,1400.0
197,urban,10,37,1,9,1400.0
198,urban,10,19,1,8,1400.0
199,urban,10,83,1,10,1400.0
200,urban,10,39,0,7,1400.0
201,urban,11,78,1,6,1400.0
202,urban,11,28,1,7,1400.0
203,urban,11,64,1,8,1400.0
204,urban,11,19,1,8,1400.0
205,urban,11,39,1,4,1400.0
206,urban,11,61,1,10,1400.0
207,urban,11,73,0,6,1400.0
208,urban,11,23,1,9,1400.0
209,urban,11,49,1,9,1400.0
210,urban,11,36,0,7,1400.0
211,urban,11,43,1,8,1400.0
212,urban,11,26,0,10,1400.0
213,urban,11,36,1,9,1400.0
214,urban,11,57,1,4,1400.0
215,urban,11,51,1,10,1400.0
216,urban,11,64,1,5,1400.0
217,urban,11,63,1,8,1400.0
218,urban,11,82,0,4,1400.0
219,urban,11,39,0,4,1400.0
220,urban,11,41,1,4,1400.0
221,urban,12,33,1,8,1400.0
222,urban,12,73,0,5,1400.0
223,urban,12,46,1,3,1400.0
224,urban,12,34,1,5,1400.0
225,urban,12,82,1,8,1400.0
226,urban,12,71,1,7,1400.0
227,urban,12,23,1,5,1400.0
228,urban,12,80,0,7,1400.0
229,urban,12,29,1,7,1400.0
230,urban,12,74,0,8,1400.0
231,urban,12,48,0,4,1400.0
232,urban,12,47,1,5,1400.0
233,urban,12,34,0,7,1400.0
234,urban,12,62,1,7,1400.0
235,urban,12,29,1,5,1400.0
236,urban,12,72,1,6,1400.0
237,urban,12,20,1,7,1400.0
238,urban,12,65,0,3,1400.0
239,urban,12,40,0,1,1400.0
240,urban,12,63,1,10,1400.0
241,urban,13,34,1,5,1400.0
242,urban,13,34,1,7,1400.0
243,urban,13,54,1,10,1400.0
244,urban,13,19,1,7,1400.0
245,urban,13,29,1,2,1400.0
246,urban,13,79,1,9,1400.0
247,urban,13,53,1,7,1400.0
248,urban,13,43,0,2,1400.0
249,urban,13,52,1,7,1400.0
250,urban,13,25,1,6,1400.0
251,urban,13,79,1,5,1400.0
252,urban,13,61,1,7,1400.0
253,urban,13,44,1,8,1400.0
254,urban,13,36,1,7,1400.0
255,urban,13,41,0,4,1400.0
256,urban,13,44,0,7,1400.0
257,urban,13,28,0,6,1400.0
258,urban,13,75,0,4,1400.0
259,urban,13,67,0,2,1400.0
260,urban,13,44,1,6,1400.0
261,urban,14,72,1,6,1400.0
262,urban,14,34,0,5,1400.0
263,urban,14,47,0,5,1400.0
264,urban,14,22,1,7,1400.0
265,urban,14,25,0,2,1400.0
266,urban,14,54,0,3,1400.0
267,urban,14,66,1,7,1400.0
268,urban,14,21,0,0,1400.0
269,urban,14,44,0,5,1400.0
270,urban,14,39,0,6,1400.0
271,urban,14,32,1,6,1400.0
272,urban,14,56,0,4,1400.0
273,urban,14,77,1,8,1400.0
274,urban,14,65,1,3,1400.0
275,urban,14,77,0,3,1400.0
276,urban,14,78,0,4,1400.0
277,urban,14,49,1,6,1400.0
278,urban,14,20,0,3,1400.0
279,urban,14,80,0,4,1400.0
280,urban,14,63,1,8,1400.0
281,urban,15,60,1,6,1400.0
282,urban,15,46,0,4,1400.0
283,urban,15,56,1,7,1400.0
284,urban,15,80,1,5,1400.0
285,urban,15,24,1,9,1400.0
286,urban,15,25,1,4,1400.0
287,urban,15,72,0,4,1400.0
288,urban,15,32,1,8,1400.0
289,urban,15,81,0,6,1400.0
290,urban,15,62,0,5,1400.0
291,urban,15,26,0,5,1400.0
292,urban,15,52,1,7,1400.0
293,urban,15,18,1,7,1400.0
294,urban,15,34,0,9,1400.0
295,urban,15,71,0,5,1400.0
296,urban,15,27,1,6,1400.0
297,urban,15,33,1,7,1400.0
298,urban,15,29,0,3,1400.0
299,urban,15,34,1,4,1400.0
300,urban,15,23,1,6,1400.0
301,urban,16,21,1,6,1400.0
302,urban,16,76,0,5,1400.0
303,urban,16,78,1,8,1400.0
304,urban,16,49,1,4,1400.0
305,urban,16,35,0,5,1400.0
306,urban,16,42,1,4,1400.0
307,urban,16,58,1,8,1400.0
308,urban,16,24,0,3,1400.0
309,urban,16,67,1,1,1400.0
310,urban,16,52,0,7,1400.0
311,urban,16,21,1,7,1400.0
312,urban,16,56,0,5,1400.0
313,urban,16,41,1,6,1400.0
314,urban,16,44,1,4,1400.0
315,urban,16,29,0,5,1400.0
316,urban,16,26,0,4,1400.0
317,urban,16,29,0,4,1400.0
318,urban,16,52,1,6,1400.0
319,urban,16,52,0,6,1400.0
320,urban,16,49,0,3,1400.0
321,urban,17,71,1,7,1400.0
322,urban,17,75,0,8,1400.0
323,urban,17,58,0,2,1400.0
324,urban,17,66,1,9,1400.0
325,urban,17,22,0,6,1400.0
326,urban,17,81,1,5,1400.0
327,urban,17,80,1,6,1400.0
328,urban,17,28,1,5,1400.0
329,urban,17,48,1,7,1400.0
330,urban,17,49,0,6,1400.0
331,urban,17,46,0,5,1400.0
332,urban,17,79,1,8,1400.0
333,urban,17,35,0,7,1400.0
334,urban,17,47,1,6,1400.0
335,urban,17,55,1,9,1400.0
336,urban,17,64,0,5,1400.0
337,urban,17,45,1,6,1400.0
338,urban,17,74,1,8,1400.0
339,urban,17,49,0,4,1400.0
340,urban,17,72,0,6,1400.0
341,urban,18,19,1,10,1400.0
342,urban,18,76,1,10,1400.0
343,urban,18,42,0,2,1400.0
344,urban,18,23,1,4,1400.0
345,urban,18,77,1,9,1400.0
346,urban,18,21,1,4,1400.0
347,urban,18,66,0,5,1400.0
348,urban,18,65,1,5,1400.0
349,urban,18,66,1,5,1400.0
350,urban,18,45,0,3,1400.0
351,urban,18,64,0,4,1400.0
352,urban,18,33,1,6,1400.0
353,urban,18,60,1,3,1400.0
354,urban,18,57,1,6,1400.0
355,urban,18,47,0,0,1400.0
356,urban,18,53,1,7,1400.0
357,urban,18,72,1,3,1400.0
358,urban,18,29,0,3,1400.0
359,urban,18,80,0,3,1400.0
360,urban,18,46,1,5,1400.0
361,urban,19,58,0,5,1400.0
362,urban,19,62,1,3,1400.0
363,urban,19,61,0,7,1400.0
364,urban,19,68,0,8,1400.0
365,urban,19,68,0,3,1400.0
366,urban,19,21,1,7,1400.0
367,urban,19,22,0,5,1400.0
368,urban,19,36,0,5,1400.0
369,urban,19,33,1,5,1400.0
370,urban,19,32,1,6,1400.0
371,urban,19,69,1,9,1400.0
372,urban,19,23,0,4,1400.0
373,urban,19,37,0,2,1400.0
374,urban,19,20,0,5,1400.0
375,urban,19,72,1,4,1400.0
376,urban,19,56,1,6,1400.0
377,urban,19,25,1,7,1400.0
378,urban,19,51,0,1,1400.0
379,urban,19,63,0,4,1400.0
380,urban,19,18,1,2,1400.0
381,urban,20,32,1,8,1400.0
382,urban,20,80,1,6,1400.0
383,urban,20,79,0,6,1400.0
384,urban,20,61,0,4,1400.0
385,urban,20,66,0,3,1400.0
386,urban,20,24,1,7,1400.0
387,urban,20,30,0,4,1400.0
388,urban,20,71,0,4,1400.0
389,urban,20,26,0,3,1400.0
390,urban,20,56,0,6,1400.0
391,urban,20,83,0,5,1400.0
392,urban,20,64,0,3,1400.0
393,urban,20,51,0,4,1400.0
394,urban,20,68,0,6,1400.0
395,urban,20,68,1,5,1400.0
396,urban,20,74,0,9,1400.0
397,urban,20,22,0,8,1400.0
398,urban,20,59,1,9,1400.0
399,urban,20,66,1,6,1400.0
400,urban,20,72,1,8,1400.0
401,urban,21,73,1,6,1400.0
402,urban,21,84,0,4,1400.0
403,urban,21,27,1,8,1400.0
404,urban,21,37,1,7,1400.0
405,urban,21,55,0,9,1400.0
406,urban,21,78,0,6,1400.0
407,urban,21,80,1,10,1400.0
408,urban,21,71,1,5,1400.0
409,urban,21,67,0,5,1400.0
410,urban,21,31,0,4,1400.0
411,urban,21,82,0,2,1400.0
412,urban,21,63,0,3,1400.0
413,urban,21,41,0,5,1400.0
414,urban,21,41,0,5,1400.0
415,urban,21,61,0,6,1400.0
416,urban,21,45,1,6,1400.0
417,urban,21,53,0,3,1400.0
418,urban,21,48,0,5,1400.0
419,urban,21,44,1,8,1400.0
420,urban,21,75,1,7,1400.0
421,urban,22,71,1,6,1400.0
422,urban,22,54,1,10,1400.0
423,urban,22,58,1,8,1400.0
424,urban,22,32,1,4,1400.0
425,urban,22,31,1,9,1400.0
426,urban,22,49,1,7,1400.0
427,urban,22,19,0,7,1400.0
428,urban,22,70,0,5,1400.0
429,urban,22,42,0,5,1400.0
430,urban,22,28,0,4,1400.0
431,urban,22,58,1,7,1400.0
432,urban,22,52,1,8,1400.0
433,urban,22,45,1,4,1400.0
434,urban,22,39,1,10,1400.0
435,urban,22,71,1,3,1400.0
436,urban,22,59,1,10,1400.0
437,urban,22,28,1,7,1400.0
438,urban,22,63,0,2,1400.0
439,urban,22,21,1,7,1400.0
440,urban,22,70,0,8,1400.0
441,urban,23,75,1,6,1400.0
442,urban,23,31,1,10,1400.0
443,urban,23,32,1,4,1400.0
444,urban,23,49,1,8,1400.0
445,urban,23,63,1,8,1400.0
446,urban,23,43,0,7,1400.0
447,urban,23,31,1,4,1400.0
448,urban,23,43,0,6,1400.0
449,urban,23,30,1,5,1400.0
450,urban,23,81,1,7,1400.0
451,urban,23,74,1,5,1400.0
452,urban,23,60,0,10,1400.0
453,urban,23,81,0,6,1400.0
454,urban,23,35,1,7,1400.0
455,urban,23,29,1,10,1400.0
456,urban,23,81,0,8,1400.0
457,urban,23,25,1,7,1400.0
458,urban,23,21,1,7,1400.0
459,urban,23,29,1,6,1400.0
460,urban,23,69,1,7,1400.0
461,urban,24,49,0,7,1400.0
462,urban,24,33,1,5,1400.0
463,urban,24,53,1,9,1400.0
464,urban,24,36,0,5,1400.0
465,urban,24,37,1,7,1400.0
466,urban,24,79,0,4,1400.0
467,urban,24,23,1,8,1400.0
468,urban,24,55,1,6,1400.0
469,urban,24,47,1,6,1400.0
470,urban,24,51,1,7,1400.0
471,urban,24,74,0,6,1400.0
472,urban,24,32,0,6,1400.0
473,urban,24,63,1,6,1400.0
474,urban,24,79,0,4,1400.0
475,urban,24,30,1,3,1400.0
476,urban,24,29,1,7,1400.0
477,urban,24,75,0,4,1400.0
478,urban,24,68,0,8,1400.0
479,urban,24,47,1,4,1400.0
480,urban,24,47,1,5,1400.0
481,urban,25,78,1,6,1400.0
482,urban,25,53,1,5,1400.0
483,urban,25,29,1,5,1400.0
484,urban,25,48,0,6,1400.0
485,urban,25,33,0,4,1400.0
486,urban,25,43,1,5,1400.0
487,urban,25,33,0,1,1400.0
488,urban,25,59,0,4,1400.0
489,urban,25,33,0,2,1400.0
490,urban,25,72,1,4,1400.0
491,urban,25,21,1,3,1400.0
492,urban,25,23,0,4,1400.0
493,urban,25,18,0,8,1400.0
494,urban,25,50,0,5,1400.0
495,urban,25,54,1,2,1400.0
496,urban,25,49,1,3,1400.0
497,urban,25,47,0,3,1400.0
498,urban,25,54,1,6,1400.0
499,urban,25,30,0,3,1400.0
500,urban,25,67,0,4,1400.0
501,rural,26,80,0,8,600.0
502,rural,26,41,1,8,600.0
503,rural,26,51,1,8,600.0
504,rural,26,19,1,10,600.0
505,rural,26,68,0,9,600.0
506,rural,26,19,1,9,600.0
507,rural,26,37,0,3,600.0
508,rural,26,62,1,9,600.0
509,rural,26,71,1,8,600.0
510,rural,26,37,1,10,600.0
511,rural,26,27,0,8,600.0
512,rural,26,55,0,7,600.0
513,rural,26,68,0,3,600.0
514,rural,26,40,0,4,600.0
515,rural,26,54,0,8,600.0
516,rural,26,39,1,9,600.0
517,rural,26,23,0,6,600.0
518,rural,26,77,0,4,600.0
519,rural,26,58,0,6,600.0
520,rural,26,71,0,7,600.0
521,rural,27,28,0,6,600.0
522,rural,27,31,0,2,600.0
523,rural,27,59,1,7,600.0
524,rural,27,60,0,4,600.0
525,rural,27,43,0,7,600.0
526,rural,27,22,1,7,600.0
527,rural,27,73,0,6,600.0
528,rural,27,27,0,10,600.0
529,rural,27,53,1,8,600.0
530,rural,27,62,1,5,600.0
531,rural,27,21,1,6,600.0
532,rural,27,23,0,3,600.0
533,rural,27,64,0,5,600.0
534,rural,27,57,0,4,600.0
535,rural,27,83,0,5,600.0
536,rural,27,28,1,10,600.0
537,rural,27,19,0,5,600.0
538,rural,27,20,0,6,600.0
539,rural,27,39,1,10,600.0
540,rural,27,55,0,6,600.0
541,rural,28,18,1,10,600.0
542,rural,28,55,1,4,600.0
543,rural,28,48,0,6,600.0
544,rural,28,56,0,5,600.0
545,rural,28,78,1,9,600.0
546,rural,28,41,0,4,600.0
547,rural,28,50,0,9,600.0
548,rural,28,84,1,10,600.0
549,rural,28,70,0,7,600.0
550,rural,28,26,0,5,600.0
551,rural,28,76,0,6,600.0
552,rural,28,83,0,3,600.0
553,rural,28,70,0,6,600.0
554,rural,28,77,1,6,600.0
555,rural,28,63,1,4,600.0
556,rural,28,47,1,8,600.0
557,rural,28,23,1,9,600.0
558,rural,28,23,0,6,600.0
559,rural,28,30,0,5,600.0
560,rural,28,36,0,7,600.0
561,rural,29,54,0,3,600.0
562,rural,29,65,0,3,600.0
563,rural,29,30,0,7,600.0
564,rural,29,67,0,5,600.0
565,rural,29,48,1,5,600.0
566,rural,29,38,0,1,600.0
567,rural,29,55,0,4,600.0
568,rural,29,84,0,7,600.0
569,rural,29,26,0,2,600.0
570,rural,29,29,0,6,600.0
571,rural,29,73,0,6,600.0
572,rural,29,34,1,7,600.0
573,rural,29,67,0,8,600.0
574,rural,29,69,0,5,600.0
575,rural,29,24,1,6,600.0
576,rural,29,69,0,7,600.0
577,rural,29,41,1,7,600.0
578,rural,29,69,1,3,600.0
579,rural,29,26,0,2,600.0
580,rural,29,44,0,2,600.0
581,rural,30,29,0,4,600.0
582,rural,30,54,1,6,600.0
583,rural,30,65,0,9,600.0
584,rural,30,50,0,6,600.0
585,rural,30,51,0,7,600.0
586,rural,30,20,1,5,600.0
587,rural,30,71,0,5,600.0
588,rural,30,43,0,7,600.0
589,rural,30,62,1,8,600.0
590,rural,30,22,1,10,600.0
591,rural,30,52,0,6,600.0
592,rural,30,53,0,6,600.0
593,rural,30,66,0,4,600.0
594,rural,30,56,1,4,600.0
595,rural,30,24,1,10,600.0
596,rural,30,37,1,9,600.0
597,rural,30,55,1,10,600.0
598,rural,30,51,1,2,600.0
599,rural,30,83,1,9,600.0
600,rural,30,19,1,6,600.0
601,rural,31,67,1,9,600.0
602,rural,31,44,0,5,600.0
603,rural,31,77,1,8,600.0
604,rural,31,61,0,0,600.0
605,rural,31,30,0,5,600.0
606,rural,31,20,0,2,600.0
607,rural,31,77,0,4,600.0
608,rural,31,39,0,6,600.0
609,rural,31,45,1,3,600.0
610,rural,31,32,0,6,600.0
611,rural,31,79,1,6,600.0
612,rural,31,24,1,7,600.0
613,rural,31,29,0,1,600.0
614,rural,31,24,1,6,600.0
615,rural,31,18,0,4,600.0
616,rural,31,80,0,3,600.0
617,rural,31,39,0,4,600.0
618,rural,31,69,1,4,600.0
619,rural,31,32,0,4,600.0
620,rural,31,55,0,4,600.0
621,rural,32,19,0,4,600.0
622,rural,32,49,1,10,600.0
623,rural,32,34,0,6,600.0
624,rural,32,65,0,6,600.0
625,rural,32,21,0,4,600.0
626,rural,32,18,0,6,600.0
627,rural,32,80,0,6,600.0
628,rural,32,37,1,4,600.0
629,rural,32,80,1,5,600.0
630,rural,32,65,0,2,600.0
631,rural,32,27,0,3,600.0
632,rural,32,43,0,3,600.0
633,rural,32,56,0,7,600.0
634,rural,32,20,0,7,600.0
635,rural,32,41,1,5,600.0
636,rural,32,49,1,7,600.0
637,rural,32,60,0,5,600.0
638,rural,32,53,0,6,600.0
639,rural,32,40,0,9,600.0
640,rural,32,35,1,8,600.0
641,rural,33,46,0,3,600.0
642,rural,33,45,0,6,600.0
643,rural,33,60,0,4,600.0
644,rural,33,19,0,2,600.0
645,rural,33,44,0,4,600.0
646,rural,33,75,0,5,600.0
647,rural,33,78,1,10,600.0
648,rural,33,79,1,7,600.0
649,rural,33,21,0,3,600.0
650,rural,33,83,0,4,600.0
651,rural,33,40,0,6,600.0
652,rural,33,40,0,4,600.0
653,rural,33,82,0,4,600.0
654,rural,33,27,0,3,600.0
655,rural,33,30,0,5,600.0
656,rural,33,34,0,2,600.0
657,rural,33,53,0,7,600.0
658,rural,33,45,0,7,600.0
659,rural,33,56,0,5,600.0
660,rural,33,79,0,5,600.0
661,rural,34,31,1,6,600.0
662,rural,34,22,0,4,600.0
663,rural,34,29,0,4,600.0
664,rural,34,18,1,4,600.0
665,rural,34,36,0,2,600.0
666,rural,34,19,0,3,600.0
667,rural,34,72,0,4,600.0
668,rural,34,69,0,4,600.0
669,rural,34,19,0,4,600.0
670,rural,34,29,0,4,600.0
671,rural,34,54,0,5,600.0
672,rural,34,78,0,6,600.0
673,rural,34,31,1,6,600.0
674,rural,34,81,0,5,600.0
675,rural,34,28,0,6,600.0
676,rural,34,82,0,5,600.0
677,rural,34,19,0,4,600.0
678,rural,34,53,1,6,600.0
679,rural,34,66,0,5,600.0
680,rural,34,73,0,0,600.0
681,rural,35,19,0,4,600.0
682,rural,35,38,1,8,600.0
683,rural,35,26,1,7,600.0
684,rural,35,46,1,5,600.0
685,rural,35,38,0,7,600.0
686,rural,35,69,1,8,600.0
687,rural,35,76,1,1,600.0
688,rural,35,39,0,4,600.0
689,rural,35,32,0,7,600.0
690,rural,35,63,0,7,600.0
691,rural,35,40,0,6,600.0
692,rural,35,77,1,7,600.0
693,rural,35,35,1,9,600.0
694,rural,35,33,1,5,600.0
695,rural,35,64,0,6,600.0
696,rural,35,22,0,5,600.0
697,rural,35,57,0,5,600.0
698,rural,35,78,0,10,600.0
699,rural,35,52,1,6,600.0
700,rural,35,25,1,10,600.0
701,rural,36,59,0,5,600.0
702,rural,36,55,0,7,600.0
703,rural,36,26,1,6,600.0
704,rural,36,31,0,6,600.0
705,rural,36,28,0,6,600.0
706,rural,36,28,1,8,600.0
707,rural,36,18,1,5,600.0
708,rural,36,51,1,10,600.0
709,rural,36,30,1,7,600.0
710,rural,36,59,0,2,600.0
711,rural,36,66,1,4,600.0
712,rural,36,44,0,3,600.0
713,rural,36,23,1,4,600.0
714,rural,36,18,1,8,600.0
715,rural,36,37,1,8,600.0
716,rural,36,71,0,5,600.0
717,rural,36,25,1,5,600.0
718,rural,36,66,1,8,600.0
719,rural,36,34,0,3,600.0
720,rural,36,23,0,5,600.0
721,rural,37,45,1,6,600.0
722,rural,37,79,0,6,600.0
723,rural,37,42,0,7,600.0
724,rural,37,49,0,4,600.0
725,rural,37,27,0,4,600.0
726,rural,37,60,1,7,600.0
727,rural,37,26,1,5,600.0
728,rural,37,69,0,1,600.0
729,rural,37,56,1,5,600.0
730,rural,37,84,0,5,600.0
731,rural,37,44,1,6,600.0
732,rural,37,72,0,1,600.0
733,rural,37,54,1,4,600.0
734,rural,37,20,0,8,600.0
735,rural,37,64,0,5,600.0
736,rural,37,38,1,1,600.0
737,rural,37,64,1,8,600.0
738,rural,37,25,0,4,600.0
739,rural,37,66,0,4,600.0
740,rural,37,71,0,7,600.0
741,rural,38,64,0,9,600.0
742,rural,38,23,1,6,600.0
743,rural,38,23,0,3,600.0
744,rural,38,46,0,6,600.0
745,rural,38,35,0,5,600.0
746,rural,38,42,0,4,600.0
747,rural,38,29,0,3,600.0
748,rural,38,70,1,6,600.0
749,rural,38,51,1,5,600.0
750,rural,38,38,1,5,600.0
751,rural,38,82,1,3,600.0
752,rural,38,55,1,5,600.0
753,rural,38,67,0,7,600.0
754,rural,38,23,0,8,600.0
755,rural,38,36,0,5,600.0
756,rural,38,76,1,9,600.0
757,rural,38,48,0,6,600.0
758,rural,38,81,1,8,600.0
759,rural,38,63,1,6,600.0
760,rural,38,52,1,9,600.0
761,rural,39,21,0,3,600.0
762,rural,39,57,0,3,600.0
763,rural,39,56,0,3,600.0
764,rural,39,53,0,2,600.0
765,rural,39,49,1,5,600.0
766,rural,39,64,1,5,600.0
767,rural,39,61,0,2,600.0
768,rural,39,58,0,1,600.0
769,rural,39,21,1,4,600.0
770,rural,39,75,0,3,600.0
771,rural,39,37,0,2,600.0
772,rural,39,74,0,7,600.0
773,rural,39,54,0,4,600.0
774,rural,39,57,0,3,600.0
775,rural,39,72,1,6,600.0
776,rural,39,37,0,2,600.0
777,rural,39,38,1,6,600.0
778,rural,39,53,0,3,600.0
779,rural,39,44,0,4,600.0
780,rural,39,19,0,4,600.0
781,rural,40,76,0,4,600.0
782,rural,40,67,0,3,600.0
783,rural,40,26,0,2,600.0
784,rural,40,29,0,3,600.0
785,rural,40,53,0,4,600.0
786,rural,40,18,0,4,600.0
787,rural,40,57,0,6,600.0
788,rural,40,63,1,6,600.0
789,rural,40,75,0,3,600.0
790,rural,40,72,0,3,600.0
791,rural,40,35,0,7,600.0
792,rural,40,40,0,4,600.0
793,rural,40,35,0,5,600.0
794,rural,40,40,0,5,600.0
795,rural,40,33,0,4,600.0
796,rural,40,59,0,1,600.0
797,rural,40,47,0,1,600.0
798,rural,40,74,0,7,600.0
799,rural,40,82,1,4,600.0
800,rural,40,49,0,4,600.0
801,rural,41,20,0,5,600.0
802,rural,41,69,0,1,600.0
803,rural,41,35,1,5,600.0
804,rural,41,71,0,3,600.0
805,rural,41,43,0,4,600.0
806,rural,41,71,0,5,600.0
807,rural,41,47,0,3,600.0
808,rural,41,63,0,2,600.0
809,rural,41,46,0,2,600.0
810,rural,41,72,0,8,600.0
811,rural,41,55,0,3,600.0
812,rural,41,70,0,4,600.0
813,rural,41,25,0,3,600.0
814,rural,41,41,0,4,600.0
815,rural,41,50,1,6,600.0
816,rural,41,38,0,3,600.0
817,rural,41,48,0,5,600.0
818,rural,41,70,0,5,600.0
819,rural,41,49,0,7,600.0
820,rural,41,64,1,7,600.0
821,rural,42,40,1,6,600.0
822,rural,42,68,0,4,600.0
823,rural,42,74,0,5,600.0
824,rural,42,20,0,5,600.0
825,rural,42,69,0,8,600.0
826,rural,42,64,0,7,600.0
827,rural,42,41,1,3,600.0
828,rural,42,84,1,2,600.0
829,rural,42,58,1,8,600.0
830,rural,42,47,1,1,600.0
831,rural,42,48,0,1,600.0
832,rural,42,34,0,3,600.0
833,rural,42,60,0,6,600.0
834,rural,42,62,0,5,600.0
835,rural,42,65,0,4,600.0
836,rural,42,72,0,5,600.0
837,rural,42,22,0,1,600.0
838,rural,42,58,0,4,600.0
839,rural,42,59,0,3,600.0
840,rural,42,45,0,6,600.0
841,rural,43,55,1,8,600.0
842,rural,43,71,0,3,600.0
843,rural,43,33,1,5,600.0
844,rural,43,73,0,4,600.0
845,rural,43,22,0,4,600.0
846,rural,43,27,1,6,600.0
847,rural,43,28,0,3,600.0
848,rural,43,29,1,6,600.0
849,rural,43,47,0,0,600.0
850,rural,43,81,0,6,600.0
851,rural,43,59,0,5,600.0
852,rural,43,32,0,3,600.0
853,rural,43,51,0,4,600.0
854,rural,43,51,1,4,600.0
855,rural,43,73,0,4,600.0
856,rural,43,75,0,4,600.0
857,rural,43,45,1,10,600.0
858,rural,43,77,0,6,600.0
859,rural,43,19,1,9,600.0
860,rural,43,77,0,6,600.0
861,rural,44,22,1,10,600.0
862,rural,44,74,0,6,600.0
863,rural,44,57,0,4,600.0
864,rural,44,61,0,6,600.0
865,rural,44,45,1,6,600.0
866,rural,44,70,1,9,600.0
867,rural,44,67,0,6,600.0
868,rural,44,74,1,4,600.0
869,rural,44,79,1,8,600.0
870,rural,44,66,1,7,600.0
871,rural,44,51,0,7,600.0
872,rural,44,73,1,10,600.0
873,rural,44,81,1,10,600.0
874,rural,44,31,0,5,600.0
875,rural,44,74,1,8,600.0
876,rural,44,41,1,6,600.0
877,rural,44,54,1,2,600.0
878,rural,44,47,1,10,600.0
879,rural,44,56,1,10,600.0
880,rural,44,68,1,10,600.0
881,rural,45,33,0,9,600.0
882,rural,45,79,0,3,600.0
883,rural,45,61,0,7,600.0
884,rural,45,56,0,4,600.0
885,rural,45,35,0,3,600.0
886,rural,45,58,0,8,600.0
887,rural,45,53,1,6,600.0
888,rural,45,60,0,7,600.0
889,rural,45,56,0,5,600.0
890,rural,45,74,0,8,600.0
891,rural,45,40,1,5,600.0
892,rural,45,74,1,10,600.0
893,rural,45,28,0,6,600.0
894,rural,45,52,1,5,600.0
895,rural,45,35,0,3,600.0
896,rural,45,53,0,7,600.0
897,rural,45,80,0,7,600.0
898,rural,45,79,0,5,600.0
899,rural,45,64,0,4,600.0
900,rural,45,63,1,3,600.0
901,rural,46,58,0,2,600.0
902,rural,46,70,0,3,600.0
903,rural,46,61,1,2,600.0
904,rural,46,79,0,1,600.0
905,rural,46,82,1,6,600.0
906,rural,46,60,0,7,600.0
907,rural,46,76,0,7,600.0
908,rural,46,44,0,9,600.0
909,rural,46,69,0,2,600.0
910,rural,46,23,0,7,600.0
911,rural,46,38,1,3,600.0
912,rural,46,71,0,4,600.0
913,rural,46,78,1,4,600.0
914,rural,46,22,0,4,600.0
915,rural,46,80,0,7,600.0
916,rural,46,46,0,5,600.0
917,rural,46,18,0,1,600.0
918,rural,46,44,0,7,600.0
919,rural,46,34,0,4,600.0
920,rural,46,84,0,4,600.0
921,rural,47,49,0,3,600.0
922,rural,47,40,0,4,600.0
923,rural,47,31,0,4,600.0
924,rural,47,38,0,2,600.0
925,rural,47,32,0,4,600.0
926,rural,47,78,0,6,600.0
927,rural,47,32,0,5,600.0
928,rural,47,45,1,9,600.0
929,rural,47,68,1,8,600.0
930,rural,47,35,1,5,600.0
931,rural,47,29,1,2,600.0
932,rural,47,23,0,2,600.0
933,rural,47,54,0,7,600.0
934,rural,47,82,0,8,600.0
935,rural,47,40,1,8,600.0
936,rural,47,80,0,4,600.0
937,rural,47,41,0,2,600.0
938,rural,47,80,0,9,600.0
939,rural,47,37,0,4,600.0
940,rural,47,63,0,4,600.0
941,rural,48,56,0,5,600.0
942,rural,48,24,0,6,600.0
943,rural,48,80,0,2,600.0
944,rural,48,70,0,7,600.0
945,rural,48,79,0,4,600.0
946,rural,48,48,1,9,600.0
947,rural,48,60,1,8,600.0
948,rural,48,23,1,6,600.0
949,rural,48,41,1,7,600.0
950,rural,48,80,0,2,600.0
951,rural,48,56,0,4,600.0
952,rural,48,41,1,9,600.0
953,rural,48,50,0,7,600.0
954,rural,48,24,0,3,600.0
955,rural,48,67,1,7,600.0
956,rural,48,53,0,7,600.0
957,rural,48,31,0,10,600.0
958,rural,48,81,0,6,600.0
959,rural,48,22,0,6,600.0
960,rural,48,82,0,8,600.0
961,rural,49,69,0,7,600.0
962,rural,49,39,0,6,600.0
963,rural,49,29,0,6,600.0
964,rural,49,62,0,5,600.0
965,rural,49,59,0,5,600.0
966,rural,49,50,0,6,600.0
967,rural,49,80,0,2,600.0
968,rural,49,20,0,5,600.0
969,rural,49,33,0,4,600.0
970,rural,49,58,1,3,600.0
971,rural,49,49,1,5,600.0
972,rural,49,52,1,7,600.0
973,rural,49,39,1,5,600.0
974,rural,49,20,1,10,600.0
975,rural,49,50,0,7,600.0
976,rural,49,49,0,5,600.0
977,rural,49,64,0,7,600.0
978,rural,49,80,1,10,600.0
979,rural,49,39,0,6,600.0
980,rural,49,54,0,3,600.0
981,rural,50,53,0,5,600.0
982,rural,50,41,1,6,600.0
983,rural,50,25,1,7,600.0
984,rural,50,78,1,7,600.0
985,rural,50,81,1,6,600.0
986,rural,50,53,0,7,600.0
987,rural,50,57,0,9,600.0
988,rural,50,30,1,8,600.0
989,rural,50,48,1,4,600.0
990,rural,50,58,0,6,600.0
991,rural,50,26,0,3,600.0
992,rural,50,29,0,4,600.0
993,rural,50,45,1,5,600.0
994,rural,50,41,0,7,600.0
995,rural,50,61,1,6,600.0
996,rural,50,27,1,5,600.0
997,rural,50,18,1,4,600.0
998,rural,50,27,1,6,600.0
999,rural,50,43,1,1,600.0
1000,rural,50,80,0,5,600.0
