participant,stream,country,age,education,ideology_econ,ideology_social,political_interest,parasocial,prism,fusion,charisma,affective_polarization,institutional_trust,wis_1,wis_2,wis_3,wis_4,wis_5,wis_6,wis_7,wis_8,wis_9,wis_10,wis_11,wis_12,wisdom,credibility_bias
1,university,Canada,23,4,6,7,4,5.17,5.14,4.01,4.63,4.23,2.16,4,1,3,4,3,1,2,4,5,3,1,4,4.083,0.417
2,university,Canada,32,4,7,5,5,4.0,4.54,3.8,3.48,4.34,3.22,2,3,4,3,5,2,2,3,4,4,2,3,3.583,0.583
3,university,Canada,22,5,5,3,3,2.88,2.33,3.28,3.3,2.82,3.17,2,4,3,3,1,4,4,3,3,2,4,2,2.25,-0.417
4,university,Canada,18,3,1,1,3,4.62,4.6,3.78,3.19,4.97,4.32,3,3,3,2,3,4,3,4,4,3,3,2,2.917,0.0
5,university,Canada,18,5,4,4,2,5.24,4.26,3.71,2.88,3.08,1.66,4,3,3,3,2,4,3,1,3,4,4,2,2.667,0.083
6,university,Canada,25,4,7,7,2,2.42,2.67,1.74,2.14,4.29,4.5,5,3,4,4,5,2,2,3,2,3,4,4,3.583,0.417
7,university,Canada,20,5,3,5,3,6.34,6.44,6.08,4.3,4.99,3.45,2,5,3,2,3,4,3,2,2,3,3,3,2.417,1.333
8,university,United States,31,3,5,6,3,3.28,2.74,2.39,3.4,3.9,4.11,2,4,2,2,4,1,2,3,4,4,2,4,3.333,0.167
9,university,Canada,20,4,6,4,2,5.35,6.25,4.65,3.86,6.11,2.95,2,3,3,3,3,3,3,3,4,2,3,2,2.833,1.167
10,university,Canada,27,3,4,5,3,4.66,3.63,4.94,4.33,4.91,2.99,3,4,4,2,2,3,3,2,2,3,5,2,2.417,1.167
11,university,Canada,27,4,2,1,3,4.86,4.31,3.47,3.65,4.05,3.08,2,4,3,3,2,3,3,3,3,4,3,2,2.75,0.333
12,university,Canada,23,4,2,4,3,3.69,3.42,3.13,3.29,4.17,5.42,5,3,3,4,3,3,4,4,2,3,4,4,3.167,0.417
13,university,United States,28,3,2,1,2,2.67,2.48,3.78,2.7,4.7,5.94,5,2,4,3,3,4,3,2,4,4,2,3,3.417,0.667
14,university,United States,25,3,6,5,3,5.19,4.37,4.44,4.14,4.23,4.93,4,2,3,3,3,2,2,3,4,3,3,2,3.333,0.5
15,university,United States,21,5,2,2,5,4.04,2.98,4.42,3.95,6.38,3.74,2,2,1,2,2,5,3,3,3,1,3,3,2.333,0.667
16,university,Canada,22,4,2,3,5,2.33,2.83,3.06,4.24,3.36,2.89,1,3,2,2,2,4,4,2,2,1,5,2,1.833,0.333
17,university,United States,25,3,5,7,2,3.47,3.72,3.38,3.16,4.76,2.32,3,2,3,4,3,3,2,4,4,4,3,4,3.583,0.333
18,university,Canada,27,4,3,2,2,4.54,3.99,4.68,3.87,4.85,4.59,3,3,3,5,3,2,2,4,4,3,3,4,3.583,0.75
19,university,Canada,32,3,6,6,4,5.75,4.81,4.6,5.0,3.77,5.49,2,3,2,3,3,3,3,2,2,3,4,2,2.5,0.167
20,university,Canada,25,3,3,5,5,2.93,2.44,3.01,2.44,3.25,3.95,3,4,2,3,3,3,3,3,3,3,3,4,2.917,0.333
21,university,Canada,19,5,6,4,2,3.65,4.41,2.94,2.7,4.35,4.3,2,4,1,2,1,4,3,1,1,2,5,1,1.583,0.833
22,university,Canada,19,5,5,3,5,3.88,4.22,1.83,3.42,3.93,3.25,2,4,2,2,2,4,3,1,2,2,4,3,2.083,1.417
23,university,Canada,32,4,7,7,5,3.0,2.78,2.72,1.95,4.04,3.87,3,2,3,5,4,3,2,4,3,5,1,4,3.917,0.667
24,university,United States,31,3,1,2,4,4.05,4.16,2.81,3.5,5.47,5.57,4,1,2,2,3,3,3,4,3,2,1,3,3.25,-0.333
25,university,United States,35,4,4,4,5,2.79,2.7,1.0,2.83,4.04,4.15,2,3,4,3,2,3,2,3,3,2,3,2,2.833,0.25
26,university,Canada,24,3,5,6,2,3.9,3.47,3.03,3.06,4.54,4.74,3,4,2,3,3,3,3,2,4,3,3,2,2.75,0.5
27,university,Canada,28,5,6,7,2,4.94,4.26,2.34,2.7,5.18,3.53,4,3,2,2,3,4,4,3,4,2,3,3,2.75,0.417
28,university,Canada,19,4,3,3,3,5.13,4.92,4.46,3.61,5.02,3.38,4,2,3,4,2,3,4,3,2,5,3,4,3.25,1.25
29,university,United States,21,5,2,1,4,3.3,2.79,2.86,2.72,3.63,2.56,4,3,3,5,5,1,2,5,3,4,1,3,4.083,0.5
30,university,Canada,18,5,4,3,2,4.37,4.33,4.51,4.17,3.35,3.1,1,3,2,2,3,2,3,2,4,3,3,3,2.75,0.417
31,university,Canada,28,5,5,6,5,3.69,3.45,1.98,2.64,2.92,3.12,5,1,4,3,2,1,3,4,5,4,2,4,4.0,-0.417
32,university,Canada,20,3,5,5,5,5.15,4.32,4.16,3.57,4.46,2.89,4,3,3,2,3,2,4,4,3,3,3,2,3.0,0.583
33,university,Canada,32,3,4,2,3,4.81,4.7,4.55,4.07,6.3,4.71,2,4,2,1,2,4,3,2,1,2,4,2,1.917,1.167
34,university,United States,30,5,2,3,4,2.79,2.6,3.28,2.65,4.97,4.26,4,3,4,3,3,3,4,3,3,4,3,3,3.167,1.167
35,university,United States,31,5,3,3,3,2.03,1.67,1.02,2.67,3.17,5.26,4,2,4,3,2,2,2,5,4,3,3,3,3.583,0.417
36,university,Canada,34,5,4,2,4,5.32,5.08,4.61,3.03,2.84,2.59,4,3,3,3,2,4,2,4,3,5,2,5,3.5,1.25
37,university,Canada,29,5,5,7,2,4.87,4.44,4.96,4.3,4.38,6.95,4,3,4,2,5,2,3,4,4,5,1,5,4.0,0.25
38,university,United States,31,4,4,6,4,4.8,4.26,5.14,3.95,3.71,5.74,2,4,3,3,3,3,4,4,3,4,4,1,2.667,0.667
39,university,Canada,32,5,5,7,5,5.6,4.73,3.73,3.97,3.63,4.51,3,1,4,2,4,1,3,3,3,3,2,4,3.583,0.417
40,university,United States,25,5,5,3,5,4.91,4.96,4.6,3.17,5.09,3.82,4,3,3,4,4,3,2,2,3,5,2,4,3.583,1.167
41,university,United States,34,4,7,7,2,3.66,3.43,2.57,3.6,4.82,2.22,3,3,3,3,4,2,2,5,4,3,2,3,3.583,0.583
42,university,Canada,20,3,6,5,2,3.48,3.38,2.64,3.1,3.35,4.59,5,2,5,5,5,3,2,3,3,4,2,3,4.0,0.167
43,university,United States,20,5,3,3,3,3.63,4.66,4.12,2.41,4.11,3.23,2,2,2,1,4,5,4,2,3,3,2,1,2.417,0.75
44,university,Canada,20,4,7,7,2,3.34,2.71,2.74,3.23,4.78,3.41,3,3,3,2,2,3,2,4,4,4,4,4,3.167,1.083
45,university,United States,32,4,1,2,2,4.29,4.63,2.69,4.23,3.79,4.17,4,3,4,2,3,1,2,3,2,3,3,3,3.25,-0.083
46,university,United States,27,3,2,1,3,4.49,3.23,4.02,3.33,3.82,3.92,2,4,4,4,3,4,2,3,3,3,3,3,3.0,0.167
47,university,United States,34,4,2,2,3,6.16,6.29,5.75,3.28,4.63,3.85,1,3,2,3,3,3,4,3,3,4,3,3,2.75,1.667
48,university,Canada,18,5,1,2,4,5.0,3.88,4.28,2.86,4.29,4.61,5,2,4,4,5,1,1,5,4,5,1,5,4.667,0.0
49,university,United States,26,5,4,6,3,3.58,3.47,3.04,2.44,3.2,2.98,4,4,4,4,3,3,3,2,2,5,2,5,3.417,0.667
50,university,United States,33,5,6,7,5,5.13,4.37,5.01,3.01,5.77,3.82,4,3,4,4,5,1,2,3,4,4,2,3,3.917,0.833
51,university,Canada,30,4,1,1,4,3.26,2.06,3.08,3.73,3.9,4.48,2,4,2,2,3,2,3,5,3,2,3,3,2.833,-0.167
52,university,Canada,35,3,3,5,4,4.61,4.56,2.96,3.72,4.29,3.55,3,3,1,3,3,3,4,2,5,3,3,3,2.833,0.25
53,university,Canada,28,5,6,4,2,3.96,3.73,1.78,3.11,3.71,3.12,5,1,5,4,4,2,2,4,4,3,1,5,4.333,0.583
54,university,United States,34,3,5,4,5,2.38,3.07,1.1,2.51,3.34,4.39,5,3,4,3,3,2,3,3,2,2,3,4,3.25,-0.333
55,university,United States,21,4,5,4,3,2.3,2.27,1.0,3.33,4.18,5.06,3,1,5,4,3,3,2,5,3,4,2,5,4.0,-0.167
56,university,United States,22,4,6,7,4,3.89,3.89,2.22,3.08,4.1,4.78,4,2,4,5,3,5,3,3,2,3,2,3,3.25,0.917
57,university,United States,34,3,4,2,4,4.31,3.51,3.53,2.69,5.0,5.09,2,2,2,3,3,4,4,3,2,2,4,3,2.5,1.083
58,university,Canada,29,4,4,2,5,4.2,4.71,2.98,2.99,2.77,4.92,4,1,4,4,4,2,2,5,3,3,3,4,3.917,0.0
59,university,Canada,20,5,7,7,3,3.3,2.76,1.76,2.56,3.48,3.63,2,3,2,3,4,3,3,4,3,3,2,3,3.083,0.583
60,university,Canada,26,4,5,6,5,4.55,4.87,3.5,3.1,4.95,5.76,4,2,3,2,2,2,4,4,2,3,3,4,3.083,0.25
61,university,United States,29,3,2,4,2,3.78,3.65,2.93,3.09,4.24,2.67,5,1,5,4,5,1,1,5,5,5,1,5,4.917,0.167
62,university,United States,27,3,6,6,5,3.62,3.89,2.8,3.96,4.18,1.65,4,2,4,3,3,3,3,3,4,2,3,3,3.25,0.5
63,university,United States,22,5,7,6,4,4.94,4.62,4.22,4.0,6.11,3.45,3,2,3,3,2,3,4,3,4,2,3,2,2.833,1.333
64,university,Canada,28,3,2,3,2,4.8,3.13,4.46,3.09,5.59,3.19,3,1,3,5,4,3,2,4,5,4,3,5,4.0,1.0
65,university,United States,24,5,5,7,2,3.73,2.94,2.7,3.2,4.5,3.14,4,5,3,3,3,2,1,4,5,4,4,3,3.417,0.0
66,university,United States,30,5,1,1,3,6.48,6.13,4.57,4.3,5.46,3.14,3,3,3,3,2,3,3,4,3,3,3,4,3.083,0.833
67,university,Canada,26,5,1,1,2,5.49,3.84,5.57,3.55,5.32,3.38,4,2,3,3,4,3,3,4,4,4,3,3,3.5,0.833
68,university,Canada,30,3,3,3,3,4.25,3.09,1.95,2.93,3.87,4.01,4,1,3,5,3,1,1,4,4,4,3,5,4.167,-0.167
69,university,United States,23,3,4,6,4,4.36,5.26,2.58,2.69,5.16,4.12,4,1,5,5,4,1,2,5,2,5,2,5,4.417,0.0
70,university,United States,18,4,4,3,4,4.48,4.95,5.48,3.65,6.73,3.09,4,3,2,5,3,2,1,5,4,3,3,3,3.667,0.583
71,university,Canada,31,5,1,2,2,3.47,3.71,2.72,2.4,3.29,5.08,4,2,5,3,4,3,3,5,4,5,2,4,4.0,0.5
72,university,United States,26,5,7,6,4,6.99,6.82,5.88,4.95,4.6,1.64,4,4,3,4,4,3,4,4,3,2,5,3,2.917,1.083
73,university,Canada,20,5,2,1,3,4.63,3.91,3.62,3.01,5.26,2.75,5,1,4,4,5,1,2,5,4,5,2,3,4.417,0.5
74,university,United States,27,3,2,1,3,3.92,3.81,3.71,3.74,5.61,3.11,5,1,5,5,5,1,3,5,5,5,1,4,4.75,0.917
75,university,Canada,34,5,1,1,4,3.55,3.21,2.05,3.19,3.24,4.34,4,3,4,2,4,3,3,4,3,2,2,3,3.25,-0.583
76,university,Canada,30,5,2,3,3,4.69,5.19,3.66,3.6,3.97,3.15,3,2,4,5,4,4,3,2,4,4,3,3,3.417,0.083
77,university,Canada,33,4,6,7,4,4.96,5.44,4.95,4.34,4.19,3.49,3,3,4,5,3,2,3,3,4,4,2,4,3.667,0.917
78,university,Canada,30,5,6,4,3,2.3,1.71,3.21,2.47,3.97,4.95,4,2,4,4,4,1,1,5,5,3,2,5,4.333,0.75
79,university,Canada,27,4,3,3,3,4.46,4.54,3.99,3.11,3.4,1.92,3,1,2,4,4,3,3,4,4,2,3,3,3.333,0.667
80,university,Canada,26,3,6,7,2,4.48,4.75,2.88,3.54,4.43,3.48,2,4,3,3,1,3,4,2,2,2,4,2,2.167,0.333
81,university,United States,30,3,2,1,4,3.52,4.13,4.44,3.75,3.86,3.94,2,4,1,2,1,4,4,3,3,3,3,1,2.083,0.917
82,university,United States,24,5,4,6,4,4.59,4.72,3.6,2.65,6.01,3.48,3,5,3,2,1,4,5,3,1,2,4,2,1.917,1.25
83,university,Canada,31,5,3,3,2,5.02,5.48,3.3,4.5,3.77,3.23,3,5,2,1,2,3,3,3,1,3,4,2,2.167,1.083
84,university,United States,21,5,6,4,2,3.22,2.42,2.83,3.15,4.56,3.05,4,2,4,4,3,2,1,4,5,5,2,5,4.25,0.667
85,university,Canada,23,4,1,1,5,3.53,3.45,2.74,3.07,3.16,3.05,3,1,5,4,3,2,1,5,3,5,1,5,4.333,-0.5
86,university,United States,21,5,7,6,3,5.31,5.21,4.61,4.58,3.76,3.08,4,2,4,3,3,4,3,4,4,4,4,4,3.417,1.167
87,university,United States,35,5,5,3,4,3.65,4.13,4.85,2.65,2.57,3.57,4,3,3,5,3,3,3,4,3,3,3,5,3.5,0.083
88,university,Canada,28,3,1,3,5,4.88,4.04,3.82,4.39,4.68,1.63,3,5,4,3,3,2,4,3,3,3,5,3,2.75,0.333
89,university,Canada,24,4,1,1,5,4.29,4.76,4.0,2.4,2.57,4.25,5,1,4,5,5,1,1,5,5,5,1,5,4.917,0.5
90,university,United States,25,5,5,6,5,4.07,4.01,2.53,3.56,3.88,5.05,5,4,4,4,3,3,2,4,5,4,3,3,3.667,0.917
91,university,Canada,23,4,2,3,5,5.36,5.0,3.74,4.49,6.11,4.44,2,4,1,2,1,5,4,3,2,2,5,2,1.75,0.75
92,university,Canada,28,3,1,3,4,5.49,5.11,4.96,5.0,4.84,4.75,4,3,3,4,4,3,2,4,3,3,2,3,3.5,1.0
93,university,Canada,31,5,1,1,5,4.82,4.25,1.91,3.83,4.48,4.28,2,4,2,2,3,3,4,2,2,2,2,2,2.333,0.917
94,university,United States,20,3,1,3,5,4.19,3.02,3.56,3.23,3.81,3.78,2,2,4,5,3,3,2,3,4,4,3,4,3.583,-1.0
95,university,United States,25,3,7,5,5,4.49,4.16,4.68,3.58,3.56,2.06,4,3,3,4,4,2,2,4,2,2,2,4,3.5,0.25
96,university,Canada,35,4,3,1,5,2.79,2.26,2.01,3.64,4.18,5.42,4,2,3,4,5,2,3,4,3,4,1,4,3.917,0.333
97,university,United States,26,5,6,7,4,4.32,4.66,2.58,3.31,3.98,4.02,2,3,5,4,5,2,2,5,4,4,2,4,4.0,0.333
98,university,United States,32,4,1,1,5,3.63,3.99,4.29,3.21,4.97,4.18,4,3,3,4,3,1,3,2,3,4,3,2,3.25,0.917
99,university,Canada,21,5,7,5,3,2.94,2.96,3.43,3.21,3.77,2.63,2,3,4,4,4,3,2,4,3,3,2,5,3.583,1.0
100,university,Canada,28,5,5,3,2,3.4,3.77,3.18,2.46,2.43,5.16,3,4,2,2,1,4,4,2,2,3,2,2,2.25,0.417
101,university,United States,20,4,7,6,2,5.79,5.69,3.95,4.03,5.89,3.94,3,3,3,4,3,2,3,3,5,4,3,3,3.417,0.583
102,university,United States,33,5,6,7,3,3.09,3.8,1.0,3.2,3.01,3.41,1,4,2,4,4,3,3,3,3,2,4,2,2.583,0.083
103,university,United States,28,4,1,3,3,4.09,4.87,3.34,2.77,6.17,5.2,3,2,5,4,4,2,4,4,5,4,2,4,3.917,0.833
104,university,Canada,35,4,6,7,5,4.08,3.15,3.89,3.11,3.3,3.49,4,2,3,4,3,4,3,3,3,4,3,3,3.25,0.75
105,university,Canada,30,5,7,6,3,4.28,2.99,4.31,3.93,4.39,3.29,3,1,4,5,4,2,2,3,3,3,2,4,3.833,1.333
106,university,United States,24,5,7,7,5,3.23,2.84,2.6,3.12,3.93,5.55,3,2,2,2,2,3,3,2,4,3,2,3,2.917,0.75
107,university,Canada,19,5,4,3,5,3.17,3.93,3.04,2.43,4.14,5.64,4,3,3,4,3,2,2,2,3,4,3,4,3.417,0.25
108,university,Canada,24,5,1,3,5,3.47,3.98,4.29,2.28,5.25,4.39,1,2,3,4,3,4,2,3,3,3,4,4,3.0,0.5
109,university,Canada,27,4,7,7,4,1.76,2.14,1.27,2.4,4.01,5.91,2,4,3,4,3,5,3,2,2,3,3,2,2.5,-0.417
110,university,Canada,33,4,7,7,3,4.84,4.26,5.04,5.0,5.17,3.44,1,3,4,4,5,3,4,4,3,3,2,2,3.167,1.083
111,university,United States,23,4,5,6,5,3.27,2.45,2.14,3.79,4.66,4.0,4,2,5,4,4,3,2,3,4,3,2,5,3.917,0.5
112,university,Canada,24,3,7,7,2,3.87,3.74,2.7,2.38,5.38,3.2,3,4,2,2,2,2,4,2,3,3,3,4,2.667,0.417
113,university,United States,18,4,6,4,4,4.96,3.58,5.32,3.51,5.16,3.86,1,5,2,2,2,5,4,2,2,2,5,2,1.667,1.167
114,university,Canada,22,4,5,7,5,4.32,4.49,4.87,2.61,6.62,1.64,2,4,2,3,1,5,5,3,2,1,3,3,2.0,1.083
115,university,Canada,35,5,2,4,2,4.23,4.27,3.36,3.36,4.92,5.0,5,2,2,3,4,3,2,4,3,4,2,3,3.583,0.5
116,university,Canada,23,5,7,6,3,3.21,3.16,1.88,2.95,2.32,5.28,4,3,4,3,3,2,3,2,2,4,3,4,3.25,0.0
117,university,Canada,20,5,2,3,5,4.62,4.5,3.25,3.38,4.81,3.46,3,4,4,2,4,3,3,2,4,3,2,4,3.167,0.833
118,university,Canada,30,5,2,1,5,4.05,3.44,3.53,3.43,4.2,3.8,4,3,4,4,3,3,3,5,3,3,2,3,3.5,1.083
119,university,Canada,18,5,1,1,4,4.06,3.99,2.39,5.0,3.73,3.9,3,3,3,2,3,4,2,3,3,2,3,3,2.833,0.417
120,university,Canada,23,4,3,5,5,5.03,4.28,5.36,4.14,5.17,4.64,4,2,4,4,4,2,2,5,4,4,1,4,4.167,0.5
121,university,Canada,21,3,5,7,2,3.97,3.6,3.07,2.63,4.99,3.69,3,5,3,2,2,4,3,3,2,2,4,3,2.333,0.583
122,university,Canada,25,4,4,5,3,2.66,2.89,2.03,2.52,3.76,5.22,3,4,3,3,2,5,4,3,3,3,2,3,2.667,0.417
123,university,United States,30,3,2,1,4,4.97,5.13,5.18,3.26,3.88,2.15,3,5,2,2,2,4,4,3,2,2,4,1,2.0,0.917
124,university,Canada,34,3,5,3,2,4.07,4.15,3.84,3.79,3.86,4.58,3,1,5,5,5,2,1,5,5,5,2,5,4.667,0.25
125,university,Canada,33,4,7,7,5,5.21,4.58,3.4,3.8,3.57,1.28,5,4,4,5,4,3,2,3,3,3,2,4,3.667,0.5
126,university,Canada,23,4,4,6,5,4.44,4.32,3.82,4.73,3.54,3.67,2,4,1,3,2,3,4,2,3,1,3,3,2.25,0.25
127,university,Canada,31,4,7,6,2,3.85,3.75,1.63,2.84,3.45,4.42,3,5,1,2,2,4,3,2,2,2,5,3,2.0,-0.5
128,university,Canada,22,3,3,3,4,4.87,4.95,3.62,3.6,3.9,5.34,4,3,2,4,4,3,2,5,3,2,3,3,3.333,0.0
129,university,United States,34,3,2,3,2,5.48,3.88,4.47,4.4,4.18,3.37,4,2,5,5,5,2,2,4,4,5,1,3,4.333,0.333
130,university,United States,27,3,6,4,5,3.67,2.54,2.65,3.28,4.73,4.48,4,2,3,3,3,3,3,4,2,2,3,4,3.167,0.583
131,university,United States,35,3,4,2,3,3.02,3.11,2.91,2.03,3.99,5.06,2,4,2,2,2,4,4,2,2,2,4,4,2.167,0.25
132,university,Canada,18,5,7,7,3,5.45,5.89,5.36,3.5,4.13,2.83,4,2,5,4,4,2,2,4,3,4,2,4,4.0,1.083
133,university,United States,31,5,5,7,5,4.23,4.94,2.69,2.38,2.56,3.17,2,4,1,1,2,4,4,2,1,1,4,2,1.667,0.25
134,university,Canada,35,5,7,6,3,3.74,3.03,3.43,3.27,5.53,3.26,4,2,4,4,4,1,3,4,4,3,4,3,3.667,0.833
135,university,Canada,33,4,7,7,5,3.19,3.33,3.26,4.1,6.24,4.0,2,5,1,3,3,4,3,3,2,2,4,2,2.167,0.583
136,university,United States,29,5,7,6,5,5.03,4.22,6.24,4.01,5.05,2.72,1,3,3,4,3,4,4,3,3,3,4,2,2.583,1.833
137,university,Canada,20,5,1,1,2,3.0,2.11,2.5,2.71,4.78,4.96,3,3,3,5,2,3,1,5,3,3,3,4,3.5,1.0
138,university,United States,25,5,2,1,2,4.32,4.09,4.39,3.68,3.98,2.82,4,3,5,3,5,2,4,5,5,4,3,5,4.0,1.0
139,university,United States,32,4,3,1,3,3.88,4.59,3.27,3.24,3.23,3.81,4,4,4,4,4,2,2,3,3,4,2,4,3.667,0.0
140,university,Canada,33,3,5,6,3,3.81,3.88,4.32,3.47,4.87,3.29,4,3,4,4,4,1,1,4,4,3,2,4,4.0,1.25
141,university,United States,19,5,5,4,3,5.83,4.77,3.5,4.53,4.43,4.48,2,3,2,2,3,4,3,3,3,3,5,2,2.417,0.917
142,university,Canada,25,4,5,7,3,4.97,4.74,4.84,2.65,4.02,3.79,3,3,5,5,5,1,2,4,5,5,2,4,4.333,0.083
143,university,United States,34,5,2,1,4,4.13,3.58,3.96,3.46,4.01,3.84,5,2,4,4,3,3,2,4,3,4,1,5,4.0,0.75
144,university,United States,19,3,2,2,3,2.73,2.89,4.47,2.48,4.24,4.11,3,3,4,4,4,2,3,4,4,4,3,4,3.667,1.167
145,university,Canada,18,3,2,2,4,3.78,3.6,3.24,2.05,5.58,3.58,1,3,3,3,3,4,3,2,2,3,5,1,2.25,0.833
146,university,Canada,21,3,2,1,2,4.98,5.19,5.31,4.11,5.79,5.7,2,2,3,2,4,4,4,2,3,2,4,3,2.583,0.5
147,university,Canada,20,4,3,5,5,5.55,5.58,5.12,4.14,4.74,3.39,5,2,5,5,5,1,2,5,4,4,1,5,4.667,0.833
148,university,Canada,34,5,3,3,5,5.12,4.56,3.45,3.9,4.85,3.86,2,4,5,2,2,3,3,3,3,3,3,3,2.833,0.583
149,university,Canada,30,3,4,5,4,4.64,4.74,3.46,4.08,4.6,4.17,3,3,1,3,3,2,2,4,3,3,3,3,3.083,0.417
150,university,Canada,33,5,4,2,5,5.71,4.45,5.46,3.63,5.48,3.01,2,4,3,3,3,4,4,4,4,1,3,2,2.583,1.167
151,prolific,United States,27,2,6,5,5,2.53,2.48,1.64,2.49,4.93,4.25,5,1,4,4,5,3,2,4,3,3,2,4,4.0,-0.083
152,prolific,Canada,66,3,2,3,5,4.72,4.25,2.67,3.76,5.39,4.12,4,1,5,5,3,2,1,5,5,5,2,5,4.583,0.667
153,prolific,United States,60,3,6,4,3,4.49,4.16,2.86,2.31,2.95,2.71,4,4,3,4,5,1,2,4,4,4,2,3,3.833,0.25
154,prolific,Canada,44,2,4,4,5,5.01,4.49,4.33,3.4,3.68,3.49,4,3,4,3,2,3,2,3,3,3,1,4,3.417,0.583
155,prolific,United States,35,3,2,2,4,4.92,4.54,4.27,4.38,4.17,4.94,2,4,1,2,1,4,3,3,3,2,3,3,2.25,0.417
156,prolific,Canada,51,3,7,6,5,5.38,5.49,4.15,4.27,5.08,3.32,2,3,1,1,3,3,3,2,2,4,3,3,2.5,1.0
157,prolific,Canada,68,2,7,7,4,4.62,4.67,3.63,4.22,3.31,2.82,2,3,4,2,3,4,2,3,3,3,3,1,2.75,-0.75
158,prolific,Canada,42,2,2,4,5,3.91,3.92,3.27,3.16,4.44,3.67,4,3,1,4,3,3,3,3,2,2,3,3,2.833,1.0
159,prolific,Canada,18,4,5,4,4,5.06,4.23,4.8,3.02,4.64,5.02,4,1,4,4,4,2,2,4,5,5,3,5,4.25,0.333
160,prolific,United States,65,3,4,5,4,3.88,4.57,2.45,4.2,5.55,4.33,4,1,3,3,5,3,2,5,5,4,1,5,4.25,-0.083
161,prolific,Canada,39,3,3,5,3,4.01,2.76,3.78,3.15,3.54,2.17,4,4,4,3,3,4,4,3,2,3,2,4,3.0,0.083
162,prolific,United States,48,2,5,7,4,2.73,3.09,2.49,2.72,4.43,4.35,4,3,4,5,4,2,1,3,4,3,4,3,3.667,0.083
163,prolific,Canada,20,2,2,1,3,3.9,4.34,2.75,3.78,1.71,3.98,3,3,3,3,3,1,2,5,4,4,3,3,3.583,-0.167
164,prolific,United States,44,3,3,3,5,4.61,3.12,3.88,3.96,3.49,3.91,4,2,3,3,3,3,1,5,3,4,2,4,3.75,0.5
165,prolific,Canada,40,2,6,7,5,4.6,4.72,2.26,4.04,4.88,4.46,1,5,3,1,1,5,3,3,2,2,5,2,1.75,0.5
166,prolific,United States,68,2,3,2,4,5.61,5.19,5.32,4.54,5.46,2.95,4,2,4,4,4,1,3,5,4,4,1,4,4.167,0.667
167,prolific,United States,74,4,3,5,5,3.46,3.0,2.81,3.79,3.45,3.78,3,5,3,3,2,2,3,3,3,5,4,4,3.0,0.667
168,prolific,Canada,21,3,4,5,4,2.65,2.24,2.57,1.02,3.2,2.9,3,2,4,5,4,1,1,2,5,4,1,5,4.25,-0.25
169,prolific,Canada,65,2,6,7,2,2.91,4.28,1.31,1.29,3.5,6.09,3,3,3,2,3,3,2,3,2,4,3,3,3.0,-0.083
170,prolific,Canada,30,2,6,7,4,3.68,2.63,3.63,3.66,2.57,4.59,4,3,3,3,5,1,3,5,3,5,3,4,3.833,0.0
171,prolific,United States,49,4,6,5,4,4.87,4.47,6.29,3.96,5.13,4.29,3,2,3,2,3,2,2,4,4,4,2,3,3.5,1.167
172,prolific,Canada,65,4,4,2,2,2.75,3.43,2.2,3.14,5.39,3.35,1,2,3,2,2,1,4,3,3,2,3,3,2.75,0.333
173,prolific,United States,20,3,7,7,3,4.43,4.42,2.48,3.74,4.76,4.3,3,1,2,3,3,5,3,2,2,3,4,3,2.667,0.0
174,prolific,United States,30,4,2,2,2,3.77,3.1,4.29,3.13,5.45,4.16,3,2,4,5,4,1,1,5,4,5,1,5,4.5,0.75
175,prolific,United States,38,4,5,4,5,3.85,3.06,2.34,2.65,4.97,3.18,3,1,3,2,2,2,2,4,5,3,2,3,3.5,0.667
176,prolific,Canada,34,4,5,6,4,3.14,2.88,4.13,3.37,3.2,4.73,3,2,3,3,3,3,2,5,5,4,2,4,3.75,0.417
177,prolific,United States,43,2,5,6,3,2.84,3.3,3.16,4.58,5.04,3.78,4,2,4,4,4,1,2,3,4,4,2,4,4.0,0.333
178,prolific,Canada,68,3,2,1,5,3.99,3.72,2.59,2.99,4.13,4.29,4,2,4,3,4,3,2,4,4,4,2,1,3.583,0.583
179,prolific,United States,59,4,2,3,5,4.97,5.13,2.62,3.59,5.67,6.34,3,3,3,4,3,3,3,3,4,3,2,3,3.25,0.833
180,prolific,United States,65,3,1,1,5,2.44,2.68,1.0,4.16,3.79,3.83,4,3,4,4,5,2,1,4,5,4,3,4,4.083,0.417
181,prolific,United States,54,4,1,3,3,4.54,3.97,3.48,4.17,3.92,4.18,3,2,3,4,3,2,3,4,3,3,3,4,3.417,0.583
182,prolific,Canada,43,3,3,5,3,5.53,4.47,5.9,4.77,3.52,3.57,3,2,3,4,5,3,3,4,5,4,2,3,3.75,0.667
183,prolific,Canada,41,4,7,7,4,5.04,5.12,3.59,3.61,5.21,4.02,3,4,4,4,3,2,3,5,4,4,2,3,3.583,0.167
184,prolific,Canada,34,3,1,2,2,3.67,3.77,1.93,2.84,4.06,5.03,4,3,3,3,3,3,3,5,3,3,3,3,3.25,-0.917
185,prolific,United States,52,4,7,6,2,4.64,4.49,4.41,3.09,4.82,2.58,4,3,4,2,3,3,2,4,3,3,2,4,3.417,0.583
186,prolific,Canada,74,2,3,5,3,4.57,5.23,3.84,2.83,3.85,4.49,4,1,3,5,5,1,1,4,5,5,4,5,4.417,0.417
187,prolific,United States,69,3,4,4,5,4.72,4.39,3.93,3.95,3.87,2.51,3,3,2,3,2,4,3,5,3,3,3,3,2.917,1.333
188,prolific,United States,20,2,7,7,3,3.86,4.36,1.36,2.2,6.12,3.2,4,3,4,2,3,3,3,3,3,2,5,3,2.833,1.25
189,prolific,Canada,18,4,6,5,4,4.32,4.04,4.24,4.05,5.07,3.15,4,2,4,5,3,2,3,4,5,4,2,5,4.083,0.917
190,prolific,United States,37,2,4,2,4,4.14,3.56,3.46,2.67,3.77,3.2,3,2,3,2,2,2,2,4,3,3,2,2,3.167,0.833
191,prolific,United States,69,2,1,1,2,4.19,3.45,2.66,3.25,3.63,3.28,3,2,3,3,5,2,2,5,5,5,2,4,4.083,1.083
192,prolific,United States,36,3,7,7,5,3.13,2.94,2.65,2.35,4.57,3.87,3,3,4,4,4,3,3,3,4,5,1,4,3.75,0.833
193,prolific,Canada,32,4,3,3,4,3.06,3.18,2.69,3.63,3.84,2.25,3,3,3,1,2,5,3,2,1,2,3,2,2.167,0.25
194,prolific,Canada,71,2,4,6,3,4.02,3.47,2.78,3.02,3.44,3.29,4,3,2,4,4,2,1,4,5,4,2,2,3.75,-0.167
195,prolific,United States,53,3,1,1,5,4.17,4.27,2.65,2.89,3.47,4.79,3,4,2,2,2,4,4,3,1,3,3,2,2.25,-0.333
196,prolific,United States,44,2,2,4,2,4.52,3.95,3.95,4.0,2.71,2.31,5,1,4,3,4,2,2,4,5,5,1,3,4.25,-0.083
197,prolific,United States,45,3,6,5,2,5.34,5.5,4.2,3.15,5.24,4.73,1,5,3,2,3,5,5,2,1,3,4,2,1.833,1.667
198,prolific,Canada,35,3,3,4,2,2.99,3.64,4.11,3.35,4.44,4.87,3,4,3,3,2,2,4,3,2,4,4,3,2.75,0.833
199,prolific,United States,34,3,6,4,5,4.44,4.2,3.99,4.33,4.7,2.79,5,1,3,4,3,1,1,5,4,3,2,4,4.167,0.25
200,prolific,United States,52,4,7,5,5,3.85,3.06,2.5,2.6,3.53,4.21,4,2,2,5,4,2,2,3,3,3,2,4,3.667,-0.083
201,prolific,Canada,29,3,1,3,5,4.49,4.3,5.34,2.29,5.34,4.13,2,3,4,2,2,1,3,3,3,4,3,3,3.083,1.25
202,prolific,Canada,50,3,6,7,5,4.94,4.16,4.37,5.0,4.29,4.37,3,4,3,3,2,2,3,4,3,2,2,2,2.917,1.083
203,prolific,United States,48,2,1,3,5,4.19,4.52,4.13,3.43,4.7,5.56,4,1,5,4,4,3,3,4,5,4,2,4,4.083,-0.25
204,prolific,United States,74,4,1,1,5,4.0,4.12,4.4,3.02,6.49,1.96,4,4,2,3,3,3,3,3,2,3,4,2,2.667,0.75
205,prolific,Canada,44,4,6,5,5,5.01,4.72,4.88,3.36,4.1,4.27,4,4,3,3,3,4,3,3,3,2,3,2,2.75,0.417
206,prolific,United States,25,2,4,6,3,5.36,4.55,4.48,4.0,5.47,4.22,3,2,2,3,5,2,2,4,3,3,2,3,3.5,1.0
207,prolific,United States,37,2,6,7,5,3.89,3.79,2.61,1.91,5.55,4.62,2,3,3,3,2,4,3,3,2,2,3,2,2.5,0.917
208,prolific,United States,56,4,2,2,5,4.49,5.3,3.36,3.92,5.44,4.77,3,3,3,3,5,3,3,3,3,4,3,4,3.333,0.917
209,prolific,Canada,48,2,3,1,5,3.7,3.99,4.11,2.5,5.2,4.17,3,2,4,4,5,2,1,4,3,3,2,3,3.833,0.417
210,prolific,United States,35,4,3,4,5,4.52,3.88,4.18,3.36,5.94,2.96,2,2,4,4,4,4,4,2,2,4,3,3,3.0,1.583
211,prolific,Canada,66,3,4,4,5,3.51,2.94,2.99,3.43,4.6,4.02,3,1,3,3,4,2,2,4,5,5,1,3,4.0,1.0
212,prolific,Canada,35,3,7,7,2,4.69,4.16,5.19,4.13,4.57,3.95,1,2,4,2,3,3,3,3,2,2,4,2,2.583,0.917
213,prolific,United States,45,3,2,1,2,4.41,3.79,4.87,3.72,5.93,2.53,4,2,4,4,4,3,2,3,4,5,3,4,3.833,1.25
214,prolific,United States,67,4,6,4,2,5.43,5.4,4.9,4.27,4.25,3.47,4,1,5,5,5,1,1,5,5,4,2,5,4.75,0.083
215,prolific,Canada,36,4,3,1,2,3.73,3.8,3.59,3.03,3.93,4.48,5,2,5,3,5,1,2,5,4,5,1,5,4.583,0.417
216,prolific,Canada,48,2,4,2,3,3.92,4.27,4.21,3.05,4.54,4.7,3,4,2,3,3,4,3,4,3,2,2,3,2.833,0.833
217,prolific,United States,32,4,4,5,2,4.96,4.35,4.06,3.52,4.16,4.38,1,3,3,2,1,3,3,4,4,3,4,1,2.5,1.25
218,prolific,Canada,63,4,1,3,4,4.45,3.22,3.74,4.33,6.13,3.48,3,2,4,3,3,3,2,3,3,2,2,3,3.25,1.25
219,prolific,United States,65,2,3,3,5,4.15,3.58,3.3,2.65,3.39,3.81,4,1,4,4,4,2,2,5,4,5,2,5,4.333,0.417
220,prolific,United States,46,3,3,4,3,4.67,3.94,4.56,2.88,5.02,2.12,3,4,3,3,3,3,2,4,3,4,2,4,3.333,0.5
221,prolific,Canada,59,3,1,1,4,5.51,5.27,4.15,4.17,4.34,2.96,3,3,4,3,5,2,2,3,2,4,2,4,3.583,0.5
222,prolific,Canada,52,4,5,4,3,3.66,4.27,3.7,4.16,4.49,6.01,3,2,2,4,4,3,4,4,3,4,3,3,3.25,0.583
223,prolific,United States,58,4,1,1,3,4.24,4.57,3.97,4.22,3.28,1.95,3,2,2,2,3,3,2,4,3,4,3,3,3.167,0.917
224,prolific,Canada,74,2,2,1,3,3.17,3.16,3.39,3.42,3.44,6.7,4,1,3,5,3,2,2,2,4,3,4,3,3.5,0.25
225,prolific,Canada,60,2,3,4,5,2.96,2.52,2.26,2.82,2.84,5.23,3,1,4,5,4,2,2,3,4,3,1,3,3.917,-0.083
226,prolific,United States,30,2,1,1,2,5.59,4.81,4.79,3.52,4.24,2.95,2,2,1,1,2,4,4,2,1,4,5,3,2.083,1.417
227,prolific,United States,19,4,6,5,2,4.07,3.31,4.19,3.73,3.96,5.43,2,2,4,3,3,1,3,4,3,3,3,4,3.417,0.417
228,prolific,United States,49,2,2,3,2,4.11,3.14,4.88,3.93,5.34,2.3,5,2,5,4,5,1,1,5,5,5,1,5,4.833,1.25
229,prolific,Canada,38,4,6,7,2,2.19,1.98,2.54,3.02,3.23,4.15,3,3,3,3,4,4,3,4,3,4,3,3,3.167,0.667
230,prolific,Canada,61,4,7,6,3,5.87,5.61,5.56,3.57,4.88,3.48,4,1,4,5,4,1,2,4,5,4,2,3,4.25,0.417
231,prolific,Canada,68,4,1,2,5,2.7,1.64,1.55,2.07,4.56,4.8,4,2,4,3,4,1,3,4,5,4,2,4,4.0,0.333
232,prolific,United States,64,4,7,6,5,4.71,4.88,3.98,3.05,4.4,3.08,5,2,3,4,3,1,1,4,4,5,1,4,4.25,0.417
233,prolific,United States,38,4,5,3,5,4.24,4.63,2.86,2.83,5.51,4.28,3,4,2,4,3,3,2,3,4,3,4,3,3.0,0.583
234,prolific,United States,63,3,7,7,2,4.31,4.43,4.92,3.77,4.03,4.58,4,3,4,3,3,2,3,4,4,3,2,5,3.667,0.417
235,prolific,Canada,57,4,4,4,3,2.47,2.42,1.98,3.34,3.17,5.7,3,3,4,5,4,3,2,4,5,4,1,4,4.0,0.0
236,prolific,United States,68,4,6,6,5,3.97,2.99,2.18,2.92,4.28,2.26,4,3,3,5,4,2,3,4,4,3,3,3,3.583,0.333
237,prolific,United States,50,2,2,1,5,4.13,4.11,4.39,3.3,5.04,4.04,3,2,2,3,3,4,4,4,3,4,2,4,3.167,0.167
238,prolific,United States,57,2,4,5,5,5.2,5.01,4.7,3.79,5.01,3.73,2,3,3,3,4,3,2,4,3,2,3,3,3.083,0.833
239,prolific,United States,31,2,7,7,4,4.28,4.54,1.67,3.92,3.91,3.12,2,2,4,3,2,3,4,2,3,3,3,3,2.833,0.0
240,prolific,United States,30,4,6,6,4,4.59,4.69,3.39,3.64,3.43,4.38,4,2,4,5,5,3,2,4,4,5,1,5,4.333,-0.083
241,prolific,Canada,72,3,1,1,4,3.81,4.69,4.25,2.6,5.53,3.79,5,1,5,5,5,1,1,5,5,5,1,5,5.0,0.833
242,prolific,Canada,33,2,5,4,5,5.36,5.71,4.76,4.79,6.61,3.7,3,2,1,2,3,3,3,2,3,3,3,4,2.833,1.583
243,prolific,Canada,75,2,5,7,2,3.54,3.67,3.47,3.26,3.91,4.45,3,3,3,3,3,3,5,3,3,4,3,4,3.0,0.667
244,prolific,United States,19,2,5,3,3,4.87,4.31,2.51,3.82,5.42,3.6,4,3,5,4,5,2,2,5,4,4,1,3,4.167,0.917
245,prolific,Canada,34,2,6,5,2,4.67,4.66,5.95,2.99,3.7,1.56,3,1,5,4,3,1,3,2,4,4,2,4,3.833,0.667
246,prolific,Canada,22,2,1,3,3,4.28,4.53,4.38,3.67,4.48,2.87,4,1,5,5,4,1,2,5,5,5,1,5,4.75,0.167
247,prolific,Canada,70,4,2,4,5,4.57,4.59,3.35,3.23,5.21,4.3,5,1,5,5,3,1,2,5,5,5,2,5,4.667,0.083
248,prolific,Canada,56,3,4,5,5,4.57,3.23,3.09,3.47,4.82,5.39,1,3,2,3,2,4,5,1,3,2,5,1,1.833,0.5
249,prolific,Canada,36,3,5,3,4,4.18,3.16,3.13,3.25,4.55,3.05,2,3,2,2,2,3,2,2,4,2,3,3,2.667,0.0
250,prolific,United States,58,3,1,1,5,4.88,4.74,4.13,4.0,5.19,4.7,5,1,5,5,4,1,1,5,5,5,1,5,4.917,0.333
251,prolific,United States,25,2,6,4,2,4.09,3.71,5.17,3.3,4.14,2.95,3,2,3,5,3,4,3,3,3,4,2,3,3.333,0.0
252,prolific,Canada,54,2,5,4,4,4.56,3.68,3.07,3.15,4.73,4.51,3,2,3,2,3,4,4,2,4,2,3,2,2.667,0.75
253,prolific,United States,52,3,7,6,2,4.21,3.86,3.29,3.46,5.04,4.32,4,3,3,4,4,1,2,3,3,5,2,3,3.75,0.5
254,prolific,United States,32,4,5,4,4,2.39,2.72,1.91,3.79,2.79,2.91,4,4,4,3,3,2,3,3,3,3,3,5,3.333,0.0
255,prolific,United States,34,3,6,7,3,2.21,2.68,1.52,2.68,3.45,4.09,3,2,3,3,3,3,4,4,3,2,2,4,3.167,-0.333
256,prolific,Canada,36,3,3,5,5,5.1,6.25,4.31,3.27,5.01,4.1,3,3,3,3,3,3,3,4,4,4,3,2,3.167,0.833
257,prolific,Canada,19,3,4,5,5,5.01,4.76,4.48,2.89,3.19,5.13,1,3,1,3,2,3,5,2,3,4,4,2,2.25,0.75
258,prolific,Canada,28,4,3,3,3,3.85,3.59,2.7,3.39,2.64,3.56,4,3,3,4,4,2,3,4,3,3,3,4,3.5,0.5
259,prolific,Canada,59,4,5,3,4,5.08,5.8,4.36,4.28,3.51,6.55,4,2,4,2,2,2,3,3,3,3,2,3,3.25,0.917
260,prolific,Canada,46,2,6,4,2,4.29,4.21,3.27,4.59,5.27,3.59,2,2,2,4,4,2,2,3,4,3,3,2,3.25,0.75
261,prolific,Canada,71,3,3,1,4,4.37,3.91,3.57,2.92,2.88,3.75,4,3,2,3,4,3,2,3,4,3,4,3,3.167,0.75
262,prolific,United States,39,4,2,1,5,5.83,5.24,4.14,3.73,4.35,3.04,4,2,4,4,3,2,2,2,3,4,3,4,3.583,0.083
263,prolific,United States,64,3,3,3,5,4.01,4.26,2.11,3.66,3.92,2.15,3,3,4,2,4,3,3,3,3,3,2,5,3.333,0.0
264,prolific,Canada,27,2,3,4,3,4.1,3.57,3.8,3.47,6.06,1.98,4,4,3,4,2,3,3,3,4,4,3,2,3.083,0.917
265,prolific,Canada,39,4,5,5,4,3.77,3.24,3.93,4.3,2.93,3.18,2,3,3,2,1,5,5,1,2,3,5,3,1.917,-0.25
266,prolific,Canada,71,3,2,3,3,3.82,3.33,3.31,3.77,3.26,4.69,4,2,3,3,4,1,2,4,3,2,3,3,3.5,0.083
267,prolific,United States,65,3,7,7,3,5.1,4.7,3.77,3.28,4.11,1.95,4,3,3,3,5,3,3,3,4,4,4,2,3.25,0.417
268,prolific,United States,68,2,2,2,4,4.29,3.93,3.92,2.45,4.08,5.42,3,3,4,5,4,3,2,5,5,5,2,5,4.167,0.333
269,prolific,United States,52,4,5,7,4,3.86,3.24,1.84,2.26,2.68,4.19,5,1,5,5,5,1,1,5,5,5,1,5,5.0,1.083
270,prolific,Canada,42,3,5,5,2,3.19,2.08,2.42,3.38,3.62,4.4,4,3,4,2,3,2,3,3,4,3,3,4,3.333,0.833
271,prolific,Canada,68,2,6,5,3,2.98,2.86,3.78,3.21,4.57,3.74,3,3,3,3,5,1,2,4,5,3,3,4,3.75,0.833
272,prolific,United States,30,2,3,1,5,5.27,5.14,3.34,4.64,4.38,4.14,4,2,3,4,4,3,3,3,3,3,2,3,3.417,0.167
273,prolific,United States,51,3,4,4,4,4.45,4.34,3.18,3.93,4.58,2.69,2,4,2,2,2,4,3,2,2,2,5,2,2.0,1.0
274,prolific,United States,73,3,2,3,2,2.61,3.64,2.43,1.75,4.28,3.62,5,1,5,5,5,1,1,5,5,5,1,5,5.0,0.583
275,prolific,United States,59,3,3,2,2,3.34,3.71,4.36,2.07,5.2,4.35,4,2,4,3,3,3,2,4,5,4,3,4,3.75,0.417
276,prolific,Canada,55,2,5,7,2,4.05,4.06,3.17,2.36,3.58,2.18,3,4,3,2,3,2,4,2,1,3,4,1,2.333,0.333
277,prolific,Canada,62,2,1,2,5,2.48,2.9,2.08,1.7,3.17,5.16,3,2,4,3,3,2,2,2,3,3,2,4,3.417,0.167
278,prolific,Canada,68,2,1,1,3,2.84,3.16,1.86,2.72,3.15,4.78,4,2,5,4,2,3,1,4,4,2,2,4,3.75,-0.417
279,prolific,United States,39,4,5,4,2,3.19,1.7,1.95,3.97,4.42,4.4,4,2,2,5,4,4,2,3,3,4,3,4,3.5,1.083
280,prolific,Canada,42,2,6,7,4,3.52,3.77,2.43,2.63,2.53,2.13,5,2,5,4,4,2,2,4,4,5,1,4,4.333,-0.083
281,prolific,Canada,69,3,4,4,3,5.74,6.12,4.28,3.63,2.9,4.91,5,1,4,4,5,1,3,5,5,5,1,4,4.583,0.0
282,prolific,Canada,37,3,5,3,3,5.8,5.96,3.89,4.13,5.8,2.73,4,2,3,2,3,2,3,3,1,2,3,4,3.0,0.833
283,prolific,United States,56,4,6,4,4,5.59,5.19,3.68,3.76,4.76,3.85,2,1,3,3,3,2,3,4,4,3,2,3,3.417,0.833
284,prolific,Canada,67,3,6,4,4,4.08,3.94,3.64,2.41,4.84,4.88,3,3,3,4,3,2,3,3,2,3,3,3,3.083,-0.25
285,prolific,Canada,49,4,5,4,4,4.76,3.95,3.94,3.27,5.14,3.84,4,1,5,5,5,1,2,5,4,4,2,5,4.583,0.083
286,prolific,United States,23,2,5,7,3,3.82,3.87,2.09,3.5,3.95,4.69,4,2,4,4,4,2,2,4,3,3,2,5,3.917,0.0
287,prolific,Canada,47,3,4,4,4,3.75,3.14,3.76,3.74,3.81,3.76,4,2,3,4,3,3,2,2,4,4,3,2,3.333,0.25
288,prolific,United States,49,3,2,3,3,5.87,4.24,5.07,3.67,5.49,5.07,2,3,3,2,2,2,5,3,4,3,3,4,2.833,1.0
289,prolific,United States,37,3,3,5,2,4.55,5.21,5.29,4.05,3.82,4.38,4,3,4,4,3,5,4,2,2,3,5,2,2.583,0.917
290,prolific,Canada,47,4,4,6,4,3.42,2.64,1.95,3.21,4.1,4.33,4,2,3,3,3,1,3,4,4,5,3,3,3.667,0.5
291,prolific,Canada,39,3,5,5,4,2.68,3.98,3.13,2.28,5.52,2.57,4,2,5,5,3,2,1,5,5,4,1,5,4.5,0.75
292,prolific,Canada,38,2,3,1,3,3.0,2.82,3.47,3.02,3.68,4.75,3,1,3,5,5,2,2,5,4,4,1,4,4.25,-0.667
293,prolific,United States,33,2,6,5,3,4.04,3.99,2.88,2.39,4.18,3.62,5,1,5,4,3,4,3,4,4,3,1,3,3.833,0.417
294,prolific,Canada,39,4,3,3,3,2.45,2.03,2.15,2.15,2.91,4.32,1,4,2,2,2,3,4,2,3,2,5,1,1.917,-1.0
295,prolific,United States,48,3,7,6,5,2.86,2.83,4.2,4.19,5.01,3.98,3,2,3,4,3,2,3,3,3,4,3,2,3.25,0.833
296,prolific,United States,46,2,2,4,3,5.04,4.14,4.64,3.29,3.13,3.62,3,2,4,3,5,2,3,3,4,4,3,2,3.5,0.333
297,prolific,Canada,68,4,7,7,3,4.74,4.93,4.32,3.13,3.7,2.74,5,1,3,3,3,2,2,4,5,4,3,2,3.75,0.417
298,prolific,Canada,48,4,4,2,4,4.03,3.83,4.24,3.67,3.68,4.43,5,2,4,4,4,3,1,3,4,3,2,3,3.833,0.167
299,prolific,Canada,36,3,3,4,5,4.65,3.85,3.9,3.63,5.68,3.83,3,4,4,2,3,3,3,3,4,3,2,3,3.083,1.083
300,prolific,Canada,45,4,2,3,2,3.57,3.51,3.08,1.78,6.05,4.98,4,1,5,4,5,1,1,4,5,3,2,4,4.417,0.167
301,prolific,Canada,38,2,2,3,5,5.23,5.13,4.02,3.66,4.58,4.11,4,2,3,4,4,3,3,4,5,3,3,5,3.75,-0.333
302,prolific,Canada,45,4,4,3,4,5.16,5.53,6.23,3.4,4.57,2.91,5,1,4,5,4,2,2,5,3,4,2,4,4.25,1.333
303,prolific,Canada,35,4,6,4,5,5.77,5.79,4.77,4.78,3.79,2.3,4,3,4,4,4,3,3,3,2,3,2,3,3.333,1.083
304,prolific,United States,24,3,2,2,4,3.94,3.59,2.84,3.43,5.07,5.15,3,3,3,2,2,2,1,3,4,3,3,2,3.083,0.917
305,prolific,United States,73,4,3,1,4,4.47,3.84,2.75,3.1,5.47,3.83,3,2,3,4,2,2,4,2,3,3,2,4,3.167,1.167
306,prolific,Canada,21,2,4,3,4,4.74,4.39,3.29,3.68,3.23,5.78,3,3,1,3,1,4,2,2,5,3,3,3,2.75,0.833
307,prolific,United States,46,3,3,1,3,3.94,3.48,1.2,3.69,4.43,2.19,5,2,3,4,3,3,3,5,2,3,2,4,3.583,0.833
308,prolific,United States,40,4,4,4,2,4.89,4.8,5.04,2.92,5.18,3.92,4,4,4,4,2,2,2,4,4,3,3,2,3.333,-0.333
309,prolific,Canada,70,4,6,5,3,3.79,4.56,3.41,3.11,3.24,5.41,4,2,4,2,4,2,3,4,2,2,4,3,3.167,1.083
310,prolific,United States,36,2,1,1,2,5.66,5.23,4.09,3.53,4.26,3.99,5,1,5,5,5,1,1,5,5,4,1,5,4.917,0.0
311,prolific,Canada,39,4,3,4,2,3.44,3.19,2.19,4.01,3.55,3.55,4,2,4,3,4,3,2,2,3,3,3,3,3.333,-0.083
312,prolific,United States,31,4,3,5,4,3.62,3.41,2.48,3.8,3.62,4.55,4,2,3,3,1,3,3,3,3,2,3,2,2.833,0.5
313,prolific,Canada,53,2,5,4,2,4.4,4.41,3.41,2.69,3.66,4.03,3,1,5,5,4,1,3,3,4,5,2,4,4.167,0.25
314,prolific,United States,45,3,6,7,2,6.0,6.15,6.49,4.61,5.11,2.05,3,1,5,3,4,1,1,4,4,4,3,5,4.167,1.0
315,prolific,United States,22,4,1,1,4,4.87,5.12,4.93,2.96,5.43,3.92,2,3,4,4,3,3,4,4,3,2,3,3,3.0,0.833
316,prolific,Canada,25,3,4,2,5,3.41,3.99,4.32,3.32,3.67,4.46,3,4,3,2,2,4,4,2,3,4,4,3,2.5,0.083
317,prolific,Canada,18,3,1,1,5,2.9,2.71,3.19,3.56,3.18,3.75,3,3,3,2,2,5,4,3,4,3,4,3,2.583,1.333
318,prolific,United States,36,3,1,1,3,4.14,4.43,4.37,3.46,4.43,4.71,3,3,4,3,3,2,4,3,4,4,3,3,3.25,0.5
319,prolific,Canada,42,3,4,6,5,4.21,3.42,4.8,1.94,4.96,3.64,4,4,2,4,3,3,3,2,3,3,3,4,3.0,0.333
320,prolific,Canada,50,3,4,5,2,4.54,4.02,3.04,3.98,5.27,2.24,1,5,2,1,1,5,5,2,1,1,3,1,1.333,0.5
321,prolific,United States,37,2,5,4,3,5.66,5.15,3.05,4.12,5.01,2.61,2,4,3,2,4,1,2,4,2,3,3,4,3.167,0.75
322,prolific,Canada,70,3,3,5,3,1.61,1.84,1.35,2.1,2.1,4.59,2,4,3,2,2,4,3,2,2,4,4,3,2.417,-0.667
323,prolific,United States,75,3,6,4,4,5.75,6.43,5.03,4.72,4.16,1.67,2,5,2,2,4,3,2,1,2,3,4,3,2.417,1.417
324,prolific,Canada,30,3,3,4,4,4.75,3.7,3.97,3.65,4.92,3.06,3,3,3,4,3,3,2,4,3,3,4,2,3.083,0.167
325,prolific,Canada,46,4,5,4,3,5.74,5.66,4.48,5.0,5.1,3.06,4,1,4,3,5,1,3,5,4,5,1,5,4.417,0.0
326,prolific,United States,34,4,2,4,2,4.88,4.31,2.66,3.69,5.27,3.57,1,4,3,1,1,5,4,2,1,2,5,1,1.5,1.167
327,prolific,United States,37,4,5,4,5,4.27,4.33,4.78,3.31,3.69,3.98,3,2,4,4,4,3,2,3,3,4,1,4,3.75,0.417
328,prolific,United States,26,3,7,7,2,3.73,3.75,3.54,2.93,3.06,1.75,1,5,1,2,2,5,4,1,2,3,4,3,1.75,0.5
329,prolific,Canada,28,4,1,1,4,5.56,5.77,3.75,3.23,3.45,3.16,5,1,4,4,5,1,1,4,4,4,2,5,4.5,0.333
330,prolific,Canada,66,3,3,2,5,3.79,3.37,3.49,4.21,3.15,4.68,1,3,2,3,3,3,3,3,3,2,4,3,2.583,0.0
331,prolific,Canada,52,2,1,1,5,2.69,3.01,2.27,2.92,4.13,5.78,4,2,5,4,2,3,2,2,4,4,3,3,3.5,0.667
332,prolific,United States,49,2,5,7,3,5.1,5.01,4.16,3.71,4.55,4.61,4,4,3,4,4,2,3,4,3,2,4,3,3.167,0.75
333,prolific,Canada,68,2,7,7,5,4.34,3.89,4.07,3.7,4.32,3.94,4,2,4,5,4,2,1,3,5,3,2,4,4.083,1.083
334,prolific,Canada,49,2,2,3,3,5.71,4.3,5.62,2.68,3.9,4.33,3,3,4,3,4,2,1,5,5,4,2,4,4.0,-0.333
335,prolific,Canada,49,3,1,3,5,4.29,3.85,3.33,2.83,4.24,5.45,4,3,5,4,4,3,2,5,4,4,2,5,4.083,0.083
336,prolific,United States,72,2,3,3,4,4.18,3.55,5.23,2.82,4.24,3.06,4,3,3,3,2,4,4,4,3,2,4,3,2.75,0.333
337,prolific,Canada,63,2,1,2,4,2.68,2.92,2.8,2.96,2.84,4.05,4,2,4,5,4,1,1,4,5,4,2,3,4.25,0.667
338,prolific,United States,72,2,3,3,4,4.2,4.39,3.99,2.54,5.42,2.27,4,2,4,4,3,4,4,4,2,4,4,2,3.083,0.417
339,prolific,United States,44,2,6,7,3,5.89,5.84,3.48,4.87,4.59,4.33,3,3,3,5,4,4,3,4,4,3,2,5,3.583,0.667
340,prolific,United States,73,3,3,3,4,4.59,3.43,5.74,3.31,3.45,2.28,4,1,3,5,3,2,3,5,4,4,4,3,3.75,0.583
341,prolific,Canada,24,4,1,1,5,3.97,3.58,4.42,5.0,3.14,4.64,4,2,3,3,4,4,3,3,4,3,2,4,3.417,-0.083
342,prolific,Canada,24,4,1,1,5,3.49,3.01,1.27,3.56,2.38,3.22,2,2,2,3,2,2,3,2,4,4,3,3,3.0,-0.5
343,prolific,Canada,71,4,2,4,5,3.74,3.3,2.32,3.03,5.54,4.06,4,1,4,5,5,1,1,2,5,5,1,5,4.583,1.083
344,prolific,United States,37,4,6,7,3,4.07,4.91,4.02,3.32,4.18,4.47,5,2,4,3,4,3,2,3,4,4,3,3,3.667,0.167
345,prolific,Canada,66,4,4,4,4,4.12,3.68,3.47,3.43,4.57,4.2,4,2,4,2,4,1,1,3,4,4,4,5,3.833,0.167
346,prolific,Canada,57,3,1,1,2,3.84,3.57,2.13,3.6,4.56,2.96,2,2,4,3,2,3,3,3,3,3,4,3,2.917,0.417
347,prolific,Canada,43,4,1,1,4,4.15,4.27,4.26,3.05,3.75,4.59,4,3,4,4,4,2,3,3,3,4,2,5,3.75,0.75
348,prolific,United States,68,4,3,4,3,4.07,3.83,4.12,3.54,4.46,3.61,3,4,3,3,2,4,4,3,5,4,3,3,2.917,1.0
349,prolific,Canada,55,3,1,1,3,4.99,4.59,3.79,4.51,4.95,4.3,3,2,2,4,4,2,4,4,4,5,4,2,3.333,0.667
350,prolific,Canada,35,2,6,5,3,5.22,4.33,5.01,2.34,4.2,4.31,3,3,2,4,3,3,5,3,4,3,2,3,3.0,0.667
351,prolific,United States,32,3,1,3,5,3.35,3.0,3.87,3.93,4.27,2.67,3,3,1,2,3,4,3,2,1,3,3,2,2.333,0.417
352,prolific,Canada,53,4,3,4,4,3.3,4.65,2.64,2.9,4.74,4.05,5,1,5,4,5,1,2,5,5,4,1,4,4.667,0.0
353,prolific,United States,66,3,7,7,5,3.42,2.8,3.88,3.41,4.31,2.91,3,3,4,3,3,4,2,4,4,5,3,4,3.5,0.0
354,prolific,United States,65,4,1,1,3,1.86,2.4,2.5,2.78,3.93,3.84,5,1,5,5,5,1,1,3,4,5,1,5,4.75,0.417
355,prolific,United States,63,4,6,4,5,5.73,5.51,5.36,3.98,6.01,4.76,5,1,5,2,4,1,2,5,5,3,2,5,4.333,0.333
356,prolific,United States,37,2,6,7,4,4.51,4.57,2.15,4.77,4.2,4.06,2,5,2,2,1,5,3,2,1,3,5,3,1.833,1.333
357,prolific,Canada,60,3,5,6,2,4.4,3.92,4.2,5.0,2.7,2.72,5,2,4,5,4,3,1,3,4,3,3,5,4.0,0.583
358,prolific,United States,44,4,1,1,2,4.66,4.25,2.93,3.18,2.93,3.47,3,3,2,4,5,3,4,2,3,4,2,2,3.083,0.5
359,prolific,Canada,74,3,1,1,4,4.05,3.58,1.19,3.25,4.14,3.95,5,1,3,5,4,1,1,5,4,5,1,5,4.667,0.25
360,prolific,Canada,65,3,5,4,4,4.14,4.22,3.73,3.05,4.01,4.73,5,1,5,4,4,2,1,4,3,5,2,4,4.333,0.583
361,prolific,Canada,66,2,1,1,4,3.3,3.95,2.07,3.13,4.5,3.06,5,1,5,5,4,1,1,5,4,5,2,5,4.75,0.917
362,prolific,United States,54,3,3,5,4,4.4,3.46,3.93,2.52,5.24,2.99,3,2,4,3,4,1,3,5,4,5,2,3,3.917,0.75
363,prolific,Canada,39,4,6,7,4,5.09,5.2,4.3,4.81,4.31,3.32,4,2,2,4,4,3,2,3,3,4,3,3,3.417,0.5
364,prolific,Canada,24,3,1,2,3,2.41,2.37,1.66,3.81,3.6,3.32,4,2,4,3,3,2,3,4,3,5,3,3,3.583,0.25
365,prolific,United States,18,4,4,4,2,3.6,3.1,2.54,3.09,4.28,2.79,3,3,3,3,2,3,4,3,3,1,3,4,2.75,0.583
366,prolific,Canada,27,3,4,2,5,3.13,2.76,3.58,3.68,4.05,2.87,4,2,5,4,4,2,1,3,5,4,1,4,4.25,0.583
367,prolific,Canada,47,4,6,4,4,5.14,5.76,4.21,3.66,5.31,5.55,3,2,3,3,5,1,2,2,4,4,2,4,3.75,0.667
368,prolific,Canada,72,2,3,4,2,3.84,2.28,2.45,3.42,4.58,6.64,3,3,2,4,3,3,3,3,3,3,3,3,3.0,0.083
369,prolific,United States,44,4,4,3,5,4.36,4.32,2.6,4.19,5.11,3.6,2,5,2,1,2,3,4,1,3,4,4,3,2.167,1.417
370,prolific,Canada,74,3,3,2,5,2.99,3.21,4.02,3.69,4.52,4.07,4,4,5,3,4,3,1,4,5,4,2,3,3.833,0.0
371,prolific,United States,24,4,4,6,3,3.1,3.52,2.65,1.68,5.24,5.07,3,3,4,3,4,3,3,3,3,3,3,3,3.167,1.0
372,prolific,Canada,19,2,2,1,2,5.64,4.46,2.81,3.43,5.07,3.2,4,3,5,4,2,3,2,3,4,3,2,4,3.583,0.583
373,prolific,Canada,66,4,3,5,4,3.54,3.41,3.88,2.96,3.53,3.73,5,2,4,5,4,2,2,4,4,5,1,4,4.333,1.333
374,prolific,Canada,50,3,5,3,5,6.16,5.74,4.95,3.92,5.01,3.15,4,3,3,3,4,4,3,3,3,4,5,3,3.0,0.833
375,prolific,United States,27,4,2,4,3,4.8,4.07,3.19,2.9,2.89,3.24,3,1,3,4,4,2,2,4,3,4,1,3,3.833,0.083
