participant,arm,stream,issue,wisdom,pre_prism,post_prism,pre_ap,post_ap,manipulation_check,words
1,wise,university,content_moderation,3.62,3.67,4.62,4.8,4.43,5,462
2,wise,prolific,climate,2.77,3.64,2.05,4.6,4.71,5,309
3,parasocial,university,immigration,2.77,3.33,2.72,3.73,4.07,4,468
4,parasocial,university,climate,3.57,3.01,4.13,4.43,5.22,4,282
5,parasocial,prolific,climate,4.44,3.04,3.25,4.03,4.49,5,645
6,observer,prolific,content_moderation,2.98,6.31,6.02,5.21,4.72,6,588
7,parasocial,prolific,taxation,2.78,4.34,3.76,5.64,5.43,3,675
8,wise,prolific,content_moderation,3.82,3.89,3.22,3.38,3.24,6,264
9,observer,prolific,climate,3.8,3.45,4.15,3.41,2.57,5,690
10,wise,prolific,climate,4.09,2.45,2.25,1.81,2.81,6,327
11,wise,university,immigration,4.47,4.08,4.17,3.27,3.14,6,333
12,observer,university,immigration,3.21,3.34,3.59,4.53,4.59,3,537
13,observer,university,climate,3.0,5.75,4.79,5.54,5.29,5,774
14,observer,university,taxation,2.29,4.86,3.02,4.97,4.72,4,252
15,observer,prolific,climate,3.57,3.4,4.39,4.63,5.48,6,561
16,observer,university,immigration,3.3,2.01,2.81,3.41,3.96,4,408
17,observer,university,taxation,3.49,3.54,3.04,4.31,4.9,6,273
18,wise,university,taxation,3.15,3.29,4.0,5.24,4.29,4,294
19,observer,university,taxation,3.99,4.77,4.14,5.03,4.62,6,729
20,wise,prolific,climate,2.67,3.49,3.42,3.79,4.21,2,642
21,parasocial,prolific,climate,2.38,3.75,3.82,4.76,4.28,5,387
22,observer,university,immigration,3.12,3.24,2.95,3.84,4.19,4,375
23,observer,prolific,content_moderation,3.22,5.67,6.35,5.11,5.66,6,255
24,wise,university,content_moderation,3.35,3.63,2.81,3.19,3.62,6,423
25,wise,prolific,climate,3.43,2.9,3.17,4.5,3.86,4,687
26,wise,prolific,taxation,3.91,3.3,2.15,5.27,4.94,4,429
27,observer,university,immigration,4.14,4.83,4.14,3.76,4.36,6,342
28,observer,prolific,immigration,2.75,3.88,1.52,3.67,3.5,6,237
29,wise,university,content_moderation,3.05,5.53,3.83,5.21,5.41,5,411
30,wise,university,immigration,4.14,6.52,4.72,4.83,4.41,5,732
31,observer,university,climate,3.8,4.27,4.63,3.33,4.78,7,654
32,parasocial,prolific,climate,1.68,5.37,3.7,6.28,5.59,6,468
33,wise,university,immigration,2.87,2.49,2.3,4.57,4.12,4,243
34,wise,prolific,climate,3.86,4.2,4.67,3.04,2.78,4,726
35,parasocial,university,immigration,2.88,4.01,3.41,4.59,4.86,4,255
36,observer,prolific,immigration,3.75,2.3,2.42,4.89,4.8,4,639
37,observer,university,climate,3.14,4.23,4.31,1.53,2.4,5,552
38,parasocial,prolific,immigration,2.74,3.14,2.98,3.97,3.56,3,501
39,wise,university,climate,3.07,2.58,2.04,3.77,3.53,4,243
40,observer,university,taxation,3.58,3.72,3.32,3.89,3.48,2,279
41,wise,prolific,climate,3.4,4.17,4.54,4.57,4.02,5,483
42,observer,prolific,immigration,3.77,5.87,5.48,3.48,4.0,4,288
43,parasocial,university,taxation,2.23,3.49,3.1,4.06,4.26,2,654
44,wise,prolific,climate,3.81,5.12,4.37,5.11,5.21,5,264
45,observer,university,content_moderation,3.08,5.62,6.26,5.55,5.65,6,672
46,wise,prolific,immigration,3.06,4.77,5.4,6.1,4.99,6,747
47,parasocial,prolific,climate,3.71,5.31,5.91,3.67,4.27,5,681
48,parasocial,prolific,taxation,3.92,3.22,3.9,4.05,3.02,7,669
49,observer,university,content_moderation,2.76,5.19,4.27,4.7,5.08,3,339
50,parasocial,university,climate,3.85,4.8,5.28,4.27,5.51,4,633
51,observer,prolific,immigration,4.46,3.75,4.46,3.77,3.99,4,672
52,parasocial,prolific,immigration,3.54,2.85,3.07,2.82,3.06,4,381
53,observer,prolific,immigration,2.91,4.02,4.28,2.77,2.43,7,321
54,parasocial,prolific,climate,2.54,4.97,4.7,5.33,5.84,5,522
55,wise,prolific,content_moderation,2.54,4.13,4.59,3.23,3.47,4,756
56,observer,prolific,immigration,2.93,4.16,4.33,4.86,5.29,2,702
57,wise,university,content_moderation,3.14,5.42,5.2,4.24,3.33,4,405
58,parasocial,university,content_moderation,2.74,2.74,4.17,2.45,3.61,5,654
59,observer,prolific,content_moderation,3.8,4.71,4.5,2.92,3.06,4,747
60,parasocial,prolific,climate,2.94,4.47,4.12,2.14,2.73,7,555
61,wise,prolific,content_moderation,3.61,3.9,4.29,5.49,5.26,5,762
62,parasocial,prolific,climate,2.5,3.94,3.8,4.11,4.23,5,279
63,parasocial,prolific,content_moderation,3.75,4.19,4.59,3.12,3.23,4,318
64,wise,prolific,climate,2.83,4.93,4.12,4.14,4.35,7,294
65,wise,university,climate,5.0,4.56,3.1,4.75,4.68,3,621
66,parasocial,prolific,taxation,3.7,5.23,5.73,4.86,5.52,3,543
67,parasocial,prolific,content_moderation,3.35,3.2,4.0,3.54,4.87,3,384
68,observer,university,immigration,3.51,5.24,4.88,3.65,3.34,5,525
69,wise,university,climate,3.33,4.61,3.54,4.72,4.31,6,240
70,parasocial,prolific,climate,3.98,4.99,5.17,2.76,3.55,6,267
71,wise,university,immigration,3.69,3.23,3.19,5.52,4.25,5,765
72,observer,prolific,climate,3.39,3.32,2.46,3.88,3.76,6,495
73,wise,university,immigration,3.26,4.68,3.51,4.55,5.57,4,249
74,observer,university,content_moderation,3.67,3.0,3.7,2.91,3.94,5,324
75,observer,university,content_moderation,3.8,3.3,3.48,4.92,5.03,6,294
76,wise,university,immigration,3.24,5.28,4.24,5.26,4.81,6,633
77,parasocial,prolific,climate,2.71,3.84,4.13,5.34,5.78,7,720
78,parasocial,prolific,content_moderation,2.99,4.71,5.0,4.48,5.25,5,762
79,wise,prolific,content_moderation,3.42,3.68,3.01,4.4,4.51,2,237
80,parasocial,university,immigration,3.1,3.09,2.79,4.84,4.83,4,738
81,parasocial,university,content_moderation,2.45,4.87,3.96,4.55,4.4,5,462
82,wise,university,taxation,3.74,4.3,4.21,4.4,4.01,4,723
83,observer,university,climate,3.62,3.47,3.6,5.08,5.71,4,390
84,observer,prolific,taxation,2.43,3.98,4.8,4.97,4.09,5,600
85,wise,prolific,immigration,3.2,3.17,2.67,3.53,3.13,7,570
86,wise,university,climate,2.97,5.3,6.54,3.65,3.62,6,258
87,parasocial,prolific,immigration,2.11,4.61,5.11,5.36,5.06,4,543
88,wise,prolific,immigration,4.35,4.22,2.62,4.15,3.78,5,408
89,parasocial,university,immigration,3.32,2.71,2.76,5.52,5.36,4,480
90,parasocial,university,climate,3.28,4.52,4.72,5.5,6.06,7,729
91,observer,university,taxation,3.64,5.39,4.52,5.68,4.34,6,693
92,observer,university,content_moderation,4.68,6.05,4.5,5.39,5.84,6,375
93,wise,university,content_moderation,2.61,3.59,4.61,4.72,4.47,4,255
94,wise,prolific,immigration,3.47,3.7,3.08,3.97,4.26,3,636
95,parasocial,prolific,taxation,3.88,4.35,4.4,5.55,6.15,2,288
96,wise,prolific,content_moderation,3.75,3.08,2.96,3.47,2.75,3,348
97,wise,prolific,taxation,2.66,4.26,4.2,5.14,5.4,4,597
98,observer,prolific,immigration,3.91,4.49,4.4,4.1,3.65,4,237
99,observer,university,taxation,3.72,4.32,4.56,5.31,6.16,5,699
100,parasocial,prolific,climate,3.52,5.16,3.89,3.36,2.62,4,537
101,observer,prolific,content_moderation,4.03,4.87,5.25,3.95,4.42,4,339
102,parasocial,prolific,content_moderation,3.28,2.87,3.25,3.41,3.11,6,621
103,observer,prolific,content_moderation,3.15,2.39,1.75,4.31,5.01,6,615
104,parasocial,prolific,taxation,2.53,4.02,4.11,4.24,5.25,5,459
105,observer,university,immigration,2.41,4.75,4.72,5.96,5.57,5,678
106,observer,prolific,immigration,2.96,6.1,6.09,5.55,5.5,6,576
107,observer,prolific,taxation,3.59,5.31,5.99,5.32,4.85,7,504
108,parasocial,prolific,taxation,3.24,4.65,4.46,6.46,5.22,7,642
109,wise,university,immigration,3.29,3.8,3.6,3.48,3.91,4,597
110,parasocial,prolific,climate,3.11,3.39,4.33,2.04,2.5,4,666
111,observer,prolific,content_moderation,4.09,4.48,4.37,2.43,2.51,6,282
112,parasocial,university,climate,4.22,2.75,3.15,3.6,3.84,7,276
113,observer,prolific,climate,3.37,5.4,4.82,4.48,4.69,5,771
114,observer,university,content_moderation,3.07,5.26,5.04,3.63,5.16,4,384
115,wise,prolific,content_moderation,3.51,4.55,4.52,3.65,3.65,6,759
116,wise,university,climate,3.25,4.51,4.15,3.9,4.49,5,768
117,observer,prolific,taxation,3.38,2.73,3.84,4.45,4.23,4,366
118,parasocial,prolific,immigration,3.71,6.19,6.13,4.6,4.63,4,678
119,wise,university,climate,3.75,3.75,5.2,4.26,4.61,3,420
120,wise,prolific,immigration,3.24,4.4,2.54,1.98,1.46,4,555
121,wise,prolific,taxation,3.14,2.77,4.03,3.26,3.69,3,549
122,parasocial,prolific,climate,4.08,4.29,3.43,4.96,3.81,5,699
123,wise,prolific,immigration,3.69,5.12,4.46,5.5,4.6,4,483
124,parasocial,university,immigration,4.85,4.57,3.53,5.55,4.98,6,375
125,wise,prolific,content_moderation,3.4,3.35,4.03,4.47,3.49,6,246
126,parasocial,university,content_moderation,2.82,3.01,4.08,3.8,3.62,6,594
127,parasocial,university,content_moderation,3.01,4.15,2.4,4.87,5.37,4,648
128,parasocial,prolific,climate,2.16,4.97,3.54,4.51,5.38,4,369
129,observer,university,content_moderation,3.6,4.45,4.85,2.63,3.46,3,729
130,parasocial,prolific,immigration,3.36,5.21,4.64,6.46,6.66,5,528
131,parasocial,university,immigration,2.0,3.78,4.04,1.53,2.2,6,522
132,observer,prolific,taxation,3.1,6.52,5.67,4.52,4.65,5,456
133,parasocial,university,immigration,4.44,3.6,4.38,4.11,4.74,4,537
134,parasocial,university,taxation,2.98,3.91,3.55,4.28,4.43,5,573
135,wise,prolific,climate,3.87,5.12,3.73,4.64,4.08,5,255
136,wise,prolific,content_moderation,3.58,3.04,2.71,4.6,3.72,3,303
137,parasocial,prolific,immigration,3.74,3.86,4.86,5.05,5.35,4,363
