participant,group,figure_position,commitments_survived
1,maintained,helper,
2,breakup,opponent,1.0
3,maintained,helper,
4,maintained,helper,
5,maintained,subject,
6,maintained,helper,
7,breakup,opponent,1.0
8,breakup,opponent,1.0
9,breakup,helper,0.0
10,breakup,subject,0.0
11,maintained,subject,
12,maintained,subject,
13,breakup,opponent,1.0
14,maintained,helper,
15,breakup,helper,0.0
16,maintained,helper,
17,breakup,helper,0.0
18,breakup,opponent,1.0
19,maintained,subject,
20,breakup,opponent,1.0
21,maintained,helper,
22,maintained,subject,
23,maintained,helper,
24,breakup,opponent,1.0
25,breakup,opponent,1.0
26,maintained,helper,
27,breakup,opponent,1.0
28,breakup,opponent,1.0
29,maintained,helper,
30,breakup,opponent,1.0
