id,wellbeing,stress,support,sleep,age,burnout,true_profile
1,2.0,6.55,2.0,2.6,21,3.39,3
2,3.16,5.15,2.48,2.14,40,3.34,3
3,3.71,4.43,3.73,5.17,45,3.5,2
4,3.47,4.63,2.8,2.33,57,5.35,3
5,2.85,6.46,3.13,2.37,62,4.4,3
6,2.72,4.66,3.91,2.7,27,4.37,3
7,2.93,4.97,3.07,3.01,35,2.99,3
8,5.66,2.01,5.18,4.74,46,1.49,1
9,3.99,4.52,3.71,4.53,35,3.54,2
10,6.95,2.3,5.34,3.64,25,1.69,1
11,5.88,2.95,4.69,4.2,61,0.78,1
12,4.38,4.74,4.05,3.25,56,2.09,2
13,3.61,4.72,4.34,4.03,53,2.77,2
14,1.85,6.05,2.06,2.31,62,6.14,3
15,2.48,6.57,2.89,3.25,51,4.05,3
16,3.58,2.13,4.62,4.77,50,2.62,1
17,1.68,4.39,2.9,3.92,21,3.68,3
18,4.74,2.34,5.55,5.09,54,3.09,1
19,6.28,3.75,4.75,3.95,37,1.7,1
20,4.36,3.87,5.07,3.02,47,3.11,2
21,6.22,2.08,6.45,4.59,45,1.3,1
22,7.0,3.14,4.95,5.23,57,3.75,1
23,5.4,2.62,5.69,4.91,47,1.43,1
24,3.33,6.51,4.64,3.63,54,6.45,3
25,6.27,2.95,6.34,4.39,25,2.02,1
26,5.0,4.45,3.31,3.89,64,2.25,2
27,1.67,5.28,3.1,3.79,44,4.39,3
28,4.1,3.9,5.35,3.97,59,3.13,2
29,4.82,5.05,3.88,3.66,64,2.29,2
30,4.54,2.02,6.03,6.03,36,2.91,1
31,3.06,5.85,3.49,3.12,28,4.78,3
32,4.33,3.42,3.36,3.26,21,1.93,2
33,5.05,1.84,5.97,5.77,62,3.08,1
34,2.42,3.44,3.51,3.73,54,2.73,2
35,1.97,6.25,3.3,3.05,42,5.61,3
36,5.94,4.16,6.13,5.95,59,2.07,1
37,3.06,3.67,3.96,4.45,37,2.97,2
38,2.72,4.16,4.75,5.67,39,3.11,2
39,4.6,2.12,4.65,4.96,50,1.81,1
40,2.1,5.64,4.75,1.97,58,5.07,3
41,3.83,5.0,2.81,4.92,24,3.52,2
42,5.56,1.37,5.2,5.36,39,2.94,1
43,5.02,4.31,5.53,6.36,47,2.63,1
44,6.07,2.22,6.99,5.18,39,3.23,1
45,6.11,1.76,5.11,3.82,28,2.04,1
46,5.63,2.96,5.08,5.44,53,1.41,1
47,4.54,2.59,5.32,6.33,40,1.57,1
48,3.38,6.41,1.82,1.52,25,4.03,3
49,3.87,3.97,4.53,4.22,56,2.58,2
50,5.17,1.95,5.98,5.06,26,2.65,1
51,2.05,5.27,1.72,3.32,34,4.19,3
52,4.83,3.74,6.45,4.08,32,2.3,1
53,4.82,3.61,3.39,4.38,56,3.52,2
54,2.42,7.0,2.2,2.48,38,5.15,3
55,3.88,3.56,4.75,4.97,18,1.89,2
56,3.52,3.56,3.52,3.1,40,2.88,2
57,5.68,2.34,5.58,5.58,31,3.75,1
58,4.07,1.66,4.91,4.26,24,1.82,1
59,5.62,3.07,5.79,4.88,20,2.28,1
60,2.78,6.3,1.47,1.78,29,4.89,3
61,4.28,3.36,3.67,4.5,46,5.17,2
62,6.71,2.1,5.48,4.21,44,1.9,1
63,5.49,2.85,6.0,4.86,39,1.8,1
64,6.57,3.64,5.35,4.48,45,1.5,1
65,6.51,2.7,5.48,5.34,31,2.41,1
66,5.34,4.42,3.14,3.84,44,1.96,2
67,4.84,1.77,5.92,4.38,59,2.31,1
68,3.41,4.21,5.23,3.56,38,3.24,2
69,5.04,3.68,5.07,4.31,33,2.06,1
70,5.36,2.96,5.14,5.1,38,1.59,1
71,5.95,2.98,4.55,3.51,40,2.35,1
72,5.01,2.5,3.63,4.68,59,3.25,2
73,2.94,3.56,2.77,4.54,53,3.57,2
74,5.92,2.8,4.6,4.23,47,2.09,1
75,2.94,5.76,2.69,3.64,45,5.28,3
76,1.32,5.17,2.79,2.83,62,4.73,3
77,4.31,3.77,4.61,4.43,25,0.93,2
78,4.13,2.83,4.32,3.93,29,2.14,2
79,5.03,2.13,4.8,4.76,22,0.94,1
80,5.01,2.0,6.57,4.4,35,2.65,1
81,2.77,4.24,3.48,3.68,42,3.44,2
82,4.61,4.79,4.27,2.95,38,3.61,2
83,3.66,3.85,4.88,3.5,48,3.71,2
84,4.13,3.71,4.96,3.32,59,2.02,2
85,2.56,4.7,3.59,3.86,39,5.08,3
86,4.17,2.25,5.01,6.42,49,1.0,1
87,5.65,2.1,5.78,5.83,24,1.97,1
88,6.17,2.56,4.92,4.08,21,2.26,1
89,2.5,6.14,3.12,2.18,59,4.49,3
90,5.01,2.96,6.16,5.7,49,2.85,1
91,1.75,5.02,1.73,3.16,52,3.31,3
92,3.61,5.07,3.18,3.17,55,2.08,2
93,3.46,5.53,4.02,3.94,41,3.48,2
94,4.62,2.48,5.02,5.01,39,0.14,1
95,3.52,4.9,3.1,5.34,64,2.61,2
96,6.49,2.12,5.26,4.68,45,0.9,1
97,2.02,5.17,3.91,4.14,45,4.3,3
98,5.24,2.58,4.98,5.0,46,2.82,1
99,2.66,4.8,3.0,3.23,64,3.84,3
100,2.93,4.37,3.19,3.81,18,3.15,2
101,5.93,2.82,4.66,6.14,62,1.68,1
102,5.11,2.37,5.55,5.13,64,1.21,1
103,1.96,5.66,4.08,2.03,19,4.15,3
104,3.34,3.32,3.13,3.83,41,4.0,2
105,5.9,2.52,5.25,5.22,47,1.27,1
106,6.3,2.09,4.92,5.87,29,1.26,1
107,1.77,5.76,3.94,2.24,41,5.84,3
108,4.61,2.89,5.88,5.43,57,2.39,2
109,4.48,2.93,2.47,5.52,34,2.83,2
110,3.26,4.17,3.28,3.17,63,3.62,2
111,6.84,2.14,5.64,4.17,20,2.81,1
112,3.93,4.65,3.9,3.55,47,3.49,2
113,4.34,4.44,3.64,4.16,47,2.45,2
114,2.07,6.21,2.74,1.0,36,4.3,3
115,4.36,4.26,3.93,4.38,64,3.87,2
116,4.54,4.51,3.2,4.49,19,2.33,2
117,7.0,2.76,4.82,5.02,38,2.7,1
118,5.47,3.02,5.56,4.32,45,3.12,1
119,6.29,4.1,5.49,4.34,32,2.23,1
120,6.05,3.11,6.71,4.76,58,0.67,1
121,5.0,3.48,4.29,3.02,36,4.48,2
122,5.49,2.3,5.86,3.69,29,1.96,1
123,2.81,4.15,4.04,4.35,33,2.87,2
124,1.29,6.08,3.38,2.61,46,5.73,3
125,4.11,4.05,2.84,3.51,36,2.86,2
126,4.17,3.76,5.01,4.06,42,3.26,2
127,5.68,3.21,5.2,6.17,25,2.53,1
128,3.95,3.52,3.88,5.09,42,3.87,2
129,4.96,4.68,3.65,4.26,51,2.43,2
130,2.67,6.47,2.56,3.35,36,3.8,3
131,3.4,4.89,4.31,3.51,33,3.08,2
132,3.4,5.31,4.06,2.73,26,2.74,3
133,5.52,2.19,5.8,4.71,18,2.92,1
134,4.38,2.86,5.11,4.93,36,2.39,1
135,4.13,3.45,2.38,3.83,59,1.67,2
136,3.79,4.06,3.7,3.71,65,3.53,2
137,5.95,1.47,5.79,5.54,52,1.33,1
138,5.21,2.99,6.98,4.57,24,2.97,1
139,3.27,5.62,2.94,3.44,53,3.38,3
140,6.12,2.46,4.69,3.38,31,2.72,1
141,2.66,6.25,2.44,2.98,51,4.42,3
142,5.59,2.29,6.12,5.45,52,1.42,1
143,4.42,3.62,5.59,5.38,64,3.65,1
144,5.34,2.05,5.68,5.19,65,1.63,1
145,3.87,4.26,4.26,4.53,59,3.95,2
146,6.63,2.6,4.81,4.02,28,1.29,1
147,1.73,4.52,2.99,2.66,23,4.8,3
148,5.69,3.39,5.08,5.11,65,2.21,1
149,4.77,2.2,6.04,4.51,62,2.01,1
150,2.91,5.58,2.8,4.01,58,3.6,3
151,6.64,3.39,3.51,4.81,59,2.23,1
152,5.4,2.12,4.95,4.26,39,1.39,1
153,5.39,4.26,5.99,5.8,20,2.8,1
154,5.99,2.18,4.78,4.36,29,1.74,1
155,4.03,4.06,3.32,3.23,18,3.48,2
156,4.93,2.03,6.29,4.94,29,0.38,1
157,5.32,2.7,4.85,5.45,52,3.22,1
158,3.71,2.69,5.62,5.0,48,1.55,1
159,2.39,5.01,2.76,2.95,28,4.72,3
160,4.9,1.79,4.54,6.21,22,3.56,1
161,2.89,6.39,2.9,2.97,28,4.95,3
162,5.16,1.99,5.41,6.19,61,1.38,1
163,6.62,1.76,6.75,5.47,25,1.74,1
164,4.0,3.88,4.24,3.22,61,3.27,2
165,5.36,1.51,5.15,4.64,42,2.35,1
166,4.55,5.55,4.9,3.58,20,4.77,3
167,5.53,2.67,5.07,5.02,30,2.87,1
168,2.61,4.25,2.96,5.37,62,3.5,2
169,3.72,4.41,3.61,1.75,34,5.17,3
170,4.84,4.16,4.16,4.31,55,4.68,2
171,3.14,2.72,3.71,4.4,50,3.04,2
172,4.88,1.65,5.68,4.85,31,0.99,1
173,4.95,2.54,5.31,5.05,31,2.1,1
174,5.82,2.06,6.24,4.31,53,1.77,1
175,5.05,1.92,4.82,6.0,38,2.46,1
176,4.61,1.21,4.65,6.29,25,2.36,1
177,4.52,3.3,5.55,5.08,25,1.63,1
178,2.84,6.37,3.03,2.36,48,4.74,3
179,6.16,2.34,4.3,3.81,26,3.64,1
180,7.0,1.1,5.7,4.84,51,2.1,1
181,4.53,5.79,5.16,2.96,51,2.9,2
182,2.16,6.28,2.96,1.63,32,4.11,3
183,4.92,1.0,5.25,4.57,42,3.16,1
184,3.9,3.9,3.85,4.57,41,2.76,2
185,6.64,2.66,6.64,4.77,53,2.79,1
186,6.05,2.57,5.42,3.95,51,1.22,1
187,3.07,2.89,5.45,4.98,35,2.97,2
188,4.27,4.31,4.91,3.06,28,1.97,2
189,4.0,3.15,3.46,4.01,40,2.1,2
190,6.59,2.84,4.99,5.92,33,1.37,1
191,4.85,2.8,5.36,3.73,45,2.02,1
192,5.03,4.27,3.54,3.71,32,1.46,2
193,3.57,4.98,5.47,2.9,32,2.11,2
194,3.45,4.22,4.28,4.15,54,3.31,2
195,4.06,4.24,4.69,2.54,65,4.08,2
196,5.25,2.71,5.07,4.79,28,2.49,1
197,5.24,2.74,5.35,4.57,60,2.64,1
198,2.38,5.76,2.67,1.91,18,3.99,3
199,5.42,1.67,5.71,4.4,23,2.19,1
200,5.37,1.87,5.5,5.47,20,2.93,1
201,5.29,1.96,4.53,4.75,54,2.15,1
202,6.0,2.28,5.14,4.85,47,2.26,1
203,3.57,4.83,5.36,4.54,40,2.34,2
204,3.63,6.16,3.63,2.06,25,5.0,3
205,4.8,3.32,5.19,4.43,24,0.69,1
206,3.93,3.53,2.91,2.93,55,3.02,2
207,4.65,4.12,4.0,4.11,61,4.78,2
208,5.07,2.01,5.09,4.54,31,2.6,1
209,2.02,6.12,2.71,2.57,25,4.36,3
210,3.69,5.88,3.93,3.09,47,5.36,3
211,4.02,4.15,4.07,3.39,30,2.07,2
212,1.32,5.25,3.07,2.83,30,3.89,3
213,4.48,1.85,5.38,3.77,54,1.74,1
214,6.12,1.47,4.74,4.44,38,2.71,1
215,5.81,2.96,5.34,5.2,29,3.48,1
216,5.53,2.55,5.69,4.93,39,2.1,1
217,5.59,2.66,6.2,5.05,32,1.02,1
218,3.41,3.69,3.75,4.27,33,4.08,2
219,3.93,3.93,4.67,3.97,45,3.06,2
220,4.03,1.89,5.35,5.02,24,0.42,1
221,4.88,1.45,6.13,4.72,26,2.02,1
222,7.0,2.12,5.24,5.07,33,1.64,1
223,3.62,3.7,3.25,4.57,65,4.27,2
224,5.12,2.86,6.21,4.57,58,1.94,1
225,6.59,2.61,5.59,5.25,58,1.88,1
226,3.43,4.62,4.38,2.84,61,3.45,2
227,4.77,2.04,5.79,4.23,51,1.57,1
228,5.32,2.29,5.82,5.12,64,1.29,1
229,6.01,1.96,4.71,4.26,49,2.16,1
230,4.38,3.3,3.64,3.21,62,4.21,2
231,3.3,5.2,3.08,2.45,31,6.22,3
232,6.22,3.11,5.99,4.87,57,2.19,1
233,4.7,2.12,5.95,4.39,42,1.03,1
234,4.68,3.1,5.04,3.98,46,1.6,1
235,2.02,5.74,2.94,1.62,34,5.02,3
236,5.51,2.21,6.11,4.38,63,1.4,1
237,5.52,2.43,5.38,6.66,43,1.58,1
238,5.15,1.31,4.95,5.02,58,2.04,1
239,6.54,2.13,5.51,4.64,33,2.28,1
240,7.0,3.42,4.56,3.18,21,1.1,1
241,5.48,2.5,5.79,5.14,62,2.8,1
242,3.13,2.26,4.66,5.28,29,1.9,2
243,4.64,1.07,6.5,5.21,47,3.4,1
244,5.33,1.85,6.26,5.0,53,1.51,1
245,5.87,1.12,5.03,4.84,51,3.07,1
246,2.16,3.76,3.45,1.53,50,6.12,3
247,5.31,2.47,4.96,5.02,60,1.62,1
248,2.44,5.44,3.55,2.96,18,4.89,3
249,2.21,5.97,1.0,3.4,46,4.0,3
250,5.32,1.76,5.59,4.38,38,1.54,1
251,6.02,1.71,6.55,3.55,42,2.71,1
252,5.2,3.73,5.94,5.05,50,0.72,1
253,2.97,4.95,2.88,2.57,39,4.88,3
254,5.61,3.13,5.66,5.6,64,1.73,1
255,4.71,1.0,5.05,5.45,39,1.61,1
256,4.22,4.33,4.7,4.32,63,3.48,2
257,4.54,4.57,4.56,2.85,24,2.67,2
258,4.58,3.88,6.3,5.59,65,1.89,1
259,4.48,4.97,4.89,3.31,41,3.84,2
260,5.09,2.63,5.66,4.95,35,2.57,1
261,2.03,5.06,4.52,2.83,43,4.56,3
262,5.89,2.76,6.61,5.29,48,2.74,1
263,5.75,2.78,6.5,3.87,33,2.41,1
264,6.19,3.64,5.82,4.08,63,2.48,1
265,5.1,2.08,5.75,4.65,36,1.67,1
266,2.34,5.05,3.15,2.31,33,5.9,3
267,5.77,2.51,5.71,5.87,31,3.05,1
268,5.38,1.63,5.13,5.04,41,2.62,1
269,3.51,3.71,4.35,3.53,24,1.53,2
270,4.1,4.36,2.7,3.91,24,2.27,2
271,5.31,2.72,5.45,5.54,25,1.94,1
272,5.36,2.92,6.08,5.88,20,1.59,1
273,2.3,5.68,2.01,3.46,61,4.76,3
274,2.6,2.62,3.84,4.23,57,4.54,2
275,5.79,2.32,6.13,4.89,23,0.75,1
276,4.52,2.98,5.6,4.75,30,2.32,1
277,2.68,6.59,4.4,2.53,31,3.6,3
278,5.56,2.31,4.79,3.43,62,4.31,1
279,1.84,6.01,2.71,3.39,19,4.93,3
280,5.05,2.22,5.51,5.23,41,1.5,1
281,5.65,3.2,5.19,6.17,55,1.21,1
282,6.13,3.01,4.6,3.89,50,1.12,2
283,6.71,3.07,4.82,4.49,43,2.51,1
284,4.33,3.38,3.65,2.8,50,1.93,2
285,3.92,2.41,4.97,4.69,39,0.44,1
286,3.58,3.58,2.95,4.18,36,4.58,2
287,6.42,2.22,4.9,4.77,32,2.06,1
288,3.23,3.08,3.92,4.66,34,3.02,2
289,4.81,2.79,4.65,5.45,36,3.28,1
290,2.23,6.77,3.4,3.0,21,5.17,3
291,5.23,3.02,5.65,3.61,63,-0.75,1
292,2.14,6.76,4.28,3.71,63,4.82,3
293,4.57,3.21,3.99,2.81,25,2.2,2
294,3.25,3.71,4.27,5.0,26,3.2,2
295,4.8,1.0,5.57,6.02,31,2.17,1
296,5.33,1.8,5.44,4.61,46,1.09,1
297,2.01,4.99,4.27,2.41,47,3.88,3
298,5.74,2.03,5.49,5.64,50,1.44,1
299,7.0,3.54,6.17,5.34,65,2.39,1
300,5.93,2.0,6.14,4.97,60,2.74,1
301,6.13,2.37,3.5,3.88,25,1.08,1
302,6.06,2.55,5.77,4.62,62,2.39,1
303,4.53,2.69,4.65,3.19,49,3.26,2
304,3.08,5.79,2.22,2.7,60,4.6,3
305,5.67,1.81,4.71,5.45,51,2.84,1
306,5.48,3.04,5.43,4.44,31,2.31,1
307,4.93,4.14,3.27,5.54,35,3.33,2
308,5.63,3.43,4.72,4.03,45,2.15,1
309,5.16,1.27,5.78,5.37,44,2.19,1
310,4.36,3.73,2.75,3.71,56,3.27,2
311,5.65,1.82,5.41,4.52,60,1.86,1
312,3.47,3.82,4.23,2.93,65,1.53,2
313,3.65,2.86,4.11,5.02,23,1.73,2
314,3.65,4.06,4.74,4.53,39,2.74,2
315,3.99,4.58,4.28,5.16,64,2.41,2
316,4.23,5.52,4.68,4.04,21,3.64,2
317,4.13,5.5,4.54,4.98,33,3.96,2
318,5.67,2.89,5.86,6.05,29,1.17,1
319,4.25,1.84,4.95,3.58,32,2.31,1
320,5.46,1.93,5.07,2.94,26,1.58,1
321,5.04,4.28,3.64,5.28,27,1.08,2
322,2.43,2.7,4.64,3.26,27,2.07,2
323,3.69,3.43,3.72,3.66,33,3.29,2
324,3.44,4.22,4.63,4.46,32,2.53,2
325,3.02,5.4,2.44,2.31,41,2.93,3
326,5.06,2.84,5.36,5.07,47,2.82,1
327,5.07,1.86,4.45,3.97,28,1.43,1
328,3.9,3.44,3.44,3.45,60,3.39,2
329,2.54,5.37,2.93,2.21,27,2.83,3
330,5.7,3.77,6.28,4.21,32,1.45,1
331,5.07,3.7,4.05,5.14,30,4.21,2
332,5.2,2.73,5.34,3.94,21,1.23,1
333,5.56,2.28,5.39,4.38,43,1.58,1
334,6.19,3.57,4.66,4.32,42,2.22,1
335,2.53,4.11,2.23,3.2,59,3.43,3
336,3.43,4.1,3.67,3.01,44,1.88,2
337,4.45,3.02,4.49,6.71,53,1.57,1
338,3.74,2.71,3.8,3.43,18,3.32,2
339,4.41,4.32,3.42,3.8,52,2.86,2
340,3.96,4.74,5.05,3.45,42,2.24,2
341,1.0,3.91,2.98,2.81,35,3.99,3
342,3.47,4.68,3.42,3.25,45,3.85,2
343,5.67,3.96,4.92,5.16,30,2.28,1
344,3.31,4.47,3.28,3.34,29,2.55,3
345,5.96,1.96,4.03,3.4,19,2.18,1
346,6.09,2.37,5.29,4.3,43,2.12,1
347,4.97,2.28,5.45,3.94,53,2.77,1
348,3.35,6.22,2.06,2.54,50,4.14,3
349,3.2,4.34,3.66,4.01,57,2.07,2
350,4.82,1.0,5.74,4.81,21,2.32,1
351,2.11,5.03,3.01,2.56,55,6.11,3
352,5.15,3.89,6.38,4.93,49,3.29,1
353,4.98,2.62,4.9,4.45,45,2.56,1
354,7.0,1.99,6.58,6.13,42,2.86,1
355,5.18,2.61,6.8,4.83,46,2.97,1
356,3.31,4.07,3.95,5.15,60,2.18,2
357,4.5,3.92,4.43,3.84,39,2.75,2
358,4.43,3.85,5.42,4.29,27,4.03,2
359,1.78,6.03,2.75,2.52,20,5.33,3
360,2.13,5.92,2.63,2.38,54,3.1,3
361,2.33,5.63,1.85,2.58,46,3.38,3
362,6.64,3.69,5.2,4.22,57,2.59,1
363,5.56,3.71,5.28,4.15,21,0.1,1
364,4.57,3.42,3.7,4.09,37,3.23,2
365,6.79,3.14,5.5,4.31,50,3.14,1
366,4.33,1.89,6.61,3.93,29,1.86,1
367,4.66,1.19,4.73,5.1,41,2.54,1
368,3.94,4.26,3.34,4.34,56,1.64,2
369,4.3,4.92,5.52,4.77,53,4.64,2
370,4.67,3.71,5.18,4.86,28,2.87,2
371,3.61,6.05,3.54,2.47,49,4.63,3
372,2.4,4.43,2.23,3.72,43,4.7,3
373,4.74,4.67,3.96,5.12,37,3.06,2
374,4.23,4.94,2.66,3.82,41,4.15,2
375,3.56,4.16,4.75,4.82,64,1.75,2
376,3.07,3.67,4.3,4.77,43,2.9,2
377,3.4,3.95,4.3,2.93,38,4.49,2
378,6.01,1.95,5.95,4.81,34,1.1,1
379,3.21,5.67,3.02,2.91,19,3.7,3
380,4.86,2.04,5.47,4.54,59,3.07,1
381,3.53,4.11,4.4,3.82,25,4.38,2
382,2.95,4.76,3.68,2.9,55,3.13,2
383,5.59,3.2,6.09,4.34,25,1.22,1
384,2.49,5.68,2.02,3.45,48,4.96,3
385,5.79,2.99,6.1,5.0,37,1.63,1
386,3.78,4.49,3.06,3.62,53,3.5,2
387,6.32,2.55,4.99,3.37,55,1.46,1
388,5.32,3.21,5.45,5.79,46,3.09,1
389,4.39,4.67,4.66,3.61,48,2.65,2
390,5.59,3.25,5.2,4.46,62,0.69,1
391,4.87,4.66,4.73,4.23,22,2.79,2
392,5.71,1.83,4.85,5.54,40,0.66,1
393,2.72,5.7,3.67,3.79,48,5.12,3
394,2.81,6.05,3.18,3.97,18,4.0,3
395,4.02,2.71,4.82,4.22,47,1.0,1
396,1.78,5.32,3.32,2.83,19,5.12,3
397,6.81,2.53,4.93,4.79,47,2.2,1
398,5.25,3.72,4.17,3.83,35,4.29,2
399,3.17,3.88,4.05,4.05,35,3.69,2
400,2.53,5.06,3.48,2.9,64,4.6,3
