participant,item,condition,rt
1,1,congruent,1297
1,1,incongruent,1225
1,2,congruent,704
1,2,incongruent,1256
1,3,congruent,804
1,3,incongruent,757
1,4,congruent,997
1,4,incongruent,708
1,5,congruent,983
1,5,incongruent,1234
1,6,congruent,750
1,6,incongruent,1176
1,7,congruent,626
1,7,incongruent,950
1,8,congruent,932
1,8,incongruent,1001
1,9,congruent,889
1,9,incongruent,1173
1,10,congruent,983
1,10,incongruent,761
1,11,congruent,1080
1,11,incongruent,1376
1,12,congruent,666
1,12,incongruent,512
1,13,congruent,972
1,13,incongruent,1146
1,14,congruent,679
1,14,incongruent,1514
1,15,congruent,844
1,15,incongruent,1513
1,16,congruent,1079
1,16,incongruent,1223
1,17,congruent,828
1,17,incongruent,1347
1,18,congruent,707
1,18,incongruent,1102
1,19,congruent,1036
1,19,incongruent,929
1,20,congruent,1017
1,20,incongruent,890
1,21,congruent,1189
1,21,incongruent,731
1,22,congruent,992
1,22,incongruent,550
1,23,congruent,1122
1,23,incongruent,855
1,24,congruent,873
1,24,incongruent,853
2,1,congruent,432
2,1,incongruent,422
2,2,congruent,657
2,2,incongruent,645
2,3,congruent,378
2,3,incongruent,300
2,4,congruent,635
2,4,incongruent,506
2,5,congruent,387
2,5,incongruent,567
2,6,congruent,253
2,6,incongruent,409
2,7,congruent,478
2,7,incongruent,353
2,8,congruent,304
2,8,incongruent,426
2,9,congruent,443
2,9,incongruent,478
2,10,congruent,587
2,10,incongruent,545
2,11,congruent,403
2,11,incongruent,531
2,12,congruent,465
2,12,incongruent,650
2,13,congruent,489
2,13,incongruent,772
2,14,congruent,497
2,14,incongruent,444
2,15,congruent,472
2,15,incongruent,387
2,16,congruent,324
2,16,incongruent,456
2,17,congruent,522
2,17,incongruent,372
2,18,congruent,318
2,18,incongruent,516
2,19,congruent,336
2,19,incongruent,775
2,20,congruent,657
2,20,incongruent,554
2,21,congruent,418
2,21,incongruent,470
2,22,congruent,510
2,22,incongruent,448
2,23,congruent,377
2,23,incongruent,353
2,24,congruent,580
2,24,incongruent,383
3,1,congruent,537
3,1,incongruent,936
3,2,congruent,621
3,2,incongruent,532
3,3,congruent,702
3,3,incongruent,509
3,4,congruent,607
3,4,incongruent,664
3,5,congruent,482
3,5,incongruent,657
3,6,congruent,554
3,6,incongruent,622
3,7,congruent,480
3,7,incongruent,543
3,8,congruent,459
3,8,incongruent,1328
3,9,congruent,1197
3,9,incongruent,646
3,10,congruent,682
3,10,incongruent,608
3,11,congruent,433
3,11,incongruent,580
3,12,congruent,1236
3,12,incongruent,627
3,13,congruent,323
3,13,incongruent,597
3,14,congruent,561
3,14,incongruent,983
3,15,congruent,679
3,15,incongruent,568
3,16,congruent,416
3,16,incongruent,431
3,17,congruent,588
3,17,incongruent,387
3,18,congruent,419
3,18,incongruent,565
3,19,congruent,778
3,19,incongruent,643
3,20,congruent,568
3,20,incongruent,663
3,21,congruent,715
3,21,incongruent,683
3,22,congruent,791
3,22,incongruent,844
3,23,congruent,541
3,23,incongruent,486
3,24,congruent,561
3,24,incongruent,703
4,1,congruent,530
4,1,incongruent,467
4,2,congruent,634
4,2,incongruent,671
4,3,congruent,631
4,3,incongruent,748
4,4,congruent,817
4,4,incongruent,515
4,5,congruent,376
4,5,incongruent,831
4,6,congruent,611
4,6,incongruent,548
4,7,congruent,424
4,7,incongruent,502
4,8,congruent,796
4,8,incongruent,609
4,9,congruent,571
4,9,incongruent,470
4,10,congruent,557
4,10,incongruent,715
4,11,congruent,797
4,11,incongruent,711
4,12,congruent,442
4,12,incongruent,411
4,13,congruent,521
4,13,incongruent,777
4,14,congruent,442
4,14,incongruent,701
4,15,congruent,495
4,15,incongruent,1310
4,16,congruent,468
4,16,incongruent,453
4,17,congruent,588
4,17,incongruent,451
4,18,congruent,393
4,18,incongruent,614
4,19,congruent,782
4,19,incongruent,574
4,20,congruent,539
4,20,incongruent,438
4,21,congruent,720
4,21,incongruent,630
4,22,congruent,515
4,22,incongruent,960
4,23,congruent,406
4,23,incongruent,916
4,24,congruent,452
4,24,incongruent,850
5,1,congruent,481
5,1,incongruent,510
5,2,congruent,774
5,2,incongruent,737
5,3,congruent,855
5,3,incongruent,636
5,4,congruent,617
5,4,incongruent,783
5,5,congruent,463
5,5,incongruent,621
5,6,congruent,554
5,6,incongruent,679
5,7,congruent,537
5,7,incongruent,571
5,8,congruent,661
5,8,incongruent,431
5,9,congruent,577
5,9,incongruent,638
5,10,congruent,689
5,10,incongruent,599
5,11,congruent,540
5,11,incongruent,455
5,12,congruent,653
5,12,incongruent,510
5,13,congruent,737
5,13,incongruent,713
5,14,congruent,454
5,14,incongruent,636
5,15,congruent,969
5,15,incongruent,730
5,16,congruent,721
5,16,incongruent,564
5,17,congruent,676
5,17,incongruent,340
5,18,congruent,692
5,18,incongruent,402
5,19,congruent,492
5,19,incongruent,631
5,20,congruent,872
5,20,incongruent,591
5,21,congruent,703
5,21,incongruent,626
5,22,congruent,1096
5,22,incongruent,500
5,23,congruent,1099
5,23,incongruent,661
5,24,congruent,699
5,24,incongruent,696
6,1,congruent,526
6,1,incongruent,650
6,2,congruent,605
6,2,incongruent,976
6,3,congruent,929
6,3,incongruent,662
6,4,congruent,767
6,4,incongruent,850
6,5,congruent,567
6,5,incongruent,1022
6,6,congruent,691
6,6,incongruent,597
6,7,congruent,642
6,7,incongruent,427
6,8,congruent,553
6,8,incongruent,1073
6,9,congruent,654
6,9,incongruent,750
6,10,congruent,587
6,10,incongruent,568
6,11,congruent,529
6,11,incongruent,1321
6,12,congruent,567
6,12,incongruent,668
6,13,congruent,509
6,13,incongruent,539
6,14,congruent,571
6,14,incongruent,861
6,15,congruent,439
6,15,incongruent,659
6,16,congruent,799
6,16,incongruent,503
6,17,congruent,849
6,17,incongruent,597
6,18,congruent,375
6,18,incongruent,750
6,19,congruent,381
6,19,incongruent,684
6,20,congruent,748
6,20,incongruent,800
6,21,congruent,578
6,21,incongruent,928
6,22,congruent,559
6,22,incongruent,1013
6,23,congruent,507
6,23,incongruent,680
6,24,congruent,506
6,24,incongruent,515
7,1,congruent,354
7,1,incongruent,316
7,2,congruent,481
7,2,incongruent,363
7,3,congruent,540
7,3,incongruent,786
7,4,congruent,460
7,4,incongruent,715
7,5,congruent,371
7,5,incongruent,493
7,6,congruent,419
7,6,incongruent,565
7,7,congruent,711
7,7,incongruent,444
7,8,congruent,382
7,8,incongruent,674
7,9,congruent,793
7,9,incongruent,586
7,10,congruent,648
7,10,incongruent,646
7,11,congruent,564
7,11,incongruent,332
7,12,congruent,691
7,12,incongruent,923
7,13,congruent,355
7,13,incongruent,414
7,14,congruent,477
7,14,incongruent,489
7,15,congruent,556
7,15,incongruent,677
7,16,congruent,429
7,16,incongruent,629
7,17,congruent,353
7,17,incongruent,580
7,18,congruent,532
7,18,incongruent,541
7,19,congruent,538
7,19,incongruent,549
7,20,congruent,439
7,20,incongruent,508
7,21,congruent,340
7,21,incongruent,763
7,22,congruent,358
7,22,incongruent,606
7,23,congruent,390
7,23,incongruent,590
7,24,congruent,414
7,24,incongruent,909
8,1,congruent,652
8,1,incongruent,687
8,2,congruent,575
8,2,incongruent,585
8,3,congruent,506
8,3,incongruent,835
8,4,congruent,483
8,4,incongruent,743
8,5,congruent,528
8,5,incongruent,676
8,6,congruent,468
8,6,incongruent,642
8,7,congruent,412
8,7,incongruent,600
8,8,congruent,529
8,8,incongruent,524
8,9,congruent,551
8,9,incongruent,742
8,10,congruent,423
8,10,incongruent,571
8,11,congruent,283
8,11,incongruent,960
8,12,congruent,764
8,12,incongruent,724
8,13,congruent,610
8,13,incongruent,570
8,14,congruent,809
8,14,incongruent,581
8,15,congruent,591
8,15,incongruent,627
8,16,congruent,744
8,16,incongruent,616
8,17,congruent,694
8,17,incongruent,685
8,18,congruent,942
8,18,incongruent,414
8,19,congruent,483
8,19,incongruent,542
8,20,congruent,711
8,20,incongruent,723
8,21,congruent,607
8,21,incongruent,660
8,22,congruent,587
8,22,incongruent,764
8,23,congruent,655
8,23,incongruent,963
8,24,congruent,665
8,24,incongruent,720
9,1,congruent,445
9,1,incongruent,595
9,2,congruent,491
9,2,incongruent,771
9,3,congruent,901
9,3,incongruent,781
9,4,congruent,647
9,4,incongruent,524
9,5,congruent,544
9,5,incongruent,726
9,6,congruent,647
9,6,incongruent,461
9,7,congruent,446
9,7,incongruent,314
9,8,congruent,630
9,8,incongruent,701
9,9,congruent,447
9,9,incongruent,678
9,10,congruent,471
9,10,incongruent,508
9,11,congruent,807
9,11,incongruent,718
9,12,congruent,412
9,12,incongruent,508
9,13,congruent,602
9,13,incongruent,747
9,14,congruent,505
9,14,incongruent,616
9,15,congruent,712
9,15,incongruent,599
9,16,congruent,430
9,16,incongruent,558
9,17,congruent,408
9,17,incongruent,864
9,18,congruent,551
9,18,incongruent,417
9,19,congruent,412
9,19,incongruent,643
9,20,congruent,693
9,20,incongruent,462
9,21,congruent,514
9,21,incongruent,639
9,22,congruent,751
9,22,incongruent,810
9,23,congruent,548
9,23,incongruent,334
9,24,congruent,496
9,24,incongruent,597
10,1,congruent,604
10,1,incongruent,852
10,2,congruent,755
10,2,incongruent,622
10,3,congruent,460
10,3,incongruent,677
10,4,congruent,613
10,4,incongruent,922
10,5,congruent,854
10,5,incongruent,1036
10,6,congruent,577
10,6,incongruent,1030
10,7,congruent,675
10,7,incongruent,568
10,8,congruent,897
10,8,incongruent,995
10,9,congruent,1045
10,9,incongruent,657
10,10,congruent,553
10,10,incongruent,1092
10,11,congruent,577
10,11,incongruent,819
10,12,congruent,1102
10,12,incongruent,694
10,13,congruent,622
10,13,incongruent,718
10,14,congruent,836
10,14,incongruent,1125
10,15,congruent,708
10,15,incongruent,904
10,16,congruent,799
10,16,incongruent,883
10,17,congruent,738
10,17,incongruent,714
10,18,congruent,851
10,18,incongruent,771
10,19,congruent,616
10,19,incongruent,720
10,20,congruent,636
10,20,incongruent,608
10,21,congruent,633
10,21,incongruent,774
10,22,congruent,912
10,22,incongruent,645
10,23,congruent,1006
10,23,incongruent,391
10,24,congruent,585
10,24,incongruent,794
11,1,congruent,768
11,1,incongruent,474
11,2,congruent,748
11,2,incongruent,1324
11,3,congruent,719
11,3,incongruent,612
11,4,congruent,600
11,4,incongruent,773
11,5,congruent,461
11,5,incongruent,586
11,6,congruent,601
11,6,incongruent,570
11,7,congruent,651
11,7,incongruent,744
11,8,congruent,755
11,8,incongruent,1088
11,9,congruent,741
11,9,incongruent,704
11,10,congruent,567
11,10,incongruent,693
11,11,congruent,558
11,11,incongruent,874
11,12,congruent,1078
11,12,incongruent,649
11,13,congruent,774
11,13,incongruent,683
11,14,congruent,507
11,14,incongruent,911
11,15,congruent,744
11,15,incongruent,746
11,16,congruent,540
11,16,incongruent,476
11,17,congruent,620
11,17,incongruent,788
11,18,congruent,604
11,18,incongruent,477
11,19,congruent,446
11,19,incongruent,1325
11,20,congruent,617
11,20,incongruent,687
11,21,congruent,822
11,21,incongruent,720
11,22,congruent,782
11,22,incongruent,522
11,23,congruent,685
11,23,incongruent,916
11,24,congruent,809
11,24,incongruent,453
12,1,congruent,722
12,1,incongruent,649
12,2,congruent,756
12,2,incongruent,776
12,3,congruent,752
12,3,incongruent,931
12,4,congruent,727
12,4,incongruent,510
12,5,congruent,839
12,5,incongruent,728
12,6,congruent,391
12,6,incongruent,772
12,7,congruent,822
12,7,incongruent,656
12,8,congruent,563
12,8,incongruent,710
12,9,congruent,639
12,9,incongruent,681
12,10,congruent,1029
12,10,incongruent,633
12,11,congruent,1123
12,11,incongruent,519
12,12,congruent,461
12,12,incongruent,899
12,13,congruent,493
12,13,incongruent,947
12,14,congruent,555
12,14,incongruent,677
12,15,congruent,657
12,15,incongruent,1209
12,16,congruent,811
12,16,incongruent,679
12,17,congruent,539
12,17,incongruent,347
12,18,congruent,623
12,18,incongruent,512
12,19,congruent,624
12,19,incongruent,983
12,20,congruent,962
12,20,incongruent,645
12,21,congruent,691
12,21,incongruent,586
12,22,congruent,509
12,22,incongruent,564
12,23,congruent,758
12,23,incongruent,571
12,24,congruent,651
12,24,incongruent,753
13,1,congruent,682
13,1,incongruent,760
13,2,congruent,498
13,2,incongruent,971
13,3,congruent,405
13,3,incongruent,598
13,4,congruent,468
13,4,incongruent,555
13,5,congruent,487
13,5,incongruent,691
13,6,congruent,574
13,6,incongruent,487
13,7,congruent,994
13,7,incongruent,684
13,8,congruent,716
13,8,incongruent,511
13,9,congruent,552
13,9,incongruent,656
13,10,congruent,537
13,10,incongruent,785
13,11,congruent,686
13,11,incongruent,816
13,12,congruent,496
13,12,incongruent,738
13,13,congruent,384
13,13,incongruent,488
13,14,congruent,465
13,14,incongruent,890
13,15,congruent,789
13,15,incongruent,674
13,16,congruent,644
13,16,incongruent,633
13,17,congruent,397
13,17,incongruent,415
13,18,congruent,462
13,18,incongruent,426
13,19,congruent,621
13,19,incongruent,1009
13,20,congruent,538
13,20,incongruent,584
13,21,congruent,412
13,21,incongruent,791
13,22,congruent,419
13,22,incongruent,608
13,23,congruent,718
13,23,incongruent,600
13,24,congruent,401
13,24,incongruent,643
14,1,congruent,545
14,1,incongruent,670
14,2,congruent,600
14,2,incongruent,620
14,3,congruent,805
14,3,incongruent,579
14,4,congruent,685
14,4,incongruent,580
14,5,congruent,695
14,5,incongruent,762
14,6,congruent,609
14,6,incongruent,714
14,7,congruent,570
14,7,incongruent,613
14,8,congruent,519
14,8,incongruent,686
14,9,congruent,923
14,9,incongruent,663
14,10,congruent,437
14,10,incongruent,926
14,11,congruent,434
14,11,incongruent,740
14,12,congruent,380
14,12,incongruent,705
14,13,congruent,1110
14,13,incongruent,684
14,14,congruent,794
14,14,incongruent,661
14,15,congruent,746
14,15,incongruent,727
14,16,congruent,776
14,16,incongruent,774
14,17,congruent,614
14,17,incongruent,535
14,18,congruent,399
14,18,incongruent,659
14,19,congruent,674
14,19,incongruent,458
14,20,congruent,676
14,20,incongruent,554
14,21,congruent,413
14,21,incongruent,412
14,22,congruent,638
14,22,incongruent,901
14,23,congruent,868
14,23,incongruent,417
14,24,congruent,753
14,24,incongruent,676
15,1,congruent,422
15,1,incongruent,615
15,2,congruent,467
15,2,incongruent,537
15,3,congruent,550
15,3,incongruent,599
15,4,congruent,449
15,4,incongruent,513
15,5,congruent,502
15,5,incongruent,725
15,6,congruent,322
15,6,incongruent,477
15,7,congruent,566
15,7,incongruent,582
15,8,congruent,420
15,8,incongruent,635
15,9,congruent,402
15,9,incongruent,609
15,10,congruent,708
15,10,incongruent,369
15,11,congruent,554
15,11,incongruent,652
15,12,congruent,367
15,12,incongruent,599
15,13,congruent,495
15,13,incongruent,521
15,14,congruent,521
15,14,incongruent,473
15,15,congruent,536
15,15,incongruent,678
15,16,congruent,632
15,16,incongruent,621
15,17,congruent,631
15,17,incongruent,605
15,18,congruent,515
15,18,incongruent,578
15,19,congruent,722
15,19,incongruent,423
15,20,congruent,541
15,20,incongruent,740
15,21,congruent,715
15,21,incongruent,753
15,22,congruent,515
15,22,incongruent,595
15,23,congruent,654
15,23,incongruent,731
15,24,congruent,463
15,24,incongruent,543
16,1,congruent,700
16,1,incongruent,770
16,2,congruent,690
16,2,incongruent,695
16,3,congruent,861
16,3,incongruent,848
16,4,congruent,415
16,4,incongruent,489
16,5,congruent,488
16,5,incongruent,530
16,6,congruent,418
16,6,incongruent,733
16,7,congruent,480
16,7,incongruent,586
16,8,congruent,600
16,8,incongruent,950
16,9,congruent,525
16,9,incongruent,522
16,10,congruent,548
16,10,incongruent,443
16,11,congruent,381
16,11,incongruent,531
16,12,congruent,771
16,12,incongruent,896
16,13,congruent,560
16,13,incongruent,581
16,14,congruent,469
16,14,incongruent,602
16,15,congruent,706
16,15,incongruent,916
16,16,congruent,758
16,16,incongruent,574
16,17,congruent,454
16,17,incongruent,480
16,18,congruent,394
16,18,incongruent,620
16,19,congruent,548
16,19,incongruent,573
16,20,congruent,681
16,20,incongruent,375
16,21,congruent,522
16,21,incongruent,663
16,22,congruent,494
16,22,incongruent,448
16,23,congruent,567
16,23,incongruent,617
16,24,congruent,486
16,24,incongruent,1054
17,1,congruent,428
17,1,incongruent,477
17,2,congruent,580
17,2,incongruent,1131
17,3,congruent,517
17,3,incongruent,656
17,4,congruent,580
17,4,incongruent,981
17,5,congruent,590
17,5,incongruent,773
17,6,congruent,1032
17,6,incongruent,690
17,7,congruent,393
17,7,incongruent,696
17,8,congruent,1048
17,8,incongruent,722
17,9,congruent,863
17,9,incongruent,930
17,10,congruent,760
17,10,incongruent,1105
17,11,congruent,571
17,11,incongruent,718
17,12,congruent,588
17,12,incongruent,662
17,13,congruent,1086
17,13,incongruent,734
17,14,congruent,1044
17,14,incongruent,721
17,15,congruent,985
17,15,incongruent,702
17,16,congruent,488
17,16,incongruent,529
17,17,congruent,961
17,17,incongruent,525
17,18,congruent,387
17,18,incongruent,524
17,19,congruent,1309
17,19,incongruent,904
17,20,congruent,536
17,20,incongruent,1127
17,21,congruent,592
17,21,incongruent,590
17,22,congruent,434
17,22,incongruent,887
17,23,congruent,528
17,23,incongruent,1438
17,24,congruent,685
17,24,incongruent,590
18,1,congruent,517
18,1,incongruent,455
18,2,congruent,494
18,2,incongruent,542
18,3,congruent,602
18,3,incongruent,647
18,4,congruent,501
18,4,incongruent,346
18,5,congruent,577
18,5,incongruent,620
18,6,congruent,249
18,6,incongruent,447
18,7,congruent,366
18,7,incongruent,470
18,8,congruent,553
18,8,incongruent,622
18,9,congruent,401
18,9,incongruent,520
18,10,congruent,484
18,10,incongruent,625
18,11,congruent,692
18,11,incongruent,971
18,12,congruent,544
18,12,incongruent,544
18,13,congruent,333
18,13,incongruent,700
18,14,congruent,439
18,14,incongruent,715
18,15,congruent,733
18,15,incongruent,399
18,16,congruent,396
18,16,incongruent,506
18,17,congruent,471
18,17,incongruent,498
18,18,congruent,483
18,18,incongruent,316
18,19,congruent,515
18,19,incongruent,565
18,20,congruent,461
18,20,incongruent,553
18,21,congruent,336
18,21,incongruent,742
18,22,congruent,583
18,22,incongruent,575
18,23,congruent,450
18,23,incongruent,883
18,24,congruent,572
18,24,incongruent,568
19,1,congruent,414
19,1,incongruent,478
19,2,congruent,510
19,2,incongruent,428
19,3,congruent,471
19,3,incongruent,639
19,4,congruent,467
19,4,incongruent,538
19,5,congruent,514
19,5,incongruent,402
19,6,congruent,612
19,6,incongruent,433
19,7,congruent,575
19,7,incongruent,480
19,8,congruent,507
19,8,incongruent,427
19,9,congruent,401
19,9,incongruent,769
19,10,congruent,469
19,10,incongruent,434
19,11,congruent,447
19,11,incongruent,488
19,12,congruent,457
19,12,incongruent,582
19,13,congruent,396
19,13,incongruent,720
19,14,congruent,580
19,14,incongruent,362
19,15,congruent,424
19,15,incongruent,425
19,16,congruent,376
19,16,incongruent,402
19,17,congruent,613
19,17,incongruent,546
19,18,congruent,672
19,18,incongruent,426
19,19,congruent,307
19,19,incongruent,526
19,20,congruent,736
19,20,incongruent,435
19,21,congruent,350
19,21,incongruent,619
19,22,congruent,466
19,22,incongruent,616
19,23,congruent,326
19,23,incongruent,470
19,24,congruent,523
19,24,incongruent,591
20,1,congruent,528
20,1,incongruent,611
20,2,congruent,473
20,2,incongruent,440
20,3,congruent,285
20,3,incongruent,470
20,4,congruent,516
20,4,incongruent,556
20,5,congruent,496
20,5,incongruent,503
20,6,congruent,346
20,6,incongruent,804
20,7,congruent,571
20,7,incongruent,520
20,8,congruent,468
20,8,incongruent,512
20,9,congruent,698
20,9,incongruent,447
20,10,congruent,533
20,10,incongruent,506
20,11,congruent,358
20,11,incongruent,433
20,12,congruent,372
20,12,incongruent,550
20,13,congruent,475
20,13,incongruent,313
20,14,congruent,502
20,14,incongruent,450
20,15,congruent,575
20,15,incongruent,571
20,16,congruent,652
20,16,incongruent,600
20,17,congruent,502
20,17,incongruent,423
20,18,congruent,827
20,18,incongruent,620
20,19,congruent,504
20,19,incongruent,546
20,20,congruent,571
20,20,incongruent,755
20,21,congruent,641
20,21,incongruent,630
20,22,congruent,827
20,22,incongruent,569
20,23,congruent,379
20,23,incongruent,508
20,24,congruent,470
20,24,incongruent,444
21,1,congruent,342
21,1,incongruent,747
21,2,congruent,799
21,2,incongruent,505
21,3,congruent,701
21,3,incongruent,603
21,4,congruent,536
21,4,incongruent,1094
21,5,congruent,974
21,5,incongruent,627
21,6,congruent,528
21,6,incongruent,651
21,7,congruent,686
21,7,incongruent,428
21,8,congruent,608
21,8,incongruent,800
21,9,congruent,622
21,9,incongruent,705
21,10,congruent,385
21,10,incongruent,806
21,11,congruent,473
21,11,incongruent,392
21,12,congruent,327
21,12,incongruent,554
21,13,congruent,568
21,13,incongruent,533
21,14,congruent,869
21,14,incongruent,534
21,15,congruent,423
21,15,incongruent,504
21,16,congruent,785
21,16,incongruent,574
21,17,congruent,530
21,17,incongruent,674
21,18,congruent,455
21,18,incongruent,615
21,19,congruent,411
21,19,incongruent,340
21,20,congruent,546
21,20,incongruent,1075
21,21,congruent,538
21,21,incongruent,795
21,22,congruent,289
21,22,incongruent,623
21,23,congruent,804
21,23,incongruent,712
21,24,congruent,354
21,24,incongruent,426
22,1,congruent,392
22,1,incongruent,354
22,2,congruent,617
22,2,incongruent,538
22,3,congruent,699
22,3,incongruent,589
22,4,congruent,413
22,4,incongruent,510
22,5,congruent,396
22,5,incongruent,648
22,6,congruent,481
22,6,incongruent,375
22,7,congruent,356
22,7,incongruent,429
22,8,congruent,414
22,8,incongruent,747
22,9,congruent,441
22,9,incongruent,485
22,10,congruent,788
22,10,incongruent,664
22,11,congruent,619
22,11,incongruent,667
22,12,congruent,394
22,12,incongruent,482
22,13,congruent,278
22,13,incongruent,552
22,14,congruent,569
22,14,incongruent,447
22,15,congruent,600
22,15,incongruent,726
22,16,congruent,440
22,16,incongruent,555
22,17,congruent,359
22,17,incongruent,373
22,18,congruent,568
22,18,incongruent,339
22,19,congruent,603
22,19,incongruent,577
22,20,congruent,683
22,20,incongruent,532
22,21,congruent,641
22,21,incongruent,763
22,22,congruent,744
22,22,incongruent,714
22,23,congruent,399
22,23,incongruent,410
22,24,congruent,593
22,24,incongruent,368
23,1,congruent,485
23,1,incongruent,477
23,2,congruent,480
23,2,incongruent,861
23,3,congruent,884
23,3,incongruent,601
23,4,congruent,664
23,4,incongruent,785
23,5,congruent,521
23,5,incongruent,625
23,6,congruent,400
23,6,incongruent,449
23,7,congruent,470
23,7,incongruent,505
23,8,congruent,601
23,8,incongruent,757
23,9,congruent,1111
23,9,incongruent,402
23,10,congruent,364
23,10,incongruent,830
23,11,congruent,422
23,11,incongruent,864
23,12,congruent,564
23,12,incongruent,772
23,13,congruent,699
23,13,incongruent,610
23,14,congruent,429
23,14,incongruent,642
23,15,congruent,437
23,15,incongruent,706
23,16,congruent,952
23,16,incongruent,479
23,17,congruent,457
23,17,incongruent,348
23,18,congruent,614
23,18,incongruent,578
23,19,congruent,726
23,19,incongruent,517
23,20,congruent,455
23,20,incongruent,793
23,21,congruent,541
23,21,incongruent,613
23,22,congruent,929
23,22,incongruent,838
23,23,congruent,729
23,23,incongruent,460
23,24,congruent,858
23,24,incongruent,433
24,1,congruent,859
24,1,incongruent,456
24,2,congruent,588
24,2,incongruent,399
24,3,congruent,624
24,3,incongruent,447
24,4,congruent,602
24,4,incongruent,669
24,5,congruent,906
24,5,incongruent,991
24,6,congruent,614
24,6,incongruent,681
24,7,congruent,551
24,7,incongruent,806
24,8,congruent,669
24,8,incongruent,549
24,9,congruent,796
24,9,incongruent,729
24,10,congruent,527
24,10,incongruent,546
24,11,congruent,604
24,11,incongruent,577
24,12,congruent,507
24,12,incongruent,714
24,13,congruent,646
24,13,incongruent,609
24,14,congruent,1106
24,14,incongruent,836
24,15,congruent,733
24,15,incongruent,593
24,16,congruent,465
24,16,incongruent,873
24,17,congruent,572
24,17,incongruent,700
24,18,congruent,805
24,18,incongruent,484
24,19,congruent,537
24,19,incongruent,552
24,20,congruent,550
24,20,incongruent,486
24,21,congruent,526
24,21,incongruent,560
24,22,congruent,552
24,22,incongruent,566
24,23,congruent,873
24,23,incongruent,697
24,24,congruent,449
24,24,incongruent,721
25,1,congruent,509
25,1,incongruent,406
25,2,congruent,768
25,2,incongruent,745
25,3,congruent,588
25,3,incongruent,768
25,4,congruent,827
25,4,incongruent,1206
25,5,congruent,493
25,5,incongruent,960
25,6,congruent,615
25,6,incongruent,656
25,7,congruent,497
25,7,incongruent,841
25,8,congruent,465
25,8,incongruent,768
25,9,congruent,756
25,9,incongruent,696
25,10,congruent,499
25,10,incongruent,1016
25,11,congruent,497
25,11,incongruent,769
25,12,congruent,559
25,12,incongruent,508
25,13,congruent,722
25,13,incongruent,530
25,14,congruent,399
25,14,incongruent,685
25,15,congruent,456
25,15,incongruent,607
25,16,congruent,586
25,16,incongruent,599
25,17,congruent,417
25,17,incongruent,764
25,18,congruent,595
25,18,incongruent,385
25,19,congruent,407
25,19,incongruent,1014
25,20,congruent,478
25,20,incongruent,805
25,21,congruent,570
25,21,incongruent,813
25,22,congruent,456
25,22,incongruent,706
25,23,congruent,495
25,23,incongruent,613
25,24,congruent,614
25,24,incongruent,680
26,1,congruent,430
26,1,incongruent,486
26,2,congruent,409
26,2,incongruent,648
26,3,congruent,664
26,3,incongruent,547
26,4,congruent,601
26,4,incongruent,945
26,5,congruent,385
26,5,incongruent,804
26,6,congruent,412
26,6,incongruent,882
26,7,congruent,471
26,7,incongruent,595
26,8,congruent,911
26,8,incongruent,480
26,9,congruent,777
26,9,incongruent,584
26,10,congruent,745
26,10,incongruent,677
26,11,congruent,534
26,11,incongruent,356
26,12,congruent,608
26,12,incongruent,609
26,13,congruent,590
26,13,incongruent,547
26,14,congruent,482
26,14,incongruent,482
26,15,congruent,452
26,15,incongruent,474
26,16,congruent,593
26,16,incongruent,527
26,17,congruent,331
26,17,incongruent,612
26,18,congruent,416
26,18,incongruent,601
26,19,congruent,584
26,19,incongruent,734
26,20,congruent,722
26,20,incongruent,548
26,21,congruent,472
26,21,incongruent,490
26,22,congruent,853
26,22,incongruent,437
26,23,congruent,483
26,23,incongruent,645
26,24,congruent,391
26,24,incongruent,436
27,1,congruent,318
27,1,incongruent,537
27,2,congruent,366
27,2,incongruent,382
27,3,congruent,674
27,3,incongruent,335
27,4,congruent,433
27,4,incongruent,534
27,5,congruent,426
27,5,incongruent,467
27,6,congruent,563
27,6,incongruent,400
27,7,congruent,530
27,7,incongruent,533
27,8,congruent,412
27,8,incongruent,633
27,9,congruent,430
27,9,incongruent,514
27,10,congruent,445
27,10,incongruent,437
27,11,congruent,515
27,11,incongruent,311
27,12,congruent,401
27,12,incongruent,457
27,13,congruent,531
27,13,incongruent,526
27,14,congruent,446
27,14,incongruent,760
27,15,congruent,397
27,15,incongruent,574
27,16,congruent,471
27,16,incongruent,355
27,17,congruent,333
27,17,incongruent,513
27,18,congruent,401
27,18,incongruent,613
27,19,congruent,418
27,19,incongruent,455
27,20,congruent,723
27,20,incongruent,408
27,21,congruent,496
27,21,incongruent,657
27,22,congruent,523
27,22,incongruent,482
27,23,congruent,613
27,23,incongruent,332
27,24,congruent,459
27,24,incongruent,406
28,1,congruent,564
28,1,incongruent,520
28,2,congruent,527
28,2,incongruent,785
28,3,congruent,638
28,3,incongruent,722
28,4,congruent,725
28,4,incongruent,415
28,5,congruent,539
28,5,incongruent,578
28,6,congruent,702
28,6,incongruent,384
28,7,congruent,607
28,7,incongruent,764
28,8,congruent,519
28,8,incongruent,725
28,9,congruent,580
28,9,incongruent,740
28,10,congruent,764
28,10,incongruent,696
28,11,congruent,917
28,11,incongruent,513
28,12,congruent,724
28,12,incongruent,1078
28,13,congruent,507
28,13,incongruent,533
28,14,congruent,537
28,14,incongruent,481
28,15,congruent,481
28,15,incongruent,1160
28,16,congruent,477
28,16,incongruent,751
28,17,congruent,709
28,17,incongruent,746
28,18,congruent,360
28,18,incongruent,484
28,19,congruent,630
28,19,incongruent,611
28,20,congruent,654
28,20,incongruent,608
28,21,congruent,431
28,21,incongruent,655
28,22,congruent,560
28,22,incongruent,410
28,23,congruent,538
28,23,incongruent,464
28,24,congruent,797
28,24,incongruent,400
29,1,congruent,380
29,1,incongruent,538
29,2,congruent,427
29,2,incongruent,855
29,3,congruent,533
29,3,incongruent,560
29,4,congruent,576
29,4,incongruent,1006
29,5,congruent,568
29,5,incongruent,607
29,6,congruent,527
29,6,incongruent,494
29,7,congruent,721
29,7,incongruent,587
29,8,congruent,482
29,8,incongruent,407
29,9,congruent,560
29,9,incongruent,565
29,10,congruent,352
29,10,incongruent,402
29,11,congruent,339
29,11,incongruent,629
29,12,congruent,457
29,12,incongruent,362
29,13,congruent,371
29,13,incongruent,521
29,14,congruent,377
29,14,incongruent,408
29,15,congruent,541
29,15,incongruent,631
29,16,congruent,366
29,16,incongruent,305
29,17,congruent,600
29,17,incongruent,481
29,18,congruent,522
29,18,incongruent,466
29,19,congruent,454
29,19,incongruent,553
29,20,congruent,564
29,20,incongruent,614
29,21,congruent,618
29,21,incongruent,432
29,22,congruent,494
29,22,incongruent,468
29,23,congruent,429
29,23,incongruent,262
29,24,congruent,302
29,24,incongruent,602
30,1,congruent,390
30,1,incongruent,450
30,2,congruent,648
30,2,incongruent,437
30,3,congruent,972
30,3,incongruent,945
30,4,congruent,332
30,4,incongruent,812
30,5,congruent,704
30,5,incongruent,760
30,6,congruent,379
30,6,incongruent,549
30,7,congruent,562
30,7,incongruent,527
30,8,congruent,613
30,8,incongruent,606
30,9,congruent,792
30,9,incongruent,410
30,10,congruent,705
30,10,incongruent,757
30,11,congruent,830
30,11,incongruent,362
30,12,congruent,337
30,12,incongruent,483
30,13,congruent,617
30,13,incongruent,465
30,14,congruent,859
30,14,incongruent,451
30,15,congruent,727
30,15,incongruent,723
30,16,congruent,682
30,16,incongruent,606
30,17,congruent,446
30,17,incongruent,309
30,18,congruent,505
30,18,incongruent,901
30,19,congruent,474
30,19,incongruent,568
30,20,congruent,744
30,20,incongruent,490
30,21,congruent,582
30,21,incongruent,732
30,22,congruent,510
30,22,incongruent,741
30,23,congruent,569
30,23,incongruent,575
30,24,congruent,692
30,24,incongruent,312
31,1,congruent,496
31,1,incongruent,765
31,2,congruent,755
31,2,incongruent,669
31,3,congruent,755
31,3,incongruent,922
31,4,congruent,458
31,4,incongruent,843
31,5,congruent,537
31,5,incongruent,731
31,6,congruent,464
31,6,incongruent,688
31,7,congruent,326
31,7,incongruent,432
31,8,congruent,588
31,8,incongruent,1096
31,9,congruent,610
31,9,incongruent,874
31,10,congruent,634
31,10,incongruent,638
31,11,congruent,621
31,11,incongruent,490
31,12,congruent,305
31,12,incongruent,929
31,13,congruent,383
31,13,incongruent,793
31,14,congruent,497
31,14,incongruent,538
31,15,congruent,468
31,15,incongruent,539
31,16,congruent,378
31,16,incongruent,669
31,17,congruent,599
31,17,incongruent,424
31,18,congruent,716
31,18,incongruent,550
31,19,congruent,518
31,19,incongruent,426
31,20,congruent,668
31,20,incongruent,791
31,21,congruent,675
31,21,incongruent,391
31,22,congruent,721
31,22,incongruent,979
31,23,congruent,525
31,23,incongruent,783
31,24,congruent,370
31,24,incongruent,538
32,1,congruent,470
32,1,incongruent,731
32,2,congruent,493
32,2,incongruent,435
32,3,congruent,352
32,3,incongruent,488
32,4,congruent,554
32,4,incongruent,697
32,5,congruent,424
32,5,incongruent,396
32,6,congruent,830
32,6,incongruent,648
32,7,congruent,427
32,7,incongruent,483
32,8,congruent,588
32,8,incongruent,415
32,9,congruent,459
32,9,incongruent,495
32,10,congruent,338
32,10,incongruent,397
32,11,congruent,446
32,11,incongruent,596
32,12,congruent,393
32,12,incongruent,526
32,13,congruent,500
32,13,incongruent,620
32,14,congruent,537
32,14,incongruent,636
32,15,congruent,600
32,15,incongruent,606
32,16,congruent,415
32,16,incongruent,360
32,17,congruent,531
32,17,incongruent,433
32,18,congruent,339
32,18,incongruent,523
32,19,congruent,459
32,19,incongruent,834
32,20,congruent,478
32,20,incongruent,710
32,21,congruent,589
32,21,incongruent,437
32,22,congruent,630
32,22,incongruent,442
32,23,congruent,421
32,23,incongruent,448
32,24,congruent,480
32,24,incongruent,345
33,1,congruent,724
33,1,incongruent,547
33,2,congruent,301
33,2,incongruent,639
33,3,congruent,735
33,3,incongruent,526
33,4,congruent,497
33,4,incongruent,527
33,5,congruent,394
33,5,incongruent,595
33,6,congruent,367
33,6,incongruent,443
33,7,congruent,413
33,7,incongruent,770
33,8,congruent,499
33,8,incongruent,546
33,9,congruent,372
33,9,incongruent,495
33,10,congruent,426
33,10,incongruent,389
33,11,congruent,610
33,11,incongruent,432
33,12,congruent,618
33,12,incongruent,557
33,13,congruent,304
33,13,incongruent,354
33,14,congruent,451
33,14,incongruent,481
33,15,congruent,552
33,15,incongruent,534
33,16,congruent,625
33,16,incongruent,446
33,17,congruent,416
33,17,incongruent,716
33,18,congruent,748
33,18,incongruent,601
33,19,congruent,533
33,19,incongruent,689
33,20,congruent,570
33,20,incongruent,422
33,21,congruent,596
33,21,incongruent,596
33,22,congruent,488
33,22,incongruent,503
33,23,congruent,340
33,23,incongruent,652
33,24,congruent,289
33,24,incongruent,390
34,1,congruent,524
34,1,incongruent,1123
34,2,congruent,1549
34,2,incongruent,1172
34,3,congruent,1218
34,3,incongruent,827
34,4,congruent,1625
34,4,incongruent,1076
34,5,congruent,1258
34,5,incongruent,1876
34,6,congruent,698
34,6,incongruent,757
34,7,congruent,1557
34,7,incongruent,935
34,8,congruent,1010
34,8,incongruent,871
34,9,congruent,1171
34,9,incongruent,822
34,10,congruent,1318
34,10,incongruent,1135
34,11,congruent,848
34,11,incongruent,1082
34,12,congruent,942
34,12,incongruent,1328
34,13,congruent,833
34,13,incongruent,1100
34,14,congruent,1136
34,14,incongruent,1236
34,15,congruent,1041
34,15,incongruent,1152
34,16,congruent,635
34,16,incongruent,950
34,17,congruent,794
34,17,incongruent,1122
34,18,congruent,833
34,18,incongruent,652
34,19,congruent,729
34,19,incongruent,663
34,20,congruent,985
34,20,incongruent,1141
34,21,congruent,982
34,21,incongruent,745
34,22,congruent,932
34,22,incongruent,1368
34,23,congruent,643
34,23,incongruent,1098
34,24,congruent,993
34,24,incongruent,840
35,1,congruent,703
35,1,incongruent,894
35,2,congruent,413
35,2,incongruent,634
35,3,congruent,874
35,3,incongruent,1068
35,4,congruent,464
35,4,incongruent,839
35,5,congruent,647
35,5,incongruent,849
35,6,congruent,710
35,6,incongruent,792
35,7,congruent,717
35,7,incongruent,756
35,8,congruent,974
35,8,incongruent,740
35,9,congruent,659
35,9,incongruent,867
35,10,congruent,1142
35,10,incongruent,695
35,11,congruent,859
35,11,incongruent,835
35,12,congruent,776
35,12,incongruent,524
35,13,congruent,585
35,13,incongruent,838
35,14,congruent,714
35,14,incongruent,1243
35,15,congruent,729
35,15,incongruent,618
35,16,congruent,743
35,16,incongruent,519
35,17,congruent,755
35,17,incongruent,736
35,18,congruent,517
35,18,incongruent,711
35,19,congruent,516
35,19,incongruent,1070
35,20,congruent,538
35,20,incongruent,853
35,21,congruent,625
35,21,incongruent,697
35,22,congruent,510
35,22,incongruent,740
35,23,congruent,600
35,23,incongruent,850
35,24,congruent,855
35,24,incongruent,725
36,1,congruent,389
36,1,incongruent,437
36,2,congruent,473
36,2,incongruent,747
36,3,congruent,724
36,3,incongruent,570
36,4,congruent,651
36,4,incongruent,585
36,5,congruent,629
36,5,incongruent,628
36,6,congruent,731
36,6,incongruent,654
36,7,congruent,595
36,7,incongruent,415
36,8,congruent,496
36,8,incongruent,604
36,9,congruent,431
36,9,incongruent,711
36,10,congruent,1210
36,10,incongruent,662
36,11,congruent,670
36,11,incongruent,825
36,12,congruent,746
36,12,incongruent,886
36,13,congruent,654
36,13,incongruent,585
36,14,congruent,625
36,14,incongruent,614
36,15,congruent,626
36,15,incongruent,1179
36,16,congruent,631
36,16,incongruent,664
36,17,congruent,524
36,17,incongruent,850
36,18,congruent,639
36,18,incongruent,427
36,19,congruent,888
36,19,incongruent,475
36,20,congruent,420
36,20,incongruent,678
36,21,congruent,598
36,21,incongruent,674
36,22,congruent,604
36,22,incongruent,755
36,23,congruent,703
36,23,incongruent,954
36,24,congruent,980
36,24,incongruent,409
37,1,congruent,364
37,1,incongruent,833
37,2,congruent,476
37,2,incongruent,902
37,3,congruent,579
37,3,incongruent,618
37,4,congruent,508
37,4,incongruent,647
37,5,congruent,569
37,5,incongruent,508
37,6,congruent,622
37,6,incongruent,456
37,7,congruent,370
37,7,incongruent,501
37,8,congruent,575
37,8,incongruent,996
37,9,congruent,782
37,9,incongruent,563
37,10,congruent,484
37,10,incongruent,547
37,11,congruent,403
37,11,incongruent,424
37,12,congruent,504
37,12,incongruent,680
37,13,congruent,681
37,13,incongruent,433
37,14,congruent,407
37,14,incongruent,453
37,15,congruent,656
37,15,incongruent,800
37,16,congruent,316
37,16,incongruent,735
37,17,congruent,557
37,17,incongruent,494
37,18,congruent,641
37,18,incongruent,559
37,19,congruent,800
37,19,incongruent,688
37,20,congruent,525
37,20,incongruent,727
37,21,congruent,603
37,21,incongruent,555
37,22,congruent,422
37,22,incongruent,639
37,23,congruent,565
37,23,incongruent,456
37,24,congruent,710
37,24,incongruent,398
38,1,congruent,531
38,1,incongruent,593
38,2,congruent,584
38,2,incongruent,761
38,3,congruent,689
38,3,incongruent,669
38,4,congruent,423
38,4,incongruent,530
38,5,congruent,701
38,5,incongruent,981
38,6,congruent,338
38,6,incongruent,583
38,7,congruent,575
38,7,incongruent,598
38,8,congruent,599
38,8,incongruent,757
38,9,congruent,506
38,9,incongruent,624
38,10,congruent,540
38,10,incongruent,519
38,11,congruent,673
38,11,incongruent,761
38,12,congruent,519
38,12,incongruent,636
38,13,congruent,566
38,13,incongruent,532
38,14,congruent,597
38,14,incongruent,961
38,15,congruent,611
38,15,incongruent,615
38,16,congruent,746
38,16,incongruent,813
38,17,congruent,678
38,17,incongruent,590
38,18,congruent,585
38,18,incongruent,671
38,19,congruent,684
38,19,incongruent,577
38,20,congruent,743
38,20,incongruent,790
38,21,congruent,727
38,21,incongruent,348
38,22,congruent,699
38,22,incongruent,552
38,23,congruent,539
38,23,incongruent,443
38,24,congruent,393
38,24,incongruent,629
39,1,congruent,997
39,1,incongruent,738
39,2,congruent,887
39,2,incongruent,626
39,3,congruent,851
39,3,incongruent,671
39,4,congruent,760
39,4,incongruent,769
39,5,congruent,566
39,5,incongruent,872
39,6,congruent,652
39,6,incongruent,521
39,7,congruent,717
39,7,incongruent,657
39,8,congruent,591
39,8,incongruent,717
39,9,congruent,329
39,9,incongruent,756
39,10,congruent,452
39,10,incongruent,796
39,11,congruent,560
39,11,incongruent,911
39,12,congruent,519
39,12,incongruent,1062
39,13,congruent,688
39,13,incongruent,469
39,14,congruent,689
39,14,incongruent,1059
39,15,congruent,833
39,15,incongruent,542
39,16,congruent,564
39,16,incongruent,773
39,17,congruent,757
39,17,incongruent,597
39,18,congruent,650
39,18,incongruent,753
39,19,congruent,779
39,19,incongruent,942
39,20,congruent,705
39,20,incongruent,935
39,21,congruent,496
39,21,incongruent,615
39,22,congruent,703
39,22,incongruent,560
39,23,congruent,453
39,23,incongruent,654
39,24,congruent,730
39,24,incongruent,623
40,1,congruent,802
40,1,incongruent,685
40,2,congruent,436
40,2,incongruent,580
40,3,congruent,602
40,3,incongruent,452
40,4,congruent,623
40,4,incongruent,554
40,5,congruent,474
40,5,incongruent,674
40,6,congruent,472
40,6,incongruent,669
40,7,congruent,670
40,7,incongruent,511
40,8,congruent,417
40,8,incongruent,656
40,9,congruent,1004
40,9,incongruent,395
40,10,congruent,556
40,10,incongruent,565
40,11,congruent,559
40,11,incongruent,733
40,12,congruent,538
40,12,incongruent,720
40,13,congruent,583
40,13,incongruent,655
40,14,congruent,359
40,14,incongruent,734
40,15,congruent,743
40,15,incongruent,628
40,16,congruent,622
40,16,incongruent,716
40,17,congruent,482
40,17,incongruent,669
40,18,congruent,295
40,18,incongruent,714
40,19,congruent,535
40,19,incongruent,455
40,20,congruent,426
40,20,incongruent,521
40,21,congruent,346
40,21,incongruent,828
40,22,congruent,652
40,22,incongruent,426
40,23,congruent,400
40,23,incongruent,677
40,24,congruent,897
40,24,incongruent,687
41,1,congruent,437
41,1,incongruent,751
41,2,congruent,506
41,2,incongruent,517
41,3,congruent,436
41,3,incongruent,621
41,4,congruent,417
41,4,incongruent,710
41,5,congruent,595
41,5,incongruent,627
41,6,congruent,667
41,6,incongruent,460
41,7,congruent,353
41,7,incongruent,366
41,8,congruent,371
41,8,incongruent,485
41,9,congruent,812
41,9,incongruent,1112
41,10,congruent,285
41,10,incongruent,425
41,11,congruent,479
41,11,incongruent,434
41,12,congruent,442
41,12,incongruent,512
41,13,congruent,349
41,13,incongruent,519
41,14,congruent,407
41,14,incongruent,389
41,15,congruent,513
41,15,incongruent,642
41,16,congruent,442
41,16,incongruent,382
41,17,congruent,727
41,17,incongruent,526
41,18,congruent,507
41,18,incongruent,550
41,19,congruent,419
41,19,incongruent,487
41,20,congruent,388
41,20,incongruent,538
41,21,congruent,676
41,21,incongruent,333
41,22,congruent,542
41,22,incongruent,668
41,23,congruent,373
41,23,incongruent,636
41,24,congruent,456
41,24,incongruent,458
42,1,congruent,447
42,1,incongruent,513
42,2,congruent,468
42,2,incongruent,570
42,3,congruent,531
42,3,incongruent,678
42,4,congruent,506
42,4,incongruent,530
42,5,congruent,386
42,5,incongruent,718
42,6,congruent,690
42,6,incongruent,902
42,7,congruent,545
42,7,incongruent,552
42,8,congruent,492
42,8,incongruent,550
42,9,congruent,632
42,9,incongruent,447
42,10,congruent,739
42,10,incongruent,326
42,11,congruent,709
42,11,incongruent,507
42,12,congruent,701
42,12,incongruent,565
42,13,congruent,496
42,13,incongruent,628
42,14,congruent,533
42,14,incongruent,714
42,15,congruent,851
42,15,incongruent,830
42,16,congruent,400
42,16,incongruent,499
42,17,congruent,354
42,17,incongruent,663
42,18,congruent,409
42,18,incongruent,634
42,19,congruent,423
42,19,incongruent,404
42,20,congruent,400
42,20,incongruent,404
42,21,congruent,1005
42,21,incongruent,659
42,22,congruent,522
42,22,incongruent,710
42,23,congruent,699
42,23,incongruent,600
42,24,congruent,623
42,24,incongruent,537
43,1,congruent,416
43,1,incongruent,573
43,2,congruent,658
43,2,incongruent,700
43,3,congruent,420
43,3,incongruent,652
43,4,congruent,960
43,4,incongruent,514
43,5,congruent,548
43,5,incongruent,1560
43,6,congruent,787
43,6,incongruent,568
43,7,congruent,546
43,7,incongruent,675
43,8,congruent,399
43,8,incongruent,443
43,9,congruent,936
43,9,incongruent,595
43,10,congruent,516
43,10,incongruent,544
43,11,congruent,471
43,11,incongruent,861
43,12,congruent,713
43,12,incongruent,485
43,13,congruent,461
43,13,incongruent,452
43,14,congruent,501
43,14,incongruent,625
43,15,congruent,710
43,15,incongruent,1161
43,16,congruent,967
43,16,incongruent,459
43,17,congruent,571
43,17,incongruent,479
43,18,congruent,459
43,18,incongruent,656
43,19,congruent,811
43,19,incongruent,792
43,20,congruent,578
43,20,incongruent,505
43,21,congruent,440
43,21,incongruent,766
43,22,congruent,584
43,22,incongruent,468
43,23,congruent,701
43,23,incongruent,576
43,24,congruent,398
43,24,incongruent,956
44,1,congruent,464
44,1,incongruent,628
44,2,congruent,653
44,2,incongruent,942
44,3,congruent,555
44,3,incongruent,589
44,4,congruent,311
44,4,incongruent,319
44,5,congruent,528
44,5,incongruent,610
44,6,congruent,492
44,6,incongruent,559
44,7,congruent,521
44,7,incongruent,374
44,8,congruent,556
44,8,incongruent,745
44,9,congruent,505
44,9,incongruent,835
44,10,congruent,545
44,10,incongruent,623
44,11,congruent,520
44,11,incongruent,309
44,12,congruent,557
44,12,incongruent,439
44,13,congruent,578
44,13,incongruent,548
44,14,congruent,499
44,14,incongruent,505
44,15,congruent,559
44,15,incongruent,919
44,16,congruent,504
44,16,incongruent,554
44,17,congruent,515
44,17,incongruent,512
44,18,congruent,356
44,18,incongruent,394
44,19,congruent,808
44,19,incongruent,425
44,20,congruent,420
44,20,incongruent,651
44,21,congruent,399
44,21,incongruent,574
44,22,congruent,631
44,22,incongruent,749
44,23,congruent,540
44,23,incongruent,805
44,24,congruent,455
44,24,incongruent,598
45,1,congruent,468
45,1,incongruent,541
45,2,congruent,1008
45,2,incongruent,1219
45,3,congruent,461
45,3,incongruent,1072
45,4,congruent,615
45,4,incongruent,673
45,5,congruent,798
45,5,incongruent,858
45,6,congruent,636
45,6,incongruent,353
45,7,congruent,638
45,7,incongruent,571
45,8,congruent,570
45,8,incongruent,751
45,9,congruent,987
45,9,incongruent,1034
45,10,congruent,571
45,10,incongruent,732
45,11,congruent,532
45,11,incongruent,704
45,12,congruent,630
45,12,incongruent,942
45,13,congruent,754
45,13,incongruent,641
45,14,congruent,574
45,14,incongruent,534
45,15,congruent,440
45,15,incongruent,704
45,16,congruent,699
45,16,incongruent,498
45,17,congruent,553
45,17,incongruent,930
45,18,congruent,532
45,18,incongruent,648
45,19,congruent,585
45,19,incongruent,709
45,20,congruent,1088
45,20,incongruent,646
45,21,congruent,841
45,21,incongruent,398
45,22,congruent,643
45,22,incongruent,691
45,23,congruent,692
45,23,incongruent,704
45,24,congruent,819
45,24,incongruent,799
46,1,congruent,435
46,1,incongruent,403
46,2,congruent,513
46,2,incongruent,607
46,3,congruent,502
46,3,incongruent,539
46,4,congruent,498
46,4,incongruent,488
46,5,congruent,413
46,5,incongruent,374
46,6,congruent,303
46,6,incongruent,367
46,7,congruent,573
46,7,incongruent,398
46,8,congruent,345
46,8,incongruent,508
46,9,congruent,612
46,9,incongruent,469
46,10,congruent,449
46,10,incongruent,432
46,11,congruent,351
46,11,incongruent,608
46,12,congruent,420
46,12,incongruent,425
46,13,congruent,486
46,13,incongruent,506
46,14,congruent,733
46,14,incongruent,396
46,15,congruent,356
46,15,incongruent,563
46,16,congruent,309
46,16,incongruent,714
46,17,congruent,460
46,17,incongruent,530
46,18,congruent,448
46,18,incongruent,409
46,19,congruent,423
46,19,incongruent,397
46,20,congruent,583
46,20,incongruent,410
46,21,congruent,248
46,21,incongruent,522
46,22,congruent,524
46,22,incongruent,260
46,23,congruent,393
46,23,incongruent,286
46,24,congruent,407
46,24,incongruent,382
47,1,congruent,475
47,1,incongruent,517
47,2,congruent,619
47,2,incongruent,489
47,3,congruent,498
47,3,incongruent,432
47,4,congruent,484
47,4,incongruent,473
47,5,congruent,511
47,5,incongruent,553
47,6,congruent,410
47,6,incongruent,416
47,7,congruent,528
47,7,incongruent,410
47,8,congruent,405
47,8,incongruent,379
47,9,congruent,359
47,9,incongruent,564
47,10,congruent,459
47,10,incongruent,439
47,11,congruent,451
47,11,incongruent,617
47,12,congruent,466
47,12,incongruent,621
47,13,congruent,553
47,13,incongruent,353
47,14,congruent,411
47,14,incongruent,503
47,15,congruent,812
47,15,incongruent,617
47,16,congruent,469
47,16,incongruent,320
47,17,congruent,325
47,17,incongruent,444
47,18,congruent,262
47,18,incongruent,621
47,19,congruent,579
47,19,incongruent,379
47,20,congruent,433
47,20,incongruent,560
47,21,congruent,425
47,21,incongruent,405
47,22,congruent,429
47,22,incongruent,572
47,23,congruent,498
47,23,incongruent,431
47,24,congruent,289
47,24,incongruent,486
48,1,congruent,685
48,1,incongruent,1190
48,2,congruent,788
48,2,incongruent,823
48,3,congruent,625
48,3,incongruent,626
48,4,congruent,494
48,4,incongruent,522
48,5,congruent,706
48,5,incongruent,851
48,6,congruent,579
48,6,incongruent,661
48,7,congruent,627
48,7,incongruent,544
48,8,congruent,519
48,8,incongruent,782
48,9,congruent,830
48,9,incongruent,566
48,10,congruent,752
48,10,incongruent,812
48,11,congruent,510
48,11,incongruent,466
48,12,congruent,941
48,12,incongruent,610
48,13,congruent,497
48,13,incongruent,760
48,14,congruent,1086
48,14,incongruent,745
48,15,congruent,989
48,15,incongruent,640
48,16,congruent,945
48,16,incongruent,408
48,17,congruent,578
48,17,incongruent,619
48,18,congruent,512
48,18,incongruent,685
48,19,congruent,1065
48,19,incongruent,670
48,20,congruent,692
48,20,incongruent,587
48,21,congruent,706
48,21,incongruent,716
48,22,congruent,594
48,22,incongruent,456
48,23,congruent,679
48,23,incongruent,790
48,24,congruent,409
48,24,incongruent,636
49,1,congruent,274
49,1,incongruent,693
49,2,congruent,635
49,2,incongruent,477
49,3,congruent,360
49,3,incongruent,701
49,4,congruent,534
49,4,incongruent,725
49,5,congruent,512
49,5,incongruent,504
49,6,congruent,501
49,6,incongruent,521
49,7,congruent,381
49,7,incongruent,415
49,8,congruent,515
49,8,incongruent,615
49,9,congruent,560
49,9,incongruent,612
49,10,congruent,347
49,10,incongruent,419
49,11,congruent,501
49,11,incongruent,482
49,12,congruent,430
49,12,incongruent,714
49,13,congruent,446
49,13,incongruent,618
49,14,congruent,528
49,14,incongruent,527
49,15,congruent,810
49,15,incongruent,733
49,16,congruent,495
49,16,incongruent,494
49,17,congruent,744
49,17,incongruent,377
49,18,congruent,524
49,18,incongruent,520
49,19,congruent,455
49,19,incongruent,810
49,20,congruent,576
49,20,incongruent,566
49,21,congruent,499
49,21,incongruent,578
49,22,congruent,514
49,22,incongruent,493
49,23,congruent,560
49,23,incongruent,621
49,24,congruent,421
49,24,incongruent,454
50,1,congruent,493
50,1,incongruent,435
50,2,congruent,687
50,2,incongruent,396
50,3,congruent,419
50,3,incongruent,831
50,4,congruent,578
50,4,incongruent,473
50,5,congruent,433
50,5,incongruent,616
50,6,congruent,587
50,6,incongruent,812
50,7,congruent,458
50,7,incongruent,432
50,8,congruent,467
50,8,incongruent,517
50,9,congruent,412
50,9,incongruent,798
50,10,congruent,569
50,10,incongruent,350
50,11,congruent,739
50,11,incongruent,490
50,12,congruent,413
50,12,incongruent,475
50,13,congruent,413
50,13,incongruent,582
50,14,congruent,500
50,14,incongruent,471
50,15,congruent,1229
50,15,incongruent,620
50,16,congruent,542
50,16,incongruent,408
50,17,congruent,514
50,17,incongruent,598
50,18,congruent,371
50,18,incongruent,520
50,19,congruent,462
50,19,incongruent,321
50,20,congruent,638
50,20,incongruent,442
50,21,congruent,429
50,21,incongruent,877
50,22,congruent,777
50,22,incongruent,592
50,23,congruent,513
50,23,incongruent,458
50,24,congruent,383
50,24,incongruent,471
51,1,congruent,522
51,1,incongruent,425
51,2,congruent,357
51,2,incongruent,670
51,3,congruent,303
51,3,incongruent,544
51,4,congruent,318
51,4,incongruent,543
51,5,congruent,323
51,5,incongruent,467
51,6,congruent,413
51,6,incongruent,381
51,7,congruent,283
51,7,incongruent,638
51,8,congruent,239
51,8,incongruent,411
51,9,congruent,375
51,9,incongruent,541
51,10,congruent,527
51,10,incongruent,457
51,11,congruent,362
51,11,incongruent,318
51,12,congruent,337
51,12,incongruent,563
51,13,congruent,391
51,13,incongruent,527
51,14,congruent,370
51,14,incongruent,513
51,15,congruent,662
51,15,incongruent,415
51,16,congruent,622
51,16,incongruent,541
51,17,congruent,404
51,17,incongruent,563
51,18,congruent,386
51,18,incongruent,574
51,19,congruent,606
51,19,incongruent,463
51,20,congruent,392
51,20,incongruent,509
51,21,congruent,280
51,21,incongruent,637
51,22,congruent,542
51,22,incongruent,365
51,23,congruent,256
51,23,incongruent,543
51,24,congruent,373
51,24,incongruent,548
52,1,congruent,350
52,1,incongruent,573
52,2,congruent,653
52,2,incongruent,620
52,3,congruent,726
52,3,incongruent,588
52,4,congruent,699
52,4,incongruent,386
52,5,congruent,464
52,5,incongruent,720
52,6,congruent,537
52,6,incongruent,522
52,7,congruent,704
52,7,incongruent,896
52,8,congruent,711
52,8,incongruent,612
52,9,congruent,822
52,9,incongruent,706
52,10,congruent,447
52,10,incongruent,620
52,11,congruent,734
52,11,incongruent,681
52,12,congruent,501
52,12,incongruent,785
52,13,congruent,696
52,13,incongruent,772
52,14,congruent,675
52,14,incongruent,626
52,15,congruent,907
52,15,incongruent,997
52,16,congruent,517
52,16,incongruent,455
52,17,congruent,531
52,17,incongruent,609
52,18,congruent,494
52,18,incongruent,718
52,19,congruent,521
52,19,incongruent,552
52,20,congruent,535
52,20,incongruent,692
52,21,congruent,566
52,21,incongruent,437
52,22,congruent,892
52,22,incongruent,583
52,23,congruent,590
52,23,incongruent,651
52,24,congruent,707
52,24,incongruent,494
53,1,congruent,565
53,1,incongruent,1054
53,2,congruent,581
53,2,incongruent,483
53,3,congruent,843
53,3,incongruent,701
53,4,congruent,761
53,4,incongruent,831
53,5,congruent,576
53,5,incongruent,490
53,6,congruent,990
53,6,incongruent,856
53,7,congruent,517
53,7,incongruent,706
53,8,congruent,789
53,8,incongruent,757
53,9,congruent,769
53,9,incongruent,882
53,10,congruent,700
53,10,incongruent,712
53,11,congruent,762
53,11,incongruent,719
53,12,congruent,535
53,12,incongruent,692
53,13,congruent,582
53,13,incongruent,503
53,14,congruent,717
53,14,incongruent,644
53,15,congruent,581
53,15,incongruent,548
53,16,congruent,620
53,16,incongruent,436
53,17,congruent,537
53,17,incongruent,625
53,18,congruent,570
53,18,incongruent,531
53,19,congruent,329
53,19,incongruent,489
53,20,congruent,473
53,20,incongruent,911
53,21,congruent,853
53,21,incongruent,994
53,22,congruent,554
53,22,incongruent,477
53,23,congruent,591
53,23,incongruent,535
53,24,congruent,627
53,24,incongruent,1164
54,1,congruent,603
54,1,incongruent,1082
54,2,congruent,704
54,2,incongruent,1189
54,3,congruent,811
54,3,incongruent,962
54,4,congruent,944
54,4,incongruent,1190
54,5,congruent,763
54,5,incongruent,1306
54,6,congruent,619
54,6,incongruent,1084
54,7,congruent,428
54,7,incongruent,617
54,8,congruent,551
54,8,incongruent,578
54,9,congruent,846
54,9,incongruent,848
54,10,congruent,565
54,10,incongruent,957
54,11,congruent,519
54,11,incongruent,1194
54,12,congruent,592
54,12,incongruent,810
54,13,congruent,841
54,13,incongruent,731
54,14,congruent,556
54,14,incongruent,663
54,15,congruent,794
54,15,incongruent,1164
54,16,congruent,709
54,16,incongruent,651
54,17,congruent,446
54,17,incongruent,634
54,18,congruent,924
54,18,incongruent,1330
54,19,congruent,915
54,19,incongruent,952
54,20,congruent,855
54,20,incongruent,717
54,21,congruent,829
54,21,incongruent,857
54,22,congruent,724
54,22,incongruent,1145
54,23,congruent,539
54,23,incongruent,1321
54,24,congruent,579
54,24,incongruent,923
55,1,congruent,576
55,1,incongruent,391
55,2,congruent,478
55,2,incongruent,387
55,3,congruent,471
55,3,incongruent,527
55,4,congruent,619
55,4,incongruent,328
55,5,congruent,307
55,5,incongruent,319
55,6,congruent,229
55,6,incongruent,414
55,7,congruent,482
55,7,incongruent,391
55,8,congruent,460
55,8,incongruent,358
55,9,congruent,498
55,9,incongruent,489
55,10,congruent,471
55,10,incongruent,510
55,11,congruent,404
55,11,incongruent,346
55,12,congruent,287
55,12,incongruent,460
55,13,congruent,261
55,13,incongruent,372
55,14,congruent,647
55,14,incongruent,685
55,15,congruent,546
55,15,incongruent,470
55,16,congruent,291
55,16,incongruent,501
55,17,congruent,306
55,17,incongruent,461
55,18,congruent,397
55,18,incongruent,510
55,19,congruent,322
55,19,incongruent,411
55,20,congruent,360
55,20,incongruent,727
55,21,congruent,479
55,21,incongruent,544
55,22,congruent,522
55,22,incongruent,500
55,23,congruent,604
55,23,incongruent,572
55,24,congruent,425
55,24,incongruent,688
56,1,congruent,352
56,1,incongruent,554
56,2,congruent,580
56,2,incongruent,607
56,3,congruent,511
56,3,incongruent,797
56,4,congruent,416
56,4,incongruent,575
56,5,congruent,494
56,5,incongruent,657
56,6,congruent,491
56,6,incongruent,504
56,7,congruent,536
56,7,incongruent,382
56,8,congruent,601
56,8,incongruent,686
56,9,congruent,594
56,9,incongruent,360
56,10,congruent,472
56,10,incongruent,460
56,11,congruent,436
56,11,incongruent,679
56,12,congruent,430
56,12,incongruent,329
56,13,congruent,642
56,13,incongruent,469
56,14,congruent,479
56,14,incongruent,451
56,15,congruent,232
56,15,incongruent,543
56,16,congruent,393
56,16,incongruent,560
56,17,congruent,491
56,17,incongruent,454
56,18,congruent,439
56,18,incongruent,528
56,19,congruent,358
56,19,incongruent,512
56,20,congruent,489
56,20,incongruent,567
56,21,congruent,715
56,21,incongruent,854
56,22,congruent,567
56,22,incongruent,857
56,23,congruent,377
56,23,incongruent,454
56,24,congruent,511
56,24,incongruent,533
57,1,congruent,833
57,1,incongruent,863
57,2,congruent,999
57,2,incongruent,634
57,3,congruent,1171
57,3,incongruent,1091
57,4,congruent,532
57,4,incongruent,698
57,5,congruent,618
57,5,incongruent,822
57,6,congruent,583
57,6,incongruent,771
57,7,congruent,853
57,7,incongruent,680
57,8,congruent,682
57,8,incongruent,529
57,9,congruent,1236
57,9,incongruent,793
57,10,congruent,778
57,10,incongruent,725
57,11,congruent,701
57,11,incongruent,835
57,12,congruent,534
57,12,incongruent,1055
57,13,congruent,636
57,13,incongruent,1026
57,14,congruent,702
57,14,incongruent,1217
57,15,congruent,1054
57,15,incongruent,1137
57,16,congruent,652
57,16,incongruent,1046
57,17,congruent,907
57,17,incongruent,1111
57,18,congruent,602
57,18,incongruent,994
57,19,congruent,897
57,19,incongruent,1303
57,20,congruent,825
57,20,incongruent,645
57,21,congruent,649
57,21,incongruent,729
57,22,congruent,615
57,22,incongruent,673
57,23,congruent,791
57,23,incongruent,890
57,24,congruent,753
57,24,incongruent,851
58,1,congruent,439
58,1,incongruent,801
58,2,congruent,427
58,2,incongruent,547
58,3,congruent,847
58,3,incongruent,656
58,4,congruent,636
58,4,incongruent,789
58,5,congruent,456
58,5,incongruent,671
58,6,congruent,889
58,6,incongruent,516
58,7,congruent,461
58,7,incongruent,472
58,8,congruent,623
58,8,incongruent,689
58,9,congruent,617
58,9,incongruent,685
58,10,congruent,389
58,10,incongruent,639
58,11,congruent,602
58,11,incongruent,463
58,12,congruent,394
58,12,incongruent,525
58,13,congruent,574
58,13,incongruent,693
58,14,congruent,392
58,14,incongruent,609
58,15,congruent,674
58,15,incongruent,747
58,16,congruent,708
58,16,incongruent,454
58,17,congruent,458
58,17,incongruent,516
58,18,congruent,463
58,18,incongruent,379
58,19,congruent,793
58,19,incongruent,897
58,20,congruent,481
58,20,incongruent,722
58,21,congruent,543
58,21,incongruent,835
58,22,congruent,751
58,22,incongruent,752
58,23,congruent,765
58,23,incongruent,629
58,24,congruent,476
58,24,incongruent,423
59,1,congruent,368
59,1,incongruent,554
59,2,congruent,496
59,2,incongruent,680
59,3,congruent,744
59,3,incongruent,465
59,4,congruent,755
59,4,incongruent,442
59,5,congruent,608
59,5,incongruent,630
59,6,congruent,466
59,6,incongruent,752
59,7,congruent,457
59,7,incongruent,724
59,8,congruent,741
59,8,incongruent,509
59,9,congruent,587
59,9,incongruent,670
59,10,congruent,540
59,10,incongruent,763
59,11,congruent,446
59,11,incongruent,441
59,12,congruent,580
59,12,incongruent,371
59,13,congruent,594
59,13,incongruent,434
59,14,congruent,498
59,14,incongruent,605
59,15,congruent,900
59,15,incongruent,1029
59,16,congruent,516
59,16,incongruent,702
59,17,congruent,452
59,17,incongruent,433
59,18,congruent,758
59,18,incongruent,515
59,19,congruent,679
59,19,incongruent,584
59,20,congruent,594
59,20,incongruent,520
59,21,congruent,683
59,21,incongruent,382
59,22,congruent,805
59,22,incongruent,706
59,23,congruent,743
59,23,incongruent,453
59,24,congruent,531
59,24,incongruent,661
60,1,congruent,666
60,1,incongruent,478
60,2,congruent,387
60,2,incongruent,849
60,3,congruent,798
60,3,incongruent,1038
60,4,congruent,782
60,4,incongruent,582
60,5,congruent,756
60,5,incongruent,442
60,6,congruent,867
60,6,incongruent,413
60,7,congruent,483
60,7,incongruent,440
60,8,congruent,600
60,8,incongruent,743
60,9,congruent,415
60,9,incongruent,777
60,10,congruent,422
60,10,incongruent,575
60,11,congruent,837
60,11,incongruent,628
60,12,congruent,633
60,12,incongruent,710
60,13,congruent,822
60,13,incongruent,681
60,14,congruent,700
60,14,incongruent,603
60,15,congruent,460
60,15,incongruent,583
60,16,congruent,539
60,16,incongruent,873
60,17,congruent,513
60,17,incongruent,387
60,18,congruent,828
60,18,incongruent,711
60,19,congruent,588
60,19,incongruent,453
60,20,congruent,446
60,20,incongruent,584
60,21,congruent,716
60,21,incongruent,703
60,22,congruent,696
60,22,incongruent,947
60,23,congruent,736
60,23,incongruent,917
60,24,congruent,758
60,24,incongruent,638
