participant,age,attention_check,rt_congruent,rt_incongruent
1,24,pass,918.7,1032.6
2,19,pass,455.1,490.1
3,31,pass,622.1,658.5
4,31,pass,562.8,661.3
5,39,pass,692.1,594.2
6,23,pass,601.6,753.9
7,28,pass,483.1,587.4
8,17,pass,594.7,673.1
9,17,pass,562.9,607.1
10,21,pass,735.6,792.1
11,18,pass,674.9,741.5
12,20,pass,695.7,705.7
13,31,fail,556.0,667.2
14,17,pass,652.6,654.8
15,32,pass,527.9,590.5
16,18,pass,563.2,645.7
17,24,pass,707.7,783.8
18,38,pass,489.7,576.2
19,35,pass,483.9,509.8
20,24,pass,523.7,532.5
21,17,pass,564.7,638.2
22,34,pass,520.3,535.2
23,37,pass,616.3,622.7
24,27,pass,652.5,635.0
25,28,pass,552.8,730.8
26,16,pass,554.8,589.4
27,38,pass,471.8,484.2
28,39,pass,603.6,634.3
29,16,pass,481.7,531.5
30,17,pass,611.3,582.1
31,31,pass,544.5,687.4
32,19,pass,489.7,529.2
33,21,pass,494.5,535.4
34,26,pass,1010.6,1044.6
35,16,pass,692.7,795.5
36,18,pass,651.5,666.2
37,33,pass,546.6,608.8
38,20,pass,593.6,647.2
39,32,pass,663.7,734.1
40,33,pass,562.2,621.0
41,31,fail,483.3,547.8
42,32,fail,565.0,589.2
43,23,pass,606.3,669.4
44,25,fail,519.6,591.9
45,40,pass,672.2,723.0
46,29,pass,449.3,458.0
47,30,pass,464.6,483.4
48,34,pass,700.3,673.5
49,19,pass,505.1,569.5
50,21,fail,542.8,541.0
51,23,pass,401.8,506.5
52,19,pass,624.1,637.3
53,23,pass,642.6,697.5
54,20,pass,694.0,954.4
55,28,pass,435.1,473.4
56,32,pass,483.6,557.2
57,23,pass,775.1,879.9
58,26,pass,577.4,629.5
59,32,pass,605.9,584.4
60,34,pass,643.7,656.5
