participant,age,education,region,social_media,phone_checking,rumination,anxiety,mind_1,mind_2,mind_3,mind_4,mind_5,mind_6,mindfulness
1,67,1,urban,2.65,3.56,3.93,3.82,3.0,2.0,3.0,3.0,4.0,3.0,2.667
2,28,2,rural,4.48,4.76,3.83,3.6,3.0,4.0,4.0,,2.0,3.0,3.2
3,19,4,urban,3.16,2.8,3.24,3.1,2.0,1.0,3.0,2.0,5.0,3.0,2.0
4,55,3,urban,2.86,1.64,4.73,4.82,1.0,2.0,4.0,2.0,4.0,3.0,2.0
5,39,2,rural,3.42,5.04,4.19,3.53,2.0,4.0,1.0,4.0,2.0,3.0,3.667
6,45,3,urban,3.15,2.87,4.26,4.17,2.0,3.0,3.0,3.0,4.0,3.0,2.667
7,22,1,urban,4.24,4.42,3.78,4.35,2.0,3.0,3.0,3.0,4.0,2.0,2.5
8,39,5,urban,5.42,4.11,3.38,3.48,4.0,4.0,1.0,5.0,2.0,5.0,4.5
9,55,3,urban,4.67,3.75,5.06,4.33,4.0,2.0,3.0,4.0,2.0,3.0,3.333
10,38,1,urban,4.46,4.99,4.37,5.21,3.0,3.0,3.0,,2.0,2.0,3.0
11,66,3,urban,3.38,3.32,2.52,1.8,3.0,,2.0,3.0,3.0,4.0,3.4
12,63,4,urban,3.76,4.42,3.02,2.95,4.0,4.0,3.0,4.0,3.0,3.0,3.5
13,58,3,rural,4.09,4.64,4.11,2.92,3.0,4.0,5.0,3.0,3.0,3.0,2.833
14,70,3,urban,3.92,3.49,5.07,4.65,4.0,5.0,3.0,4.0,1.0,3.0,4.0
15,59,4,urban,4.12,4.26,4.17,6.39,3.0,4.0,2.0,2.0,2.0,3.0,3.333
16,28,1,rural,2.78,3.83,2.75,2.21,3.0,3.0,3.0,4.0,2.0,1.0,3.0
17,67,3,urban,5.74,5.98,6.0,6.2,1.0,2.0,4.0,2.0,5.0,2.0,1.667
18,55,3,urban,2.63,2.91,3.25,4.66,3.0,3.0,2.0,3.0,3.0,3.0,3.167
19,23,5,urban,3.82,3.85,2.34,1.41,3.0,3.0,4.0,4.0,2.0,2.0,3.0
20,35,3,rural,4.79,3.67,3.8,2.89,,3.0,1.0,3.0,2.0,3.0,3.6
21,27,1,rural,3.21,4.1,3.34,3.57,4.0,2.0,2.0,3.0,3.0,,3.2
22,74,5,urban,5.01,4.64,3.53,3.1,4.0,5.0,1.0,4.0,1.0,5.0,4.667
23,60,2,rural,2.54,2.02,2.23,3.22,2.0,2.0,5.0,2.0,4.0,3.0,2.0
24,71,5,rural,3.21,3.2,3.75,4.93,4.0,,1.0,5.0,1.0,5.0,4.8
25,34,2,rural,1.6,2.42,2.43,3.53,3.0,2.0,2.0,3.0,3.0,3.0,3.0
26,54,5,urban,4.99,4.08,3.34,3.68,4.0,4.0,2.0,5.0,,4.0,4.2
27,53,4,urban,2.76,2.64,4.69,4.6,1.0,1.0,5.0,1.0,5.0,1.0,1.0
28,61,4,urban,3.26,2.21,3.0,3.74,3.0,3.0,2.0,4.0,1.0,4.0,3.833
29,24,4,urban,4.71,4.46,3.14,2.64,3.0,3.0,4.0,3.0,3.0,3.0,2.833
30,47,1,urban,4.29,3.79,4.55,3.78,5.0,5.0,1.0,5.0,1.0,3.0,4.667
31,55,2,rural,5.01,5.29,5.57,5.26,4.0,3.0,2.0,4.0,3.0,4.0,3.667
32,65,5,urban,4.59,4.23,3.58,3.84,3.0,3.0,3.0,2.0,3.0,2.0,2.667
33,56,4,rural,4.83,5.13,4.28,4.53,3.0,2.0,4.0,3.0,3.0,1.0,2.333
34,44,3,urban,3.46,2.69,3.33,4.38,4.0,3.0,2.0,3.0,2.0,3.0,3.5
35,44,4,rural,3.85,4.17,3.5,1.7,2.0,3.0,1.0,5.0,3.0,4.0,3.667
36,37,4,urban,4.68,4.95,3.4,5.09,2.0,2.0,4.0,3.0,5.0,2.0,2.0
37,27,4,rural,4.69,4.97,3.87,2.42,2.0,2.0,3.0,3.0,4.0,2.0,2.333
38,34,3,rural,4.88,4.27,5.61,4.87,4.0,5.0,3.0,4.0,1.0,4.0,4.167
39,26,1,rural,3.17,2.76,2.92,3.52,4.0,3.0,2.0,3.0,3.0,2.0,3.167
40,31,3,urban,2.84,4.6,3.11,3.3,2.0,3.0,3.0,4.0,3.0,2.0,2.833
41,67,2,urban,2.68,3.02,3.91,3.92,2.0,3.0,2.0,2.0,2.0,3.0,3.0
42,48,5,rural,3.46,2.7,2.98,2.98,3.0,5.0,1.0,4.0,2.0,5.0,4.333
43,23,5,urban,3.84,3.7,3.11,2.95,,4.0,3.0,2.0,2.0,4.0,3.4
44,42,2,urban,2.74,3.48,2.41,3.01,2.0,1.0,4.0,4.0,3.0,3.0,2.5
45,33,5,urban,3.75,3.26,4.2,4.2,3.0,2.0,3.0,3.0,2.0,3.0,3.0
46,56,2,urban,4.57,4.64,4.64,3.79,1.0,2.0,3.0,2.0,2.0,2.0,2.333
47,66,2,urban,4.93,5.25,4.58,4.67,5.0,5.0,2.0,5.0,2.0,4.0,4.5
48,18,2,rural,3.35,3.55,3.23,2.82,4.0,3.0,5.0,3.0,3.0,3.0,2.833
49,45,3,rural,4.5,5.09,5.47,4.23,2.0,3.0,3.0,3.0,3.0,3.0,2.833
50,43,2,urban,2.66,3.08,3.37,3.3,3.0,2.0,3.0,2.0,3.0,3.0,2.667
51,75,2,urban,3.28,3.17,3.01,3.82,4.0,4.0,2.0,5.0,3.0,5.0,4.167
52,39,4,urban,4.04,5.27,4.58,4.0,2.0,2.0,4.0,2.0,3.0,4.0,2.5
53,27,3,urban,3.29,4.06,3.88,4.16,5.0,5.0,2.0,4.0,2.0,4.0,4.333
54,29,4,rural,3.16,3.56,3.8,5.15,3.0,3.0,4.0,1.0,4.0,,2.2
55,45,1,rural,4.2,2.67,3.45,3.37,3.0,1.0,5.0,2.0,5.0,3.0,1.833
56,52,1,rural,2.95,2.25,3.18,4.57,5.0,5.0,1.0,4.0,1.0,4.0,4.667
57,36,2,urban,4.05,2.68,3.69,2.73,3.0,2.0,4.0,2.0,,3.0,2.4
58,43,2,urban,3.83,3.84,4.22,4.61,4.0,5.0,2.0,5.0,1.0,5.0,4.667
59,56,2,rural,4.44,4.22,4.91,4.3,4.0,5.0,2.0,4.0,3.0,4.0,4.0
60,35,2,urban,4.69,4.72,5.51,6.57,3.0,1.0,4.0,2.0,5.0,3.0,2.0
61,73,5,urban,4.07,4.85,4.75,3.9,4.0,4.0,2.0,4.0,3.0,3.0,3.667
62,30,3,rural,3.44,2.43,4.42,3.39,2.0,3.0,3.0,2.0,3.0,2.0,2.5
63,72,3,urban,4.94,3.47,5.18,5.56,3.0,3.0,3.0,2.0,4.0,4.0,2.833
64,68,4,urban,4.13,3.33,3.39,4.08,4.0,3.0,2.0,3.0,4.0,4.0,3.333
65,73,1,urban,3.05,3.78,2.54,3.25,3.0,4.0,3.0,4.0,3.0,3.0,3.333
66,64,1,rural,4.11,4.27,4.1,1.99,4.0,4.0,3.0,3.0,3.0,3.0,3.333
67,48,3,urban,3.32,2.75,4.69,4.53,4.0,4.0,2.0,5.0,3.0,4.0,4.0
68,53,4,rural,1.41,1.87,2.0,2.61,4.0,4.0,1.0,5.0,1.0,4.0,4.5
69,29,3,urban,2.97,3.67,2.66,3.3,3.0,2.0,3.0,2.0,3.0,2.0,2.5
70,38,1,urban,3.55,3.77,3.81,3.17,3.0,3.0,3.0,3.0,4.0,3.0,2.833
71,44,4,urban,3.48,4.47,3.34,4.71,2.0,4.0,4.0,3.0,2.0,2.0,2.833
72,72,5,rural,2.4,2.37,3.79,3.63,1.0,2.0,4.0,2.0,5.0,2.0,1.667
73,64,3,urban,3.58,3.62,3.63,3.54,4.0,3.0,2.0,4.0,1.0,5.0,4.167
74,50,5,rural,4.36,3.41,4.52,2.94,3.0,4.0,2.0,,1.0,4.0,4.0
75,52,3,rural,2.79,4.17,3.77,3.52,3.0,4.0,1.0,3.0,1.0,3.0,3.833
76,43,3,rural,4.19,4.91,4.51,3.31,3.0,4.0,3.0,4.0,4.0,4.0,3.333
77,42,2,urban,1.91,3.11,2.17,4.0,4.0,3.0,2.0,4.0,2.0,3.0,3.667
78,70,3,urban,4.44,5.02,3.31,3.94,5.0,4.0,1.0,4.0,3.0,3.0,4.0
79,18,3,rural,3.37,4.7,2.06,2.49,4.0,3.0,,4.0,3.0,4.0,3.6
80,36,1,urban,2.59,4.3,2.75,3.04,3.0,,2.0,2.0,2.0,4.0,3.4
81,41,5,urban,5.04,5.96,4.04,5.38,2.0,4.0,3.0,3.0,3.0,4.0,3.167
82,58,1,rural,4.4,3.65,4.37,4.32,4.0,3.0,4.0,3.0,3.0,4.0,3.167
83,41,3,rural,4.88,3.88,3.41,3.83,3.0,2.0,4.0,4.0,3.0,3.0,2.833
84,36,2,urban,4.24,5.16,5.49,6.26,4.0,5.0,1.0,4.0,3.0,4.0,4.167
85,22,5,urban,4.28,3.82,5.12,4.83,3.0,3.0,4.0,2.0,4.0,3.0,2.5
86,33,4,rural,3.55,2.31,2.67,4.08,3.0,3.0,4.0,2.0,3.0,,2.6
87,24,1,urban,4.35,3.84,2.4,3.0,4.0,2.0,2.0,3.0,3.0,5.0,3.5
88,58,1,rural,3.85,4.72,2.47,2.94,3.0,4.0,2.0,5.0,2.0,3.0,3.833
89,42,2,urban,3.29,3.2,3.84,4.51,2.0,3.0,4.0,3.0,4.0,3.0,2.5
90,31,5,urban,3.74,4.45,2.97,3.43,4.0,1.0,4.0,2.0,4.0,2.0,2.167
91,49,5,urban,2.66,3.43,3.13,3.68,4.0,4.0,2.0,,2.0,4.0,4.0
92,46,3,urban,3.9,2.87,4.1,3.95,3.0,4.0,3.0,4.0,3.0,4.0,3.5
93,45,3,rural,4.37,4.58,4.55,4.27,2.0,2.0,3.0,2.0,3.0,3.0,2.5
94,51,4,urban,4.05,4.04,4.31,4.0,3.0,4.0,2.0,4.0,1.0,4.0,4.0
95,54,3,urban,4.49,3.86,2.99,2.47,3.0,3.0,3.0,4.0,3.0,3.0,3.167
96,28,3,urban,3.62,2.63,4.41,5.21,1.0,1.0,5.0,1.0,5.0,1.0,1.0
97,26,2,rural,3.96,5.25,4.9,3.86,1.0,2.0,3.0,2.0,4.0,2.0,2.0
98,60,3,urban,3.96,3.24,4.85,3.33,2.0,1.0,5.0,2.0,4.0,2.0,1.667
99,74,2,rural,5.85,3.48,4.37,4.48,5.0,4.0,2.0,5.0,1.0,5.0,4.667
100,49,4,urban,2.63,3.84,2.34,2.46,4.0,4.0,2.0,4.0,4.0,4.0,3.667
101,44,4,rural,5.94,4.8,2.66,4.73,3.0,3.0,3.0,2.0,3.0,4.0,3.0
102,54,4,rural,3.2,4.47,4.09,4.44,1.0,1.0,4.0,1.0,4.0,1.0,1.333
103,20,2,rural,3.59,3.67,5.3,4.0,2.0,1.0,3.0,2.0,5.0,1.0,1.667
104,39,2,urban,4.2,4.11,3.43,2.99,3.0,3.0,2.0,3.0,4.0,3.0,3.0
105,38,3,rural,4.51,4.77,4.15,4.66,2.0,2.0,4.0,1.0,4.0,2.0,1.833
106,42,4,urban,3.9,4.03,3.89,3.31,4.0,5.0,2.0,3.0,1.0,5.0,4.333
107,61,4,urban,4.15,4.18,4.91,3.24,2.0,3.0,2.0,3.0,3.0,3.0,3.0
108,46,1,urban,5.31,5.65,5.37,3.37,2.0,3.0,3.0,,3.0,3.0,2.8
109,67,5,urban,6.51,4.78,3.83,4.87,2.0,2.0,,4.0,3.0,3.0,2.8
110,45,5,urban,4.34,4.65,4.05,2.72,2.0,2.0,4.0,2.0,5.0,3.0,2.0
111,19,5,rural,4.62,4.6,4.25,3.18,2.0,1.0,5.0,1.0,4.0,3.0,1.667
112,57,2,urban,3.83,2.62,4.44,4.73,2.0,1.0,5.0,1.0,5.0,2.0,1.333
113,64,3,urban,5.58,5.83,5.3,5.48,3.0,2.0,2.0,3.0,3.0,4.0,3.167
114,51,3,rural,3.82,4.51,3.11,2.55,3.0,3.0,4.0,4.0,,4.0,3.2
115,72,1,urban,4.44,5.49,3.59,3.33,3.0,3.0,4.0,,2.0,3.0,3.0
116,42,2,urban,2.9,2.99,3.6,4.45,2.0,3.0,3.0,1.0,2.0,2.0,2.5
117,64,1,urban,1.3,1.5,2.11,2.89,3.0,3.0,3.0,3.0,4.0,2.0,2.667
118,18,1,rural,6.18,7.0,4.79,4.26,5.0,3.0,2.0,3.0,4.0,3.0,3.333
119,20,3,rural,4.99,3.78,5.03,4.68,1.0,1.0,5.0,1.0,5.0,1.0,1.0
120,64,2,rural,4.84,3.87,5.06,4.93,3.0,3.0,3.0,1.0,4.0,3.0,2.5
121,68,1,rural,3.01,3.85,3.24,2.54,2.0,2.0,4.0,2.0,2.0,3.0,2.5
122,48,5,urban,2.32,2.65,2.93,2.37,2.0,4.0,4.0,3.0,3.0,3.0,2.833
123,61,1,urban,3.7,4.15,3.12,4.48,2.0,2.0,3.0,4.0,4.0,3.0,2.667
124,36,2,urban,4.05,2.97,4.38,5.64,2.0,3.0,2.0,3.0,3.0,3.0,3.0
125,60,2,urban,4.65,3.03,3.48,4.6,4.0,4.0,3.0,3.0,3.0,3.0,3.333
126,46,3,rural,3.95,3.53,3.83,3.73,4.0,4.0,1.0,4.0,1.0,4.0,4.333
127,35,5,urban,5.21,5.26,4.2,3.66,5.0,,3.0,4.0,2.0,4.0,4.0
128,23,1,rural,4.28,4.14,3.66,3.91,3.0,2.0,3.0,4.0,2.0,2.0,3.0
129,28,1,urban,4.24,5.1,3.24,4.56,5.0,4.0,1.0,5.0,2.0,4.0,4.5
130,70,2,urban,5.09,4.44,3.48,4.97,5.0,5.0,1.0,5.0,2.0,5.0,4.833
131,43,1,urban,3.28,3.72,3.34,3.56,4.0,3.0,2.0,3.0,3.0,3.0,3.333
132,75,1,urban,4.32,3.47,5.1,4.85,3.0,3.0,4.0,2.0,3.0,1.0,2.333
133,38,5,urban,3.39,2.47,2.69,2.06,4.0,4.0,1.0,5.0,2.0,5.0,4.5
134,21,2,urban,3.27,2.59,4.17,3.82,1.0,1.0,5.0,2.0,4.0,2.0,1.5
135,32,4,rural,5.44,4.23,4.74,5.77,5.0,5.0,1.0,5.0,1.0,5.0,5.0
136,38,5,urban,5.02,6.18,4.57,4.26,4.0,5.0,2.0,4.0,3.0,5.0,4.167
137,58,4,urban,4.47,3.25,4.74,4.77,2.0,3.0,2.0,1.0,3.0,2.0,2.5
138,60,1,rural,5.24,4.04,4.6,5.19,2.0,3.0,3.0,3.0,3.0,2.0,2.667
139,60,2,urban,4.31,5.28,4.77,5.06,3.0,3.0,2.0,3.0,3.0,3.0,3.167
140,36,1,urban,5.28,4.24,4.96,4.68,3.0,2.0,3.0,1.0,2.0,2.0,2.5
141,40,5,rural,3.1,3.93,2.21,2.56,5.0,4.0,2.0,5.0,2.0,5.0,4.5
142,50,3,urban,3.8,2.06,3.5,1.88,2.0,2.0,5.0,3.0,4.0,3.0,2.167
143,53,5,urban,4.32,3.42,2.7,2.45,4.0,5.0,2.0,4.0,2.0,3.0,4.0
144,42,3,urban,2.95,3.78,1.92,2.62,2.0,1.0,4.0,1.0,4.0,2.0,1.667
145,29,3,urban,3.28,2.21,3.34,4.18,5.0,4.0,2.0,3.0,3.0,3.0,3.667
146,62,1,rural,2.72,3.37,3.76,3.85,2.0,3.0,3.0,4.0,3.0,4.0,3.167
147,48,5,rural,4.62,4.4,3.62,4.86,4.0,2.0,3.0,5.0,3.0,2.0,3.167
148,73,5,rural,3.49,3.24,4.06,2.89,4.0,4.0,3.0,5.0,2.0,4.0,4.0
149,72,3,urban,4.21,3.91,4.2,2.58,5.0,5.0,2.0,4.0,2.0,4.0,4.333
150,69,2,urban,4.46,4.84,4.14,4.62,3.0,5.0,,4.0,2.0,3.0,3.8
151,73,3,rural,3.79,3.83,3.11,5.05,5.0,5.0,1.0,5.0,2.0,5.0,4.833
152,54,3,rural,3.97,4.77,4.97,4.57,2.0,1.0,4.0,1.0,4.0,2.0,1.667
153,35,4,rural,4.08,4.67,5.83,4.35,,2.0,4.0,2.0,3.0,2.0,2.2
154,27,2,urban,4.37,5.45,3.03,4.35,2.0,1.0,5.0,2.0,3.0,2.0,1.833
155,24,4,rural,5.27,4.42,4.97,5.79,3.0,4.0,3.0,4.0,3.0,3.0,3.333
156,72,5,rural,2.86,3.45,2.44,2.07,3.0,3.0,5.0,2.0,3.0,2.0,2.333
157,33,2,rural,4.04,3.18,4.12,3.74,4.0,3.0,1.0,5.0,1.0,5.0,4.5
158,19,4,urban,2.76,3.75,4.3,4.78,2.0,3.0,3.0,2.0,2.0,3.0,2.833
159,20,3,rural,5.38,4.25,3.8,4.3,2.0,4.0,3.0,4.0,2.0,3.0,3.333
160,35,2,rural,2.14,3.37,2.61,2.4,3.0,2.0,5.0,3.0,4.0,3.0,2.333
161,74,1,urban,4.11,3.84,3.85,3.67,3.0,4.0,2.0,,2.0,,
162,34,5,urban,3.54,3.58,3.8,3.06,3.0,3.0,3.0,,4.0,,
163,23,5,urban,3.38,3.81,3.62,2.48,3.0,3.0,3.0,2.0,4.0,1.0,2.333
164,56,1,rural,4.65,3.79,5.19,4.88,4.0,3.0,3.0,2.0,4.0,2.0,2.667
165,21,3,urban,4.47,3.74,2.44,2.25,4.0,4.0,1.0,5.0,1.0,3.0,4.333
166,46,1,urban,3.0,2.9,3.01,3.28,,4.0,1.0,3.0,2.0,4.0,4.0
167,22,1,rural,4.4,3.8,4.6,3.51,4.0,3.0,4.0,3.0,2.0,4.0,3.333
168,23,1,rural,4.23,4.63,3.52,4.16,5.0,5.0,2.0,5.0,1.0,5.0,4.833
169,38,5,urban,3.21,3.21,3.44,3.3,1.0,2.0,5.0,1.0,4.0,2.0,1.5
170,18,3,rural,2.51,2.64,2.94,3.05,2.0,2.0,3.0,4.0,2.0,2.0,2.833
171,67,5,urban,4.73,5.08,5.25,3.33,3.0,3.0,4.0,4.0,3.0,4.0,3.167
172,53,4,urban,4.63,4.92,4.45,4.46,5.0,4.0,3.0,5.0,1.0,5.0,4.5
173,72,4,urban,4.46,4.14,2.61,3.03,4.0,4.0,2.0,5.0,,3.0,4.0
174,46,1,urban,3.43,5.61,2.94,2.72,3.0,4.0,2.0,4.0,2.0,4.0,3.833
175,50,3,rural,5.14,3.84,4.27,4.6,2.0,1.0,,3.0,3.0,3.0,2.4
176,52,3,rural,7.0,7.0,5.06,5.7,4.0,4.0,2.0,5.0,1.0,4.0,4.333
177,45,3,urban,4.1,4.26,4.59,5.66,5.0,5.0,3.0,5.0,1.0,4.0,4.5
178,50,1,urban,4.46,5.07,3.82,4.11,5.0,4.0,1.0,5.0,2.0,,4.6
179,51,1,rural,3.13,3.23,4.68,4.33,3.0,2.0,4.0,4.0,3.0,3.0,2.833
180,69,4,rural,3.14,4.41,5.31,3.62,2.0,2.0,3.0,4.0,4.0,2.0,2.5
181,35,1,rural,5.67,4.2,3.87,3.58,4.0,,3.0,4.0,5.0,3.0,3.0
182,71,5,urban,6.18,5.93,4.12,5.33,4.0,5.0,2.0,5.0,2.0,5.0,4.5
183,28,2,urban,3.69,4.01,4.69,3.85,4.0,4.0,3.0,4.0,2.0,3.0,3.667
184,28,5,urban,3.29,4.28,3.89,5.34,4.0,4.0,1.0,5.0,3.0,5.0,4.333
185,32,3,urban,3.02,3.01,3.77,2.67,1.0,2.0,5.0,1.0,5.0,1.0,1.167
186,72,3,rural,3.33,3.92,3.32,3.43,3.0,3.0,4.0,2.0,2.0,4.0,3.0
187,32,4,urban,3.98,3.35,3.36,3.52,4.0,3.0,2.0,5.0,3.0,1.0,3.333
188,63,5,urban,2.7,2.92,3.53,3.0,4.0,4.0,3.0,2.0,2.0,4.0,3.5
189,51,1,rural,3.23,3.33,4.52,3.84,2.0,1.0,5.0,2.0,5.0,2.0,1.5
190,55,3,urban,4.86,4.02,2.97,3.48,2.0,4.0,3.0,4.0,3.0,5.0,3.5
191,22,1,urban,3.76,3.45,3.7,3.95,4.0,4.0,2.0,3.0,3.0,3.0,3.5
192,56,4,rural,3.15,2.5,4.98,4.22,1.0,2.0,2.0,2.0,4.0,4.0,2.5
193,22,4,rural,2.76,3.14,3.26,4.34,5.0,,3.0,4.0,2.0,3.0,3.8
194,49,1,rural,4.98,5.73,5.43,6.89,2.0,1.0,5.0,,5.0,2.0,1.4
195,63,5,rural,2.88,5.59,4.47,4.66,3.0,3.0,3.0,3.0,3.0,3.0,3.0
196,71,5,rural,3.78,3.19,4.08,4.33,5.0,4.0,3.0,5.0,1.0,3.0,4.167
197,75,5,rural,4.91,3.93,3.89,3.24,4.0,4.0,2.0,3.0,1.0,4.0,4.0
198,31,5,rural,4.45,4.53,4.19,3.68,2.0,1.0,3.0,3.0,3.0,3.0,2.5
199,62,4,urban,4.21,4.51,5.42,3.22,3.0,3.0,3.0,4.0,4.0,3.0,3.0
200,52,2,urban,4.21,3.09,3.17,4.06,3.0,2.0,3.0,1.0,3.0,3.0,2.5
201,60,5,urban,2.98,1.53,2.09,1.72,4.0,5.0,2.0,4.0,3.0,5.0,4.167
202,65,2,urban,3.2,3.72,4.59,4.72,3.0,4.0,2.0,3.0,4.0,3.0,3.167
203,45,3,urban,3.45,4.73,4.91,3.68,1.0,4.0,3.0,5.0,2.0,4.0,3.5
204,25,4,urban,1.07,3.37,1.03,2.52,1.0,1.0,5.0,1.0,5.0,1.0,1.0
205,63,4,rural,3.5,3.69,4.36,4.53,3.0,5.0,1.0,3.0,1.0,,4.2
206,53,2,rural,3.82,4.99,3.97,2.36,5.0,5.0,1.0,5.0,1.0,5.0,5.0
207,25,3,urban,3.83,3.76,3.78,3.2,4.0,3.0,1.0,2.0,2.0,4.0,3.667
208,41,3,urban,3.79,2.75,3.86,4.21,4.0,3.0,3.0,2.0,3.0,3.0,3.0
209,26,2,rural,4.12,3.96,5.81,5.24,3.0,3.0,3.0,3.0,5.0,2.0,2.5
210,62,2,urban,4.19,4.93,4.63,4.99,4.0,4.0,2.0,4.0,3.0,4.0,3.833
211,37,5,urban,5.54,5.02,5.66,4.69,2.0,,4.0,2.0,3.0,3.0,2.4
212,21,2,urban,4.07,3.58,4.68,4.24,3.0,1.0,3.0,3.0,5.0,2.0,2.167
213,34,3,rural,4.77,4.5,4.7,5.94,2.0,1.0,5.0,2.0,5.0,1.0,1.333
214,53,1,urban,3.33,3.86,3.45,3.82,4.0,3.0,4.0,4.0,4.0,4.0,3.167
215,52,4,urban,4.25,4.25,4.08,4.77,3.0,3.0,3.0,2.0,4.0,2.0,2.5
216,67,5,urban,4.21,4.36,3.39,3.53,4.0,4.0,2.0,3.0,3.0,4.0,3.667
217,38,3,urban,3.7,4.11,4.39,2.85,3.0,2.0,2.0,3.0,2.0,2.0,3.0
218,54,1,rural,2.22,3.78,4.2,4.22,2.0,3.0,3.0,2.0,3.0,3.0,2.667
219,72,1,urban,2.59,3.25,3.34,3.95,4.0,4.0,2.0,4.0,3.0,2.0,3.5
220,36,2,urban,4.37,4.1,3.82,4.78,3.0,2.0,4.0,1.0,5.0,3.0,2.0
221,19,1,urban,3.88,4.21,3.42,2.96,2.0,1.0,3.0,4.0,2.0,2.0,2.667
222,56,2,rural,3.68,4.28,5.32,3.94,4.0,4.0,2.0,3.0,3.0,2.0,3.333
223,52,3,urban,3.25,2.15,3.04,1.62,2.0,1.0,4.0,1.0,4.0,3.0,1.833
224,37,3,rural,4.02,4.92,3.4,4.21,2.0,1.0,,2.0,5.0,2.0,1.6
225,50,4,urban,4.5,5.65,3.36,4.48,3.0,2.0,3.0,3.0,4.0,3.0,2.667
226,56,5,urban,5.79,5.09,4.69,4.01,2.0,2.0,2.0,3.0,3.0,3.0,2.833
227,65,4,rural,3.92,4.44,4.99,4.06,4.0,3.0,2.0,5.0,2.0,4.0,4.0
228,25,3,urban,3.76,3.26,4.99,4.23,3.0,3.0,3.0,2.0,3.0,2.0,2.667
229,45,2,urban,4.21,4.66,4.72,5.71,4.0,3.0,2.0,2.0,3.0,4.0,3.333
230,34,5,rural,5.1,3.98,4.06,4.96,3.0,4.0,4.0,3.0,4.0,2.0,2.667
231,37,1,urban,6.24,5.49,7.0,6.91,1.0,1.0,4.0,1.0,5.0,1.0,1.167
232,19,4,rural,4.5,4.76,4.32,4.1,3.0,2.0,3.0,2.0,3.0,3.0,2.667
233,42,3,urban,2.51,2.48,3.66,3.25,2.0,4.0,5.0,3.0,4.0,4.0,2.667
234,22,3,urban,3.97,3.1,5.83,5.76,3.0,2.0,,2.0,3.0,2.0,2.4
235,71,1,rural,2.82,3.01,3.22,2.06,4.0,3.0,3.0,2.0,3.0,3.0,3.0
236,50,2,rural,2.99,2.94,2.33,3.53,3.0,4.0,3.0,3.0,2.0,3.0,3.333
237,42,2,urban,5.76,4.79,6.5,4.28,3.0,3.0,3.0,4.0,2.0,2.0,3.167
238,31,1,rural,3.61,2.88,3.52,4.39,4.0,3.0,4.0,3.0,2.0,4.0,3.333
239,72,3,rural,3.24,4.41,3.59,4.14,3.0,4.0,1.0,4.0,1.0,5.0,4.333
240,47,3,rural,5.33,4.57,3.49,3.21,3.0,4.0,4.0,1.0,3.0,,2.6
241,75,2,rural,4.04,4.37,4.48,4.41,4.0,4.0,2.0,5.0,3.0,4.0,4.0
242,56,5,urban,2.83,1.99,4.2,2.95,3.0,4.0,2.0,3.0,2.0,4.0,3.667
243,75,3,rural,4.02,3.54,4.32,3.26,1.0,2.0,3.0,3.0,4.0,2.0,2.167
244,69,1,urban,2.57,4.41,4.51,3.68,4.0,3.0,4.0,3.0,3.0,3.0,3.0
245,61,1,urban,3.11,2.76,3.17,2.85,,4.0,4.0,4.0,3.0,3.0,3.2
246,38,2,rural,4.15,4.31,5.03,5.33,4.0,5.0,1.0,4.0,2.0,4.0,4.333
247,63,1,rural,1.43,4.12,3.71,5.26,,3.0,2.0,3.0,3.0,3.0,3.2
248,36,5,rural,4.68,4.4,5.39,4.73,3.0,4.0,2.0,3.0,1.0,5.0,4.0
249,67,5,urban,4.22,5.33,2.65,3.42,5.0,5.0,3.0,4.0,1.0,4.0,4.333
250,36,5,rural,4.81,3.76,4.08,4.79,2.0,1.0,5.0,1.0,4.0,1.0,1.333
251,22,3,rural,3.58,3.36,4.71,3.98,1.0,1.0,4.0,3.0,4.0,3.0,2.0
252,24,3,urban,4.4,4.18,4.48,4.65,3.0,3.0,2.0,4.0,,3.0,3.4
253,44,5,rural,2.99,2.96,2.73,1.67,1.0,1.0,5.0,1.0,4.0,1.0,1.167
254,56,4,rural,3.05,3.7,3.72,3.14,3.0,2.0,4.0,3.0,4.0,4.0,2.667
255,34,5,urban,4.08,2.62,4.41,2.88,3.0,5.0,2.0,4.0,1.0,4.0,4.167
256,65,1,urban,4.0,3.15,4.9,2.77,,4.0,2.0,2.0,3.0,4.0,3.4
257,32,1,urban,3.97,5.02,4.2,4.88,5.0,4.0,1.0,5.0,2.0,5.0,4.667
258,45,1,rural,5.33,4.89,4.17,4.01,3.0,4.0,2.0,5.0,2.0,4.0,4.0
259,37,2,rural,3.71,4.21,4.41,5.46,2.0,4.0,3.0,3.0,3.0,4.0,3.167
260,50,4,rural,4.43,5.59,4.42,5.52,4.0,3.0,4.0,2.0,4.0,3.0,2.667
261,28,3,rural,4.32,2.79,5.66,4.73,5.0,3.0,2.0,2.0,3.0,3.0,3.333
262,73,3,rural,4.14,1.69,3.22,3.3,3.0,4.0,2.0,4.0,1.0,5.0,4.167
263,71,1,rural,4.39,5.64,4.81,3.77,1.0,3.0,4.0,2.0,4.0,4.0,2.333
264,58,1,urban,2.25,1.85,2.92,1.16,2.0,3.0,4.0,4.0,3.0,3.0,2.833
265,48,1,urban,3.43,3.71,5.26,4.02,1.0,2.0,5.0,2.0,3.0,1.0,1.667
266,61,2,rural,5.08,3.34,3.98,3.91,4.0,2.0,3.0,2.0,3.0,4.0,3.0
267,45,5,urban,3.69,1.76,4.39,3.54,2.0,3.0,3.0,,3.0,3.0,2.8
268,69,4,urban,4.68,4.33,4.82,3.63,3.0,2.0,3.0,3.0,3.0,1.0,2.5
269,21,5,urban,4.45,4.63,4.42,4.17,2.0,1.0,4.0,1.0,4.0,2.0,1.667
270,30,2,urban,1.0,1.49,1.0,1.63,3.0,3.0,3.0,2.0,4.0,3.0,2.667
271,44,2,urban,2.67,1.15,3.21,3.55,5.0,5.0,1.0,5.0,2.0,5.0,4.833
272,55,5,rural,3.32,3.82,5.28,3.62,1.0,2.0,5.0,3.0,3.0,3.0,2.167
273,59,4,urban,3.3,5.08,3.34,5.18,2.0,4.0,3.0,2.0,4.0,3.0,2.667
274,59,4,rural,3.53,2.32,1.21,3.12,3.0,2.0,3.0,2.0,4.0,2.0,2.333
275,72,3,urban,3.55,4.32,4.18,3.86,4.0,2.0,2.0,3.0,3.0,3.0,3.167
276,66,1,rural,3.17,3.7,2.63,2.57,5.0,5.0,2.0,4.0,1.0,5.0,4.667
277,71,4,rural,3.31,2.09,1.94,2.13,4.0,3.0,3.0,4.0,2.0,4.0,3.667
278,37,2,urban,2.03,3.6,2.84,3.83,3.0,3.0,4.0,4.0,3.0,2.0,2.833
279,58,2,urban,5.92,5.28,3.43,3.67,4.0,5.0,2.0,4.0,4.0,4.0,3.833
280,57,4,rural,5.37,4.69,5.2,4.77,3.0,3.0,2.0,5.0,3.0,4.0,3.667
281,53,3,urban,4.85,5.51,5.52,5.15,1.0,1.0,5.0,1.0,5.0,1.0,1.0
282,53,1,rural,3.89,3.94,4.41,3.69,4.0,4.0,2.0,4.0,3.0,5.0,4.0
283,48,5,rural,3.07,4.44,3.19,3.7,2.0,3.0,3.0,3.0,3.0,4.0,3.0
284,41,2,rural,6.41,7.0,5.16,3.29,1.0,3.0,3.0,4.0,2.0,3.0,3.0
285,25,5,rural,3.03,3.58,3.1,2.61,3.0,4.0,2.0,3.0,2.0,4.0,3.667
286,23,3,urban,5.4,5.18,4.91,2.96,2.0,2.0,4.0,3.0,2.0,3.0,2.667
287,18,2,rural,4.28,3.7,2.09,2.82,2.0,4.0,3.0,3.0,3.0,3.0,3.0
288,38,5,urban,3.06,4.65,3.72,3.35,1.0,2.0,5.0,2.0,4.0,3.0,1.833
289,39,5,urban,3.16,2.5,4.31,5.48,4.0,4.0,3.0,2.0,3.0,3.0,3.167
290,73,2,rural,3.55,3.32,5.13,3.75,3.0,3.0,2.0,3.0,2.0,3.0,3.333
291,32,2,urban,3.35,3.56,4.4,4.18,3.0,3.0,4.0,3.0,2.0,3.0,3.0
292,30,3,urban,2.56,2.99,3.5,3.89,5.0,5.0,2.0,3.0,3.0,3.0,3.833
293,20,4,rural,4.4,3.67,2.88,4.71,3.0,2.0,3.0,3.0,5.0,2.0,2.333
294,24,3,rural,3.05,4.13,3.78,4.12,3.0,3.0,3.0,,3.0,3.0,3.0
295,56,4,urban,4.73,4.19,3.02,4.27,2.0,4.0,3.0,1.0,3.0,1.0,2.333
296,39,5,rural,3.79,2.15,2.92,4.98,3.0,3.0,4.0,2.0,3.0,3.0,2.667
297,53,3,rural,4.11,5.0,3.73,2.45,5.0,3.0,3.0,5.0,3.0,4.0,3.833
298,23,5,rural,4.09,5.44,4.43,3.69,3.0,1.0,5.0,2.0,5.0,1.0,1.5
299,62,5,urban,3.58,3.3,4.41,3.77,3.0,2.0,3.0,4.0,3.0,3.0,3.0
300,33,5,urban,3.87,5.01,4.32,4.03,1.0,1.0,5.0,1.0,5.0,1.0,1.0
301,21,3,urban,4.14,3.66,3.15,3.07,2.0,3.0,4.0,2.0,4.0,2.0,2.167
302,71,5,urban,6.28,4.57,3.99,5.21,5.0,5.0,1.0,4.0,3.0,3.0,4.167
303,38,5,urban,2.68,2.47,2.56,2.59,4.0,2.0,4.0,2.0,4.0,2.0,2.333
304,36,5,urban,3.27,4.87,4.82,3.67,2.0,1.0,5.0,2.0,5.0,2.0,1.5
305,20,5,urban,3.58,4.84,2.78,3.74,3.0,2.0,5.0,3.0,5.0,2.0,2.0
306,51,2,urban,2.71,3.78,3.09,2.73,5.0,5.0,1.0,4.0,1.0,4.0,4.667
307,34,5,urban,2.63,2.37,4.08,2.9,4.0,5.0,2.0,5.0,1.0,4.0,4.5
308,31,3,rural,2.41,3.69,2.74,2.05,5.0,5.0,3.0,5.0,2.0,3.0,4.167
309,57,5,urban,3.9,3.07,3.97,3.82,5.0,3.0,2.0,4.0,3.0,5.0,4.0
310,56,5,urban,3.42,4.15,3.75,4.62,3.0,4.0,1.0,4.0,3.0,3.0,3.667
311,26,1,rural,4.12,3.63,3.52,4.43,3.0,3.0,1.0,3.0,3.0,4.0,3.5
312,25,1,rural,2.52,2.66,1.57,3.02,,2.0,4.0,2.0,4.0,1.0,1.8
313,32,4,urban,3.05,3.01,3.5,3.69,2.0,2.0,4.0,2.0,5.0,1.0,1.667
314,63,2,rural,4.86,2.86,3.11,3.21,4.0,4.0,2.0,4.0,1.0,4.0,4.167
315,33,4,rural,4.7,3.01,4.1,4.03,3.0,4.0,2.0,3.0,2.0,3.0,3.5
316,42,4,urban,2.38,2.91,2.05,1.8,4.0,4.0,3.0,3.0,2.0,5.0,3.833
317,25,3,rural,4.77,3.6,4.68,4.51,3.0,3.0,2.0,4.0,,4.0,3.6
318,28,4,rural,3.39,4.29,4.43,4.91,2.0,1.0,4.0,1.0,3.0,3.0,2.0
319,56,3,urban,2.83,4.24,4.72,2.73,,,5.0,2.0,4.0,2.0,
320,61,3,rural,4.66,3.15,3.3,4.86,5.0,5.0,3.0,4.0,2.0,4.0,4.167
321,68,2,rural,4.83,3.29,3.08,1.83,4.0,5.0,2.0,5.0,1.0,4.0,4.5
322,50,3,rural,1.44,2.33,3.18,2.55,2.0,3.0,4.0,2.0,4.0,2.0,2.167
323,34,1,urban,4.79,6.03,4.02,3.17,3.0,2.0,4.0,2.0,4.0,2.0,2.167
324,43,4,rural,3.43,3.03,2.89,2.76,2.0,2.0,3.0,3.0,2.0,3.0,2.833
325,27,4,rural,3.4,4.03,3.44,3.31,3.0,3.0,2.0,5.0,2.0,5.0,4.0
326,31,4,urban,3.55,2.4,2.66,4.35,2.0,3.0,4.0,,4.0,2.0,2.2
327,45,1,urban,4.99,3.86,5.9,4.1,2.0,1.0,3.0,3.0,2.0,3.0,2.667
328,63,4,rural,5.17,5.08,4.86,3.73,5.0,5.0,2.0,3.0,2.0,5.0,4.333
329,33,4,urban,4.24,3.94,2.11,2.51,2.0,4.0,3.0,5.0,2.0,4.0,3.667
330,39,1,urban,4.68,4.79,2.8,3.04,2.0,1.0,3.0,3.0,3.0,3.0,2.5
331,20,1,urban,6.02,5.3,5.03,4.17,1.0,2.0,4.0,2.0,4.0,2.0,1.833
332,20,4,urban,3.87,3.9,4.21,2.89,3.0,4.0,4.0,,2.0,3.0,3.2
333,49,3,urban,2.88,3.28,3.99,3.99,1.0,3.0,4.0,3.0,5.0,2.0,2.0
334,73,3,urban,4.41,5.33,5.5,4.57,4.0,3.0,2.0,3.0,,4.0,3.6
335,51,1,urban,4.59,4.29,4.32,5.02,4.0,4.0,1.0,3.0,2.0,3.0,3.833
336,19,2,urban,3.73,4.51,3.08,4.54,3.0,,3.0,3.0,2.0,3.0,3.2
337,51,4,rural,3.7,3.59,4.02,2.59,4.0,4.0,2.0,4.0,3.0,4.0,3.833
338,24,4,urban,6.04,5.27,5.2,6.13,2.0,1.0,4.0,2.0,5.0,2.0,1.667
339,58,2,rural,3.64,2.9,2.94,3.85,4.0,3.0,2.0,3.0,4.0,3.0,3.167
340,45,2,urban,3.0,1.7,1.89,3.92,5.0,3.0,2.0,2.0,3.0,3.0,3.333
341,39,3,urban,1.22,1.96,1.93,2.52,4.0,3.0,4.0,3.0,2.0,4.0,3.333
342,30,2,rural,4.71,4.48,3.68,4.46,1.0,3.0,3.0,4.0,2.0,4.0,3.167
343,28,2,rural,5.17,4.29,4.61,4.87,2.0,2.0,5.0,1.0,3.0,2.0,1.833
344,37,2,rural,2.73,3.64,5.02,5.36,5.0,4.0,1.0,5.0,1.0,4.0,4.667
345,44,3,urban,4.48,3.62,4.06,3.53,4.0,3.0,3.0,2.0,2.0,4.0,3.333
346,50,3,rural,3.56,2.59,3.83,3.3,3.0,2.0,3.0,3.0,4.0,3.0,2.667
347,57,4,rural,3.97,2.77,4.0,3.73,2.0,4.0,2.0,3.0,2.0,3.0,3.333
348,73,2,rural,3.32,4.08,5.04,5.47,4.0,4.0,3.0,4.0,2.0,,3.8
349,19,1,rural,3.9,3.24,2.85,4.72,4.0,4.0,2.0,4.0,1.0,4.0,4.167
350,72,2,rural,4.77,4.43,4.85,3.51,4.0,5.0,3.0,4.0,1.0,2.0,3.833
351,50,4,rural,3.4,2.47,2.78,3.77,2.0,4.0,3.0,4.0,2.0,2.0,3.167
352,22,5,rural,3.23,2.8,3.39,3.55,3.0,3.0,2.0,3.0,3.0,4.0,3.333
353,68,4,rural,2.9,3.28,3.85,3.53,3.0,2.0,4.0,2.0,4.0,1.0,2.0
354,67,2,rural,5.04,5.44,3.39,4.3,4.0,4.0,3.0,3.0,4.0,4.0,3.333
355,34,5,urban,3.08,2.54,3.08,4.99,5.0,4.0,2.0,4.0,3.0,3.0,3.833
356,27,3,urban,4.53,3.11,4.29,4.68,2.0,1.0,4.0,2.0,4.0,3.0,2.0
357,35,2,rural,2.67,3.14,3.76,3.28,2.0,2.0,4.0,3.0,4.0,3.0,2.333
358,65,3,rural,1.79,2.74,2.82,2.58,4.0,4.0,2.0,3.0,3.0,3.0,3.5
359,71,5,urban,3.35,3.21,6.1,5.25,3.0,2.0,4.0,,3.0,,
360,35,3,urban,4.15,5.0,5.64,4.96,3.0,4.0,2.0,3.0,3.0,4.0,3.5
361,45,1,urban,5.0,3.16,2.91,4.6,2.0,2.0,5.0,1.0,4.0,1.0,1.5
362,59,2,urban,4.71,3.7,4.1,5.32,4.0,4.0,2.0,3.0,3.0,4.0,3.667
363,28,5,rural,4.24,4.08,4.65,4.53,3.0,2.0,4.0,3.0,3.0,3.0,2.667
364,59,3,rural,1.43,1.69,2.9,3.62,4.0,3.0,3.0,3.0,4.0,4.0,3.167
365,31,2,urban,4.4,4.44,5.43,6.11,,1.0,3.0,3.0,3.0,2.0,2.4
366,67,5,rural,2.44,3.0,1.0,3.48,4.0,4.0,2.0,3.0,4.0,4.0,3.5
367,25,2,urban,3.22,3.27,2.64,2.5,3.0,3.0,2.0,3.0,3.0,3.0,3.167
368,74,2,rural,5.7,6.88,6.38,4.1,2.0,3.0,3.0,3.0,2.0,3.0,3.0
369,59,1,urban,4.92,3.69,5.31,3.56,4.0,3.0,3.0,2.0,2.0,4.0,3.333
370,33,5,rural,2.84,3.03,5.3,2.91,1.0,2.0,4.0,3.0,3.0,1.0,2.0
371,64,5,urban,3.57,4.07,5.37,4.88,2.0,2.0,4.0,2.0,5.0,,1.8
372,54,2,rural,4.71,3.76,2.76,2.48,4.0,3.0,1.0,5.0,2.0,4.0,4.167
373,45,3,urban,3.77,3.91,4.93,4.96,3.0,1.0,5.0,2.0,4.0,2.0,1.833
374,60,2,urban,3.71,4.44,3.77,3.15,3.0,2.0,4.0,2.0,4.0,2.0,2.167
375,57,5,rural,2.8,3.39,3.63,4.46,,4.0,2.0,3.0,2.0,2.0,3.4
