student,prior_gpa,motivation,parent_degree,tutoring,exam,recommended
1,3.53,0.56,1,1,88.7,1
2,2.15,1.1,0,0,52.2,0
3,2.9,-2.15,1,0,48.6,0
4,3.57,0.21,0,0,52.8,0
5,3.17,0.56,0,0,62.8,0
6,3.24,1.65,1,0,88.5,1
7,2.65,-0.6,0,0,68.6,0
8,2.54,1.28,1,1,59.8,0
9,2.96,1.2,1,1,67.6,1
10,3.64,0.22,0,0,62.0,1
11,2.84,-0.39,0,0,61.4,0
12,3.36,-1.07,0,0,51.8,0
13,3.45,-0.88,1,0,73.3,1
14,2.42,0.5,0,0,59.1,0
15,2.59,0.13,1,1,57.7,1
16,3.32,0.26,0,0,72.7,0
17,3.1,1.07,1,1,79.3,1
18,2.85,-0.68,0,0,62.5,1
19,2.86,-0.16,1,0,54.4,0
20,3.07,-1.04,0,0,56.0,0
21,3.08,0.7,0,0,68.1,1
22,3.31,0.62,0,0,73.1,0
23,2.11,-1.04,0,0,59.8,0
24,3.63,0.22,0,1,82.6,1
25,3.26,-0.3,1,1,70.2,1
26,3.03,0.12,1,1,69.5,1
27,2.8,1.11,0,0,69.3,0
28,2.68,-0.96,0,0,49.2,0
29,2.66,0.75,1,0,56.1,0
30,2.3,-2.4,0,0,37.6,0
31,3.36,-0.53,0,0,52.5,0
32,2.56,0.37,0,0,61.9,1
33,2.6,-1.2,0,0,56.5,0
34,3.45,2.12,0,1,78.4,1
35,3.32,0.9,0,1,84.7,1
36,3.1,-0.68,0,0,62.6,0
37,2.89,-1.47,1,0,56.6,0
38,2.81,0.53,1,1,66.3,0
39,3.02,0.79,0,1,63.7,0
40,2.22,-0.63,0,0,59.5,0
41,3.02,0.29,0,1,69.4,1
42,2.74,-0.2,1,0,71.0,1
43,2.86,-1.07,1,1,55.1,0
44,2.64,-0.09,0,0,55.7,0
45,2.39,-1.29,0,0,47.7,0
46,2.71,0.17,1,1,58.5,1
47,3.56,2.52,1,1,92.0,1
48,2.98,0.52,0,1,67.0,1
49,2.96,-3.59,1,0,48.5,0
50,3.63,0.67,0,0,90.1,1
51,3.59,0.16,0,1,73.0,1
52,2.76,0.22,1,1,71.7,1
53,3.32,-0.58,0,0,66.5,1
54,1.72,0.26,1,1,63.2,1
55,2.95,0.17,1,0,73.5,0
56,2.55,0.73,0,0,66.8,1
57,2.83,0.93,0,1,70.1,1
58,3.57,1.62,1,1,90.5,1
59,2.91,0.25,1,0,65.5,1
60,3.75,-1.08,1,0,63.5,0
61,2.58,-0.89,0,0,52.4,0
62,3.32,-0.25,1,0,68.4,1
63,2.41,-0.65,0,1,59.1,1
64,3.31,-0.76,0,0,64.6,0
65,2.87,-1.23,1,0,56.8,1
66,2.19,1.96,1,1,85.2,1
67,2.28,0.5,1,1,64.0,0
68,3.79,1.03,1,0,80.1,1
69,3.58,0.69,0,0,77.9,1
70,3.8,-0.1,1,0,68.8,0
71,3.22,-0.95,0,0,47.1,0
72,3.15,-0.52,1,1,62.4,1
73,2.61,2.25,0,1,75.1,0
74,3.31,-0.51,0,1,62.1,0
75,3.37,1.84,1,0,71.3,1
76,1.99,-0.18,0,0,50.1,0
77,3.72,0.04,0,1,61.6,1
78,2.47,1.04,0,0,71.9,1
79,2.43,-1.49,1,1,63.3,1
80,2.21,0.97,0,1,52.9,0
81,2.86,-1.14,1,0,48.6,0
82,4.0,0.33,1,0,73.7,1
83,2.97,1.82,1,1,83.1,1
84,2.15,-1.29,0,0,57.6,0
85,3.47,-0.09,0,0,59.6,0
86,2.74,0.8,0,0,60.9,1
87,2.47,-0.76,1,1,49.8,0
88,3.72,0.85,0,1,78.9,1
89,2.72,-0.38,0,0,54.5,0
90,2.56,0.29,1,1,57.8,0
91,3.08,0.06,1,0,75.3,1
92,3.41,-0.1,1,1,70.3,1
93,2.84,-0.06,1,0,63.7,0
94,2.88,-1.26,0,1,64.5,1
95,2.35,-1.68,0,1,50.2,0
96,2.63,0.11,0,0,60.1,0
97,3.48,0.01,0,1,62.3,0
98,2.6,0.79,0,0,54.7,0
99,2.35,-1.78,0,0,44.8,0
100,2.83,0.05,0,1,69.2,0
101,3.53,-0.71,0,0,62.2,1
102,2.96,0.34,0,1,88.3,1
103,4.0,-0.58,0,0,75.5,1
104,2.13,0.46,0,0,61.7,0
105,3.16,1.47,0,1,82.0,1
106,3.32,0.46,0,1,76.4,1
107,3.28,-1.02,0,1,64.1,0
108,2.56,-0.56,0,1,53.7,0
109,3.37,0.24,0,1,74.5,1
110,3.03,-0.53,0,1,56.0,1
111,2.88,0.45,0,1,78.4,0
112,2.94,0.86,1,1,82.7,1
113,2.47,0.05,0,0,63.3,0
114,4.0,-0.54,0,0,61.2,0
115,2.76,0.1,0,0,61.5,0
116,2.93,0.59,0,1,67.2,0
117,3.6,0.59,1,1,78.2,1
118,3.65,-1.62,0,0,71.2,0
119,2.55,0.59,1,0,66.6,0
120,3.07,2.18,0,0,71.0,1
121,2.35,0.86,0,1,66.3,1
122,2.05,0.82,0,1,65.4,0
123,3.83,-2.58,0,0,53.7,1
124,3.6,0.98,0,1,77.4,1
125,3.11,-0.85,1,0,60.3,0
126,2.62,0.2,0,1,62.6,1
127,3.66,-2.78,1,0,50.0,0
128,3.64,0.41,1,1,89.1,1
129,2.08,-1.13,0,0,51.6,0
130,3.31,-1.44,0,0,50.8,0
131,2.79,1.18,1,0,76.4,1
132,3.24,1.14,0,1,75.1,1
133,2.84,-0.09,0,1,69.6,0
134,3.13,-1.13,1,0,58.0,0
135,3.06,0.2,0,0,68.6,0
136,3.07,2.66,0,1,84.1,1
137,2.14,-0.47,1,1,63.6,0
138,3.39,-0.28,0,0,54.0,0
139,2.94,-0.24,0,0,63.9,0
140,2.85,0.18,0,1,66.0,1
141,2.71,0.47,1,1,66.7,0
142,2.54,1.0,1,1,72.0,1
143,2.39,-0.1,1,0,42.7,0
144,3.5,-0.71,0,0,55.5,0
145,2.81,1.78,1,1,76.9,1
146,3.3,-0.3,0,0,58.5,0
147,3.33,-0.46,0,1,65.7,1
148,3.85,0.83,1,1,81.7,1
149,2.45,-0.68,1,1,55.9,0
150,3.21,0.05,1,0,71.1,0
151,2.44,-0.11,0,0,45.6,0
152,2.23,-0.36,1,0,58.5,0
153,2.71,0.64,0,0,50.3,0
154,2.89,-0.33,0,1,61.4,1
155,2.92,-0.4,1,1,74.4,1
156,2.93,-1.26,1,0,65.7,1
157,3.1,1.76,0,1,81.9,1
158,2.9,-0.25,0,0,60.6,1
159,3.36,-0.92,1,1,68.8,0
160,3.36,1.8,0,1,84.0,1
161,3.63,-0.61,1,1,78.1,1
162,3.39,0.56,0,1,75.5,1
163,3.35,-0.09,1,0,58.8,0
164,2.97,0.97,1,0,80.0,1
165,3.15,0.79,0,1,77.4,1
166,3.22,0.21,1,1,67.8,1
167,3.24,-0.93,0,1,71.5,1
168,2.87,-0.34,0,1,70.0,1
169,3.48,-0.47,1,0,68.4,0
170,2.37,0.74,0,1,59.2,1
171,3.29,-0.28,1,0,59.8,0
172,2.64,1.75,0,1,77.7,1
173,3.73,1.1,0,1,72.8,1
174,3.01,-0.56,0,0,48.8,0
175,2.53,0.94,0,1,64.9,0
176,3.4,-0.23,0,1,63.3,1
177,3.14,1.56,0,1,92.6,0
178,2.95,1.08,1,1,68.5,1
179,3.43,2.13,0,1,99.1,1
180,2.8,0.51,0,1,64.7,1
181,3.28,-0.9,0,0,57.9,0
182,2.96,0.52,1,0,71.9,0
183,3.33,1.81,1,0,84.5,1
184,3.18,-0.48,1,0,60.7,1
185,3.84,-1.33,0,0,57.5,0
186,3.89,-2.53,0,0,54.3,0
187,3.42,-1.44,1,0,47.4,0
188,2.63,0.54,0,1,69.4,0
189,3.02,0.26,0,0,67.3,0
190,2.34,0.63,0,0,60.8,1
191,3.11,-1.61,1,0,49.5,0
192,2.83,-0.74,0,0,51.9,0
193,2.99,0.48,0,0,79.1,0
194,2.69,0.75,1,1,64.5,0
195,2.55,2.43,0,1,76.9,1
196,3.53,0.86,0,0,72.8,1
197,3.36,0.1,1,1,79.7,1
198,3.09,0.72,1,1,76.8,1
199,2.84,-1.49,0,0,58.3,0
200,2.68,0.31,1,1,56.9,1
201,3.62,-0.34,1,0,66.9,0
202,3.32,-1.05,0,0,45.6,0
203,2.71,0.12,1,0,60.6,0
204,3.23,-0.71,0,0,50.2,0
205,2.72,-0.47,0,0,53.2,0
206,2.69,0.06,1,1,63.4,1
207,3.74,-2.51,1,0,67.2,1
208,3.35,-0.99,1,0,67.0,0
209,3.16,0.02,0,1,66.8,0
210,2.9,-0.13,0,1,75.9,1
211,3.23,0.08,0,1,79.2,1
212,3.15,0.75,0,0,62.9,0
213,3.23,-0.1,1,0,58.3,0
214,3.04,1.81,0,1,79.4,1
215,3.21,-1.86,1,0,56.8,0
216,2.35,-0.4,0,0,49.9,1
217,2.25,0.55,1,0,58.6,0
218,2.27,1.42,0,1,74.3,1
219,3.05,-1.41,0,0,48.6,0
220,3.76,-0.38,0,0,64.5,0
221,2.86,0.86,0,1,64.7,1
222,2.27,1.38,1,1,68.1,1
223,3.5,0.7,1,1,77.3,1
224,3.53,-0.3,0,1,72.9,1
225,3.51,-0.83,1,0,73.9,1
226,3.29,-1.04,0,0,71.9,0
227,3.01,-0.51,1,0,59.7,0
228,2.77,-0.48,1,1,55.5,0
229,2.86,1.02,0,1,79.1,1
230,3.75,-1.84,1,0,63.9,0
231,2.85,1.12,1,1,70.4,1
232,3.22,-0.47,0,1,72.3,1
233,2.78,0.63,0,1,61.3,0
234,2.69,0.48,1,0,64.1,0
235,2.87,-0.31,1,0,57.5,0
236,3.26,-2.6,0,0,51.7,0
237,3.61,-1.17,0,0,61.7,0
238,2.57,0.06,0,1,54.2,1
239,2.54,-1.63,1,0,61.5,0
240,3.18,-1.39,1,0,63.5,0
241,3.62,-1.01,0,0,54.1,1
242,2.45,0.11,1,1,57.6,0
243,3.3,0.75,0,1,63.1,1
244,2.81,0.27,0,0,65.2,0
245,2.6,-0.37,0,0,65.5,0
246,3.79,-2.26,0,0,53.1,0
247,2.19,-0.03,0,0,68.2,1
248,3.15,1.58,1,1,93.1,1
249,2.85,-0.96,0,1,58.1,0
250,3.47,0.62,1,1,72.0,1
251,3.96,-0.25,0,0,65.1,0
252,4.0,-0.03,0,1,80.8,1
253,3.31,1.12,1,1,79.4,1
254,3.39,0.69,1,1,62.4,0
255,2.86,-0.21,1,0,60.5,0
256,3.28,1.04,0,1,69.0,1
257,3.53,-1.6,0,1,72.3,0
258,3.71,0.34,0,1,78.9,1
259,2.58,-0.03,0,1,63.9,0
260,3.19,1.09,0,1,75.2,1
261,3.4,0.44,0,1,67.3,1
262,2.94,0.35,0,1,64.8,1
263,3.78,-0.22,0,0,63.9,0
264,2.88,1.03,1,1,69.2,1
265,3.11,-0.35,0,0,62.3,0
266,2.74,-0.66,0,0,54.2,0
267,3.17,1.51,1,1,88.4,1
268,2.97,-0.52,1,1,71.5,1
269,2.39,-0.92,1,0,44.4,0
270,2.84,-0.95,0,1,59.0,1
271,3.08,0.17,0,1,61.2,1
272,3.25,-1.38,0,0,49.5,0
273,3.45,-0.45,0,0,66.3,0
274,2.58,-1.96,0,0,46.3,0
275,3.59,-0.84,1,0,75.8,1
276,2.83,0.79,0,1,59.6,1
277,3.48,-0.26,0,0,62.6,0
278,3.33,0.05,0,0,65.6,0
279,2.38,0.45,0,0,51.6,0
280,3.0,0.63,0,1,63.2,1
281,2.73,0.64,1,1,73.1,1
282,3.15,1.13,1,1,87.2,1
283,2.78,-1.44,1,0,54.5,0
284,2.6,-1.53,0,0,41.7,0
285,2.88,0.68,0,1,59.3,0
286,3.64,1.45,1,0,89.6,1
287,3.39,-2.04,1,0,66.1,0
288,1.97,0.79,0,1,52.1,0
289,2.17,-0.52,0,1,59.0,1
290,2.23,-1.12,0,0,49.3,0
291,2.07,-0.73,0,1,48.1,0
292,2.91,-2.77,1,0,63.0,0
293,2.78,0.51,0,1,73.7,1
294,1.93,-1.39,1,0,38.7,0
295,3.73,-0.29,0,1,75.0,1
296,3.67,-0.31,1,1,77.5,1
297,2.42,-0.67,1,1,56.4,1
298,2.68,0.14,0,0,57.4,0
299,3.7,-0.36,1,0,62.5,0
300,1.72,0.46,0,1,58.1,0
301,2.13,-1.13,1,0,49.7,0
302,2.79,0.03,0,0,56.5,0
303,2.85,0.05,0,1,69.0,1
304,2.87,-0.93,0,0,55.9,0
305,4.0,0.25,1,0,83.2,1
306,3.7,0.54,1,0,70.5,0
307,2.79,0.59,0,1,63.1,1
308,2.63,-0.34,1,1,58.1,1
309,2.77,0.03,0,1,58.1,0
310,3.76,-1.47,0,0,59.6,0
311,2.85,1.15,0,1,73.8,1
312,2.56,0.96,0,1,72.4,1
313,3.18,0.48,1,1,68.8,1
314,3.29,0.63,1,1,89.3,1
315,2.19,0.83,0,1,60.3,0
316,3.41,0.52,0,0,74.3,0
317,3.17,0.78,0,0,65.0,0
318,2.94,1.55,0,1,75.4,1
319,2.5,-0.24,0,0,55.1,0
320,3.21,0.01,1,0,78.2,1
321,3.1,-0.44,0,0,49.2,0
322,3.41,-2.05,1,0,38.9,0
323,2.88,0.11,1,0,62.7,0
324,3.39,-0.17,0,1,79.9,1
325,2.29,-0.62,0,1,49.6,0
326,2.15,0.49,1,1,61.9,1
327,1.67,-2.43,0,0,32.1,0
328,2.51,-0.87,1,0,63.9,0
329,2.52,-1.92,1,0,48.7,0
330,2.14,-1.65,0,0,43.7,1
331,2.2,0.45,1,0,68.3,0
332,3.5,-1.12,0,0,63.2,0
333,2.67,0.89,1,1,73.9,1
334,2.64,1.81,1,1,81.6,1
335,2.78,1.03,1,1,63.6,0
336,3.98,1.81,0,1,86.2,1
337,3.43,-0.98,1,0,63.5,1
338,2.88,-0.41,1,0,55.7,0
339,3.36,-0.44,0,0,66.5,0
340,1.94,-0.85,1,1,61.5,0
341,2.0,-0.2,0,1,55.2,1
342,2.38,0.86,0,1,64.4,1
343,3.49,-0.06,1,1,83.2,1
344,3.94,0.03,1,1,81.9,1
345,2.67,-1.48,0,0,56.3,0
346,3.2,-1.15,1,0,51.1,0
347,3.42,-0.29,0,0,72.0,0
348,2.48,-0.83,0,0,53.9,0
349,3.05,-0.93,1,0,64.4,0
350,3.6,1.87,0,1,79.0,1
351,3.02,0.98,0,1,68.6,1
352,3.21,-0.85,0,0,58.8,0
353,1.6,0.22,0,1,55.3,0
354,2.97,0.72,0,1,62.3,1
355,3.75,-2.35,0,0,57.3,0
356,2.78,-0.31,0,0,67.6,1
357,3.38,-1.47,0,0,49.9,0
358,2.21,-0.57,1,0,55.4,0
359,3.38,0.54,0,1,82.7,1
360,3.77,0.55,0,0,72.3,1
361,2.67,-1.33,0,0,45.2,0
362,3.19,0.24,0,0,60.5,0
363,2.36,0.49,0,1,62.2,1
364,2.81,0.11,0,0,53.2,0
365,3.59,0.18,1,1,81.9,0
366,3.54,-0.47,1,0,71.6,1
367,3.64,0.17,0,0,73.4,0
368,2.74,-1.54,0,1,63.6,0
369,2.5,-0.67,0,0,63.4,1
370,3.35,2.12,1,1,90.3,1
371,2.8,-1.84,0,0,60.2,0
372,2.41,-1.07,0,0,47.1,0
373,3.29,-0.68,1,0,68.9,1
374,2.51,0.18,0,1,62.5,1
375,3.25,0.28,1,1,63.7,1
376,3.18,1.81,1,1,75.0,1
377,3.21,0.06,0,1,71.2,1
378,2.46,0.8,1,0,64.6,0
379,3.51,-0.66,0,0,63.8,1
380,2.94,-0.39,1,1,73.1,1
381,2.79,-0.76,1,0,64.6,1
382,3.11,-0.8,1,0,70.6,0
383,2.9,-1.07,0,0,46.8,0
384,2.25,-0.92,1,1,59.1,0
385,3.34,1.03,0,1,76.5,1
386,2.73,-0.08,1,1,57.6,1
387,2.9,-0.22,0,1,63.8,0
388,3.32,1.37,0,1,81.0,1
389,3.46,-3.0,0,0,59.7,0
390,2.18,-0.41,1,1,53.5,0
391,3.57,-1.59,0,0,63.0,0
392,3.14,1.82,0,1,80.5,1
393,3.75,-0.63,1,0,61.5,1
394,2.43,-0.27,0,0,57.6,0
395,2.83,1.11,0,1,73.4,1
396,3.0,0.89,0,1,75.3,1
397,2.58,0.76,1,0,52.8,0
398,2.48,0.57,1,1,59.0,1
399,2.94,0.11,1,1,71.6,1
400,3.5,-1.04,1,0,70.7,1
401,2.93,0.43,1,1,76.4,1
402,3.42,0.63,0,0,75.6,1
403,3.79,-0.19,0,0,71.1,1
404,2.77,0.12,0,0,60.2,0
405,3.55,0.65,1,0,79.2,1
406,2.87,0.54,1,1,84.2,1
407,2.9,-2.05,1,0,60.0,0
408,3.02,-0.01,0,0,54.5,1
409,2.78,-0.44,1,0,64.9,1
410,3.66,-0.7,1,0,61.3,0
411,3.62,0.04,0,1,78.8,1
412,3.76,-1.08,0,0,75.5,1
413,3.27,-0.5,0,0,60.3,0
414,2.85,0.19,0,1,75.6,1
415,2.37,-0.42,0,1,50.0,0
416,2.66,-0.74,0,0,68.0,0
417,2.85,0.61,0,1,77.4,1
418,3.83,-1.6,1,0,64.1,0
419,3.46,1.27,0,1,79.6,1
420,3.31,-0.91,0,1,61.0,1
421,2.52,1.08,0,0,71.1,0
422,4.0,-0.21,0,0,75.3,1
423,2.95,-0.17,0,1,66.5,1
424,2.78,-0.33,0,0,67.3,0
425,2.26,0.72,1,1,62.9,1
426,3.8,1.13,0,1,80.7,1
427,3.77,-2.29,1,0,45.0,0
428,3.09,-0.56,0,0,50.7,0
429,2.99,1.11,1,1,72.0,1
430,2.62,-1.36,0,0,50.7,0
431,3.46,-1.13,0,0,58.8,0
432,2.98,-0.32,1,1,66.8,1
433,2.79,-0.87,1,0,63.0,0
434,3.51,0.11,0,0,72.5,1
435,3.16,0.78,1,1,66.0,0
436,2.88,-0.58,1,0,50.9,0
437,2.66,0.22,0,0,63.4,0
438,3.03,-0.27,1,0,48.7,1
439,2.23,1.16,1,1,70.4,1
440,3.45,-0.2,0,1,75.4,1
441,1.92,-0.16,1,1,53.4,0
442,3.43,0.19,1,0,72.4,1
443,2.32,-0.93,1,0,50.5,0
444,3.22,0.57,0,0,66.4,1
445,3.79,0.89,1,1,89.7,1
446,3.89,0.17,0,1,73.3,1
447,2.93,-1.55,0,0,59.2,0
448,2.8,-0.24,0,1,67.2,0
449,3.22,-0.28,0,0,54.4,0
450,2.74,-1.14,0,0,52.4,0
451,2.69,0.21,0,1,74.8,1
452,3.53,-1.62,1,0,54.1,0
453,1.99,0.17,1,1,64.2,1
454,1.98,0.37,0,1,61.8,1
455,1.72,-1.54,1,0,44.9,0
456,4.0,-0.63,0,0,76.4,1
457,2.83,-1.21,0,0,61.8,0
458,2.67,-1.08,0,0,43.9,0
459,3.15,-0.52,0,0,63.2,1
460,3.28,-1.19,0,0,62.6,0
461,3.29,-1.19,0,0,63.9,1
462,2.97,0.2,1,0,74.1,1
463,2.93,0.95,0,1,76.5,1
464,2.5,1.75,1,0,62.3,1
465,3.26,0.58,0,1,65.6,1
466,3.07,-1.14,0,0,66.5,0
467,2.64,1.03,1,1,67.7,1
468,3.37,-0.1,0,0,73.2,0
469,2.63,-0.09,0,0,56.7,0
470,3.08,0.43,0,0,67.9,1
471,3.19,-0.07,0,0,62.9,0
472,2.92,-0.78,1,0,60.6,0
473,2.61,-0.16,0,0,49.1,1
474,2.29,-0.32,0,0,60.5,0
475,2.65,1.53,0,1,71.9,1
476,3.67,-0.72,1,0,64.1,0
477,2.75,0.5,0,1,63.7,1
478,3.13,2.16,1,1,77.9,0
479,3.19,2.05,0,1,86.2,1
480,3.19,0.15,0,1,67.1,0
481,3.25,-0.01,1,0,51.5,0
482,3.23,0.95,1,1,92.8,1
483,4.0,0.17,1,0,66.1,0
484,3.44,0.25,0,0,68.3,0
485,3.42,0.58,0,1,81.9,0
486,3.1,0.59,1,1,67.9,1
487,2.94,-1.06,0,1,59.2,1
488,2.49,-0.02,0,0,51.7,0
489,3.53,0.74,1,0,73.0,1
490,2.23,-0.74,1,0,42.7,0
491,2.89,-1.46,0,0,49.8,0
492,3.19,1.99,0,1,78.5,1
493,3.24,2.5,0,1,104.7,1
494,3.26,-2.12,0,0,54.0,0
495,3.41,-0.26,0,0,57.3,0
496,3.56,0.86,1,1,87.2,1
497,3.09,-2.1,0,0,46.4,0
498,2.72,-0.65,0,0,61.5,1
499,2.6,1.79,0,1,66.6,0
500,3.02,-1.56,1,0,47.4,0
501,2.64,-0.77,0,0,47.1,0
502,2.57,-0.38,1,1,64.5,1
503,3.01,-1.13,0,0,60.9,0
504,3.02,-1.1,1,1,54.5,0
505,3.34,0.47,1,1,72.4,1
506,3.09,0.69,0,1,62.6,0
507,3.11,-1.09,0,0,60.0,0
508,3.16,-1.58,1,0,70.2,0
509,3.45,0.97,1,1,77.6,1
510,2.77,-1.47,0,0,44.5,0
511,3.16,-0.25,0,1,61.6,0
512,2.14,0.0,0,1,55.3,1
513,2.88,1.17,1,1,67.9,1
514,2.8,-0.0,1,0,72.2,0
515,3.34,1.11,0,1,78.9,1
516,3.25,-0.88,0,1,66.0,1
517,2.73,-0.45,0,0,48.5,0
518,2.07,-0.06,1,0,43.7,0
519,2.76,1.66,0,1,78.0,1
520,3.48,0.96,1,0,94.5,1
521,2.9,-1.25,0,1,62.2,0
522,2.71,-0.15,0,1,69.0,0
523,3.52,1.18,1,1,76.9,1
524,2.06,-0.5,1,0,44.4,0
525,2.7,0.62,1,0,59.5,0
526,1.81,0.26,0,1,46.3,0
527,2.52,-0.8,1,0,59.1,0
528,2.95,0.14,1,1,74.2,1
529,3.11,0.77,0,0,74.9,1
530,3.25,0.64,1,1,74.9,1
531,3.41,0.4,0,1,81.1,1
532,2.54,-0.17,0,0,59.9,0
533,2.82,0.05,1,0,67.3,0
534,1.58,-0.01,0,0,44.3,0
535,2.76,-0.28,1,0,57.7,0
536,3.16,1.31,0,1,78.1,1
537,2.82,1.48,1,1,71.9,1
538,2.46,-0.76,0,0,62.1,0
539,2.61,0.09,1,0,62.4,0
540,2.63,-1.1,0,0,55.7,0
541,2.85,-1.48,1,0,56.6,0
542,2.62,0.34,1,1,69.8,1
543,2.76,-0.52,1,0,59.6,1
544,2.43,-0.02,0,1,54.7,1
545,4.0,-0.15,0,0,76.9,0
546,3.02,1.05,1,1,72.9,0
547,3.9,1.05,1,1,102.1,1
548,2.46,-0.39,1,1,55.6,0
549,3.46,-0.75,1,0,60.6,1
550,2.6,0.2,0,1,61.6,0
551,3.1,-0.05,0,1,73.0,1
552,3.28,-0.16,1,0,72.7,1
553,2.55,1.49,1,1,66.2,0
554,3.66,0.1,1,1,74.5,1
555,3.09,0.79,1,1,87.6,1
556,2.74,-1.08,0,0,54.4,0
557,3.59,-0.18,0,0,69.3,1
558,2.99,-0.83,1,0,59.1,0
559,3.05,-1.37,0,0,51.9,0
560,2.61,-1.93,0,0,42.2,0
561,2.91,-0.13,1,0,69.5,1
562,3.2,1.3,0,1,74.8,1
563,2.11,-0.67,1,1,64.7,1
564,2.88,-2.1,1,0,43.7,0
565,3.95,-1.26,1,0,67.2,0
566,2.64,-0.8,1,0,52.4,0
567,1.89,-2.77,1,0,32.8,0
568,2.64,-2.54,0,0,50.7,0
569,2.09,0.01,0,1,54.9,1
570,3.04,0.71,0,1,71.3,1
571,3.2,-1.53,1,0,47.5,1
572,3.4,-0.52,1,0,60.5,0
573,3.39,-0.53,1,0,53.2,0
574,3.6,1.92,1,1,87.1,1
575,3.41,-1.51,1,1,68.8,1
576,2.43,0.89,0,1,53.0,0
577,2.68,0.34,0,0,57.9,0
578,2.73,1.61,1,1,72.1,1
579,4.0,-0.93,0,0,56.5,0
580,3.39,-1.25,0,0,51.0,0
581,2.74,0.52,0,1,81.9,1
582,3.23,-0.8,0,1,78.1,1
583,3.21,-0.81,1,0,61.9,0
584,2.42,0.62,1,1,60.4,0
585,3.06,-0.8,1,0,61.2,0
586,3.57,0.21,0,1,91.2,1
587,2.72,0.87,1,1,75.9,1
588,1.98,0.9,0,1,65.7,1
589,2.03,-0.66,1,1,64.6,0
590,3.0,-0.7,0,0,49.4,0
591,3.38,-0.61,0,0,53.1,0
592,3.32,0.89,0,0,61.6,0
593,2.95,1.43,1,1,74.7,1
594,3.47,0.08,0,1,68.2,1
595,3.31,0.8,1,1,77.4,1
596,3.08,2.31,0,1,76.6,1
597,2.0,-1.16,0,1,33.8,0
598,3.04,0.59,1,1,75.2,1
599,3.0,1.48,0,1,74.0,0
600,3.19,-0.33,1,0,71.7,1
601,3.05,-2.08,1,0,57.4,0
602,2.96,-1.07,0,0,51.7,0
603,2.49,0.1,0,1,59.3,1
604,2.65,-0.26,1,1,69.2,1
605,2.99,1.18,1,1,69.5,1
606,3.1,0.53,1,1,74.7,1
607,2.51,-0.28,1,1,62.3,1
608,3.13,0.45,0,0,66.0,0
609,2.86,0.78,1,1,77.2,1
610,2.26,-0.36,1,0,48.3,0
611,2.87,0.51,1,1,75.0,1
612,2.51,-1.71,0,1,55.2,1
613,3.34,0.75,0,1,77.6,1
614,3.77,0.31,0,0,71.9,1
615,3.06,-1.28,1,0,62.4,1
616,3.59,2.0,0,1,89.0,1
617,3.01,0.81,0,0,70.9,0
618,2.75,0.62,0,1,82.3,1
619,2.71,-1.61,1,0,58.5,0
620,3.43,-0.63,1,0,71.3,0
621,2.38,0.14,1,1,71.8,1
622,3.42,0.1,0,1,77.5,1
623,3.62,-1.39,1,1,73.2,1
624,3.17,0.91,0,1,67.4,0
625,3.16,-0.07,0,0,59.2,0
626,2.15,-0.18,1,1,62.0,0
627,2.34,1.4,0,1,60.9,0
628,3.52,0.95,0,0,74.6,0
629,2.8,-0.84,0,0,43.7,0
630,2.78,0.26,0,1,62.8,0
631,2.76,-0.6,0,0,55.1,0
632,2.91,2.97,0,1,79.6,1
633,3.07,-0.11,0,0,62.1,0
634,2.17,-1.0,1,0,52.1,1
635,2.7,0.74,0,1,72.2,1
636,2.78,-0.45,0,0,52.8,1
637,2.77,0.17,1,1,71.5,1
638,2.26,-0.75,1,0,63.1,1
639,2.46,0.96,1,1,69.2,1
640,2.62,-1.0,0,0,43.1,0
641,3.4,-1.03,0,0,68.6,0
642,3.01,1.02,1,1,68.1,1
643,2.62,1.02,1,1,73.2,1
644,2.4,0.69,0,0,34.8,0
645,3.29,-0.73,0,0,60.7,0
646,3.39,0.2,0,0,63.4,1
647,3.88,-1.81,0,0,67.8,0
648,2.27,-0.91,0,0,49.5,0
649,3.48,-0.86,1,0,57.9,1
650,2.21,0.54,0,0,55.5,0
651,2.29,-1.38,0,0,52.7,0
652,3.89,0.11,0,1,69.5,0
653,2.81,0.52,1,0,53.9,0
654,1.92,-1.37,0,0,41.6,0
655,3.58,0.67,0,0,75.1,1
656,3.14,0.41,1,1,65.7,1
657,2.06,0.55,1,1,64.4,1
658,3.61,0.46,1,1,77.2,1
659,2.77,1.0,0,0,62.7,0
660,3.89,0.35,0,0,71.7,1
661,3.87,-1.01,0,1,75.2,1
662,2.54,-0.16,0,1,62.4,1
663,3.24,-0.68,1,1,82.5,1
664,3.36,-0.66,0,1,59.2,1
665,3.22,-0.53,0,0,59.2,0
666,2.65,-0.11,0,1,64.7,0
667,3.57,0.99,1,1,88.0,1
668,2.45,1.14,0,1,80.0,1
669,3.46,0.32,0,1,68.1,1
670,3.49,-0.82,1,0,67.4,0
671,1.7,0.1,0,1,53.5,0
672,2.62,1.23,0,1,78.6,1
673,2.88,1.13,0,1,76.5,1
674,3.48,0.33,1,0,60.3,0
675,2.46,-1.24,1,1,68.1,1
676,3.54,-1.36,0,0,55.5,0
677,2.84,0.63,1,1,68.4,1
678,3.37,0.4,0,0,70.0,0
679,3.15,2.57,0,1,81.7,1
680,2.98,-0.19,1,1,66.2,1
681,2.58,-0.45,0,0,60.9,0
682,2.99,-1.24,0,1,68.7,1
683,2.44,-0.37,1,0,53.6,0
684,3.94,-0.38,1,0,67.7,0
685,3.44,0.57,1,0,72.1,1
686,2.93,0.67,0,0,55.4,0
687,2.51,1.27,1,1,78.6,1
688,2.38,0.37,0,0,56.2,0
689,2.96,0.41,0,0,72.1,0
690,1.78,-1.16,0,1,53.7,0
691,3.15,1.16,0,1,80.9,1
692,3.4,-1.07,0,1,63.2,1
693,3.75,0.55,0,1,78.0,1
694,4.0,1.11,0,1,87.0,1
695,3.03,-1.34,1,1,65.1,1
696,3.28,0.83,0,0,47.6,0
697,2.63,-1.43,1,0,49.1,0
698,2.71,-0.45,1,1,70.2,1
699,2.77,-0.37,1,0,60.5,0
700,2.95,1.09,0,1,67.6,1
701,3.68,1.2,0,0,70.1,1
702,3.19,1.47,0,1,67.1,1
703,2.71,-1.3,1,1,64.3,1
704,2.31,0.18,0,1,53.9,0
705,3.21,-1.56,0,0,53.5,0
706,1.96,0.27,1,1,63.4,0
707,4.0,-1.18,1,0,69.3,1
708,3.33,0.58,1,0,77.6,1
709,2.18,-0.29,1,0,45.8,0
710,2.2,0.6,0,0,61.7,0
711,2.52,-0.94,0,0,52.6,0
712,2.79,-0.44,0,0,57.3,0
713,2.09,-0.8,0,1,54.8,1
714,3.2,-0.71,1,1,74.0,1
715,3.7,1.06,1,0,75.2,1
716,2.93,1.2,0,1,65.6,0
717,2.47,1.06,0,1,73.0,1
718,2.33,-1.3,0,0,42.8,0
719,2.94,0.21,1,1,75.6,1
720,3.01,-0.07,0,1,66.9,1
721,3.44,0.21,0,0,58.1,0
722,2.8,-0.93,1,1,69.1,1
723,2.94,-0.76,0,0,61.4,1
724,3.71,-0.56,0,0,61.6,0
725,2.66,2.22,0,1,82.8,1
726,2.66,-0.62,0,0,52.8,1
727,2.97,-1.35,0,0,61.3,0
728,3.04,-0.62,0,1,55.9,0
729,3.45,-0.4,0,0,69.9,0
730,2.43,0.58,1,0,57.7,0
731,2.93,0.19,0,0,64.4,1
732,3.7,0.34,1,1,82.0,1
733,4.0,1.04,0,0,88.2,1
734,2.91,0.57,1,1,82.6,1
735,3.72,-0.19,1,0,70.4,1
736,2.95,-1.31,0,0,50.1,0
737,2.09,-0.73,1,0,43.8,0
738,2.79,-1.06,0,0,53.3,0
739,4.0,-0.01,1,1,84.4,1
740,2.28,0.37,0,1,57.5,1
741,3.06,-1.4,1,0,58.1,0
742,2.15,0.66,1,1,81.0,1
743,3.4,-0.27,0,1,69.1,1
744,1.81,-0.62,0,0,44.9,0
745,3.07,0.24,0,1,76.0,1
746,2.75,0.25,0,1,60.5,1
747,2.95,0.09,1,0,76.6,0
748,2.95,0.47,1,0,67.5,1
749,3.65,0.02,0,0,76.4,1
750,2.84,1.31,0,0,60.7,0
751,2.82,0.6,0,1,69.9,1
752,3.89,0.61,1,0,77.5,1
753,2.54,-0.02,0,0,61.8,0
754,2.93,1.35,0,1,85.4,1
755,3.02,0.85,1,1,85.7,1
756,3.18,-1.57,0,1,56.4,0
757,2.79,-0.59,0,0,48.6,0
758,3.83,2.0,0,0,78.2,1
759,2.94,1.09,0,1,81.5,1
760,3.89,1.8,1,0,89.8,1
761,3.86,1.83,0,1,82.5,1
762,2.88,0.84,0,1,79.7,1
763,2.89,0.18,1,1,57.4,0
764,3.86,-0.08,0,1,67.0,1
765,3.01,0.3,1,0,67.7,0
766,2.74,0.76,1,1,66.3,1
767,3.02,0.61,0,1,77.1,1
768,3.56,-2.09,0,0,47.6,0
769,2.6,1.0,0,0,66.5,0
770,2.52,-0.7,1,1,52.7,0
771,3.24,0.46,1,1,85.3,1
772,3.44,0.39,0,0,61.7,0
773,3.48,0.27,0,0,64.0,0
774,3.58,-0.74,0,0,61.5,0
775,3.4,-1.86,0,0,41.3,0
776,2.16,-1.38,0,0,37.9,0
777,2.53,-0.07,0,1,53.2,0
778,3.07,-0.71,0,0,59.9,0
779,3.21,-0.47,0,0,63.7,0
780,3.16,-0.57,1,1,70.2,0
781,2.27,-0.16,0,1,56.2,1
782,3.13,0.69,1,1,75.2,1
783,2.64,0.01,1,1,63.1,0
784,2.74,0.54,1,0,65.7,1
785,2.89,-0.66,1,0,64.3,0
786,2.22,-1.05,1,0,50.1,1
787,3.47,0.41,1,1,81.9,1
788,2.71,1.35,0,0,56.2,0
789,2.91,1.35,1,1,82.4,1
790,2.59,0.73,0,1,69.8,1
791,2.99,0.14,0,0,47.3,0
792,2.67,0.22,0,0,64.9,1
793,2.93,-1.33,0,1,59.1,1
794,3.58,-0.17,0,0,65.1,0
795,2.71,0.48,1,1,70.2,1
796,2.09,0.63,0,1,61.2,1
797,2.89,-1.77,0,0,38.1,0
798,3.19,-0.97,1,0,60.7,1
799,3.07,1.84,0,1,83.1,1
800,2.9,-0.3,1,0,61.4,0
